{"type": "FeatureCollection", "features": [{"type": "Feature", "geometry": {"type": "Polygon", "coordinates": [[[85.3034325, 28.183623], [85.3036436, 28.1836555], [85.3036608, 28.1835685], [85.3034497, 28.183536], [85.3034325, 28.183623]]]}, "properties": {"building": "yes", "osm_id": "way/341394102", "status": "hit", "affected_frac": 0.5}}, {"type": "Feature", "geometry": {"type": "Polygon", "coordinates": [[[85.3033773, 28.1837394], [85.3035657, 28.1837651], [85.3035827, 28.1836688], [85.3033943, 28.183643], [85.3033773, 28.1837394]]]}, "properties": {"building": "yes", "osm_id": "way/341394108", "status": "hit", "affected_frac": 0.67}}, {"type": "Feature", "geometry": {"type": "Polygon", "coordinates": [[[85.3002834, 28.184641], [85.3003832, 28.1846237], [85.3003707, 28.184568], [85.3002709, 28.1845853], [85.3002834, 28.184641]]]}, "properties": {"building": "yes", "osm_id": "way/341394119", "status": "possibly hit", "affected_frac": 0.0}}, {"type": "Feature", "geometry": {"type": "Polygon", "coordinates": [[[85.2999373, 28.185001], [85.29998, 28.1849594], [85.2999255, 28.1849159], [85.2998828, 28.1849574], [85.2999373, 28.185001]]]}, "properties": {"building": "yes", "osm_id": "way/341394141", "status": "possibly hit", "affected_frac": 0.0}}, {"type": "Feature", "geometry": {"type": "Polygon", "coordinates": [[[85.3008015, 28.1850592], [85.3008782, 28.1849995], [85.3007797, 28.1849012], [85.300703, 28.1849608], [85.3008015, 28.1850592]]]}, "properties": {"building": "yes", "osm_id": "way/341394158", "status": "hit", "affected_frac": 1.0}}, {"type": "Feature", "geometry": {"type": "Polygon", "coordinates": [[[85.3016531, 28.1831481], [85.301722, 28.1831036], [85.3016695, 28.1830405], [85.3016006, 28.1830851], [85.3016531, 28.1831481]]]}, "properties": {"building": "yes", "osm_id": "way/341394175", "status": "possibly hit", "affected_frac": 0.0}}, {"type": "Feature", "geometry": {"type": "Polygon", "coordinates": [[[85.3017396, 28.1830766], [85.3018238, 28.1830145], [85.3017821, 28.1829705], [85.3016978, 28.1830326], [85.3017396, 28.1830766]]]}, "properties": {"building": "yes", "osm_id": "way/341394186", "status": "possibly hit", "affected_frac": 0.0}}, {"type": "Feature", "geometry": {"type": "Polygon", "coordinates": [[[85.3018774, 28.1829996], [85.3019831, 28.1829321], [85.3019344, 28.1828729], [85.3018287, 28.1829404], [85.3018774, 28.1829996]]]}, "properties": {"building": "yes", "osm_id": "way/341394190", "status": "possibly hit", "affected_frac": 0.4}}, {"type": "Feature", "geometry": {"type": "Polygon", "coordinates": [[[85.3010527, 28.1849112], [85.3011381, 28.1848559], [85.3010781, 28.1847839], [85.3009926, 28.1848393], [85.3010527, 28.1849112]]]}, "properties": {"building": "yes", "osm_id": "way/341394201", "status": "hit", "affected_frac": 1.0}}, {"type": "Feature", "geometry": {"type": "Polygon", "coordinates": [[[85.299946, 28.1859497], [85.3000065, 28.1858134], [85.2999528, 28.1857891], [85.2998877, 28.1859295], [85.299946, 28.1859497]]]}, "properties": {"building": "yes", "osm_id": "way/341394261", "status": "hit", "affected_frac": 1.0}}, {"type": "Feature", "geometry": {"type": "Polygon", "coordinates": [[[85.3037734, 28.1834298], [85.3038818, 28.1833569], [85.3037485, 28.183203], [85.3036401, 28.1832759], [85.3037734, 28.1834298]]]}, "properties": {"building": "yes", "osm_id": "way/341394270", "status": "possibly hit", "affected_frac": 0.4}}, {"type": "Feature", "geometry": {"type": "Polygon", "coordinates": [[[85.301614, 28.1829794], [85.3016807, 28.1829475], [85.3015965, 28.1828105], [85.3015298, 28.1828424], [85.301614, 28.1829794]]]}, "properties": {"building": "yes", "osm_id": "way/341394274", "status": "possibly hit", "affected_frac": 0.0}}, {"type": "Feature", "geometry": {"type": "Polygon", "coordinates": [[[85.3188042, 28.1805744], [85.3188703, 28.1805831], [85.318879, 28.1805317], [85.3188129, 28.1805231], [85.3188042, 28.1805744]]]}, "properties": {"building": "yes", "osm_id": "way/341395128", "status": "hit", "affected_frac": 1.0}}, {"type": "Feature", "geometry": {"type": "Polygon", "coordinates": [[[85.318743, 28.1805218], [85.3187889, 28.1804988], [85.3187636, 28.1804597], [85.3187177, 28.1804828], [85.318743, 28.1805218]]]}, "properties": {"building": "yes", "osm_id": "way/341395129", "status": "hit", "affected_frac": 0.5}}, {"type": "Feature", "geometry": {"type": "Polygon", "coordinates": [[[85.3176878, 28.1805447], [85.3178669, 28.1805319], [85.3178582, 28.1804373], [85.3176791, 28.1804501], [85.3176878, 28.1805447]]]}, "properties": {"building": "yes", "osm_id": "way/341395131", "status": "hit", "affected_frac": 0.5}}, {"type": "Feature", "geometry": {"type": "Polygon", "coordinates": [[[85.3176296, 28.1806743], [85.3177643, 28.1806661], [85.3177591, 28.1806006], [85.3176245, 28.1806089], [85.3176296, 28.1806743]]]}, "properties": {"building": "yes", "osm_id": "way/341395133", "status": "hit", "affected_frac": 1.0}}, {"type": "Feature", "geometry": {"type": "Polygon", "coordinates": [[[85.3181044, 28.1805016], [85.3180988, 28.1805776], [85.3181891, 28.1805827], [85.3181946, 28.1805066], [85.3181044, 28.1805016]]]}, "properties": {"building": "yes", "osm_id": "way/341395134", "status": "hit", "affected_frac": 0.5}}, {"type": "Feature", "geometry": {"type": "Polygon", "coordinates": [[[85.3177873, 28.180646], [85.3178516, 28.1806421], [85.3178475, 28.1805899], [85.3177832, 28.1805938], [85.3177873, 28.180646]]]}, "properties": {"building": "yes", "osm_id": "way/341395135", "status": "hit", "affected_frac": 1.0}}, {"type": "Feature", "geometry": {"type": "Polygon", "coordinates": [[[85.3174979, 28.1807121], [85.3175806, 28.1806932], [85.3175588, 28.1806193], [85.3174761, 28.1806382], [85.3174979, 28.1807121]]]}, "properties": {"building": "yes", "osm_id": "way/341395136", "status": "hit", "affected_frac": 1.0}}, {"type": "Feature", "geometry": {"type": "Polygon", "coordinates": [[[85.3185837, 28.1805528], [85.3186681, 28.1805576], [85.3186753, 28.1804578], [85.3185909, 28.180453], [85.3185837, 28.1805528]]]}, "properties": {"building": "yes", "osm_id": "way/341395137", "status": "possibly hit", "affected_frac": 0.25}}, {"type": "Feature", "geometry": {"type": "Polygon", "coordinates": [[[85.3504331, 28.1948856], [85.3504542, 28.194933], [85.3504921, 28.1949199], [85.350471, 28.1948725], [85.3504331, 28.1948856]]]}, "properties": {"building": "yes", "osm_id": "way/342039361", "status": "hit", "affected_frac": 1.0}}, {"type": "Feature", "geometry": {"type": "Polygon", "coordinates": [[[85.3503025, 28.1947053], [85.3503342, 28.1947705], [85.3503767, 28.1947544], [85.350345, 28.1946892], [85.3503025, 28.1947053]]]}, "properties": {"building": "yes", "osm_id": "way/342039381", "status": "hit", "affected_frac": 1.0}}, {"type": "Feature", "geometry": {"type": "Polygon", "coordinates": [[[85.3506799, 28.1948077], [85.3507097, 28.1948509], [85.3507442, 28.1948324], [85.3507144, 28.1947893], [85.3506799, 28.1948077]]]}, "properties": {"building": "yes", "osm_id": "way/342039394", "status": "hit", "affected_frac": 1.0}}, {"type": "Feature", "geometry": {"type": "Polygon", "coordinates": [[[85.3141088, 28.1810823], [85.3141593, 28.1810504], [85.3141155, 28.1809964], [85.314065, 28.1810282], [85.3141088, 28.1810823]]]}, "properties": {"building": "yes", "osm_id": "way/342444845", "status": "hit", "affected_frac": 1.0}}, {"type": "Feature", "geometry": {"type": "Polygon", "coordinates": [[[85.3428991, 28.1645687], [85.3429373, 28.1646096], [85.3430376, 28.1645368], [85.3429994, 28.1644959], [85.3428991, 28.1645687]]]}, "properties": {"building": "yes", "osm_id": "way/344279061", "status": "hit", "affected_frac": 1.0}}, {"type": "Feature", "geometry": {"type": "Polygon", "coordinates": [[[85.343144, 28.1642491], [85.3431868, 28.1642948], [85.3432308, 28.1642627], [85.343188, 28.164217], [85.343144, 28.1642491]]]}, "properties": {"building": "yes", "osm_id": "way/344279066", "status": "hit", "affected_frac": 1.0}}, {"type": "Feature", "geometry": {"type": "Polygon", "coordinates": [[[85.3436269, 28.1642998], [85.3436628, 28.1643378], [85.3437175, 28.1642977], [85.3436815, 28.1642596], [85.3436269, 28.1642998]]]}, "properties": {"building": "yes", "osm_id": "way/344279067", "status": "hit", "affected_frac": 1.0}}, {"type": "Feature", "geometry": {"type": "Polygon", "coordinates": [[[85.3435293, 28.1640642], [85.3435542, 28.1640887], [85.3436255, 28.1640325], [85.3436007, 28.164008], [85.3435293, 28.1640642]]]}, "properties": {"building": "yes", "osm_id": "way/344279068", "status": "hit", "affected_frac": 1.0}}, {"type": "Feature", "geometry": {"type": "Polygon", "coordinates": [[[85.3435024, 28.164269], [85.3435382, 28.1642877], [85.3435579, 28.1642583], [85.3435221, 28.1642396], [85.3435024, 28.164269]]]}, "properties": {"building": "yes", "osm_id": "way/344279069", "status": "hit", "affected_frac": 1.0}}, {"type": "Feature", "geometry": {"type": "Polygon", "coordinates": [[[85.3430044, 28.164594], [85.3430456, 28.1646239], [85.3430881, 28.1645784], [85.3430469, 28.1645485], [85.3430044, 28.164594]]]}, "properties": {"building": "yes", "osm_id": "way/344279070", "status": "hit", "affected_frac": 1.0}}, {"type": "Feature", "geometry": {"type": "Polygon", "coordinates": [[[85.3424853, 28.1647842], [85.3424516, 28.1648344], [85.3425593, 28.1648906], [85.342593, 28.1648404], [85.3424853, 28.1647842]]]}, "properties": {"building": "yes", "osm_id": "way/344279072", "status": "hit", "affected_frac": 1.0}}, {"type": "Feature", "geometry": {"type": "Polygon", "coordinates": [[[85.3436537, 28.1640824], [85.343684, 28.164053], [85.3436516, 28.164027], [85.3436213, 28.1640564], [85.3436537, 28.1640824]]]}, "properties": {"building": "yes", "osm_id": "way/344279073", "status": "hit", "affected_frac": 1.0}}, {"type": "Feature", "geometry": {"type": "Polygon", "coordinates": [[[85.3433204, 28.1640839], [85.3433654, 28.1641248], [85.343417, 28.1640806], [85.343372, 28.1640397], [85.3433204, 28.1640839]]]}, "properties": {"building": "yes", "osm_id": "way/344279075", "status": "hit", "affected_frac": 0.5}}, {"type": "Feature", "geometry": {"type": "Polygon", "coordinates": [[[85.3430625, 28.1643183], [85.3431063, 28.1643603], [85.3431806, 28.1643002], [85.3431368, 28.1642581], [85.3430625, 28.1643183]]]}, "properties": {"building": "yes", "osm_id": "way/344279076", "status": "hit", "affected_frac": 1.0}}, {"type": "Feature", "geometry": {"type": "Polygon", "coordinates": [[[85.3428482, 28.1647621], [85.3428965, 28.1647532], [85.3428783, 28.1646769], [85.34283, 28.1646859], [85.3428482, 28.1647621]]]}, "properties": {"building": "yes", "osm_id": "way/344279077", "status": "hit", "affected_frac": 1.0}}, {"type": "Feature", "geometry": {"type": "Polygon", "coordinates": [[[85.3433189, 28.1645006], [85.3432789, 28.1645606], [85.3433252, 28.1645846], [85.3433652, 28.1645246], [85.3433189, 28.1645006]]]}, "properties": {"building": "yes", "osm_id": "way/344279078", "status": "hit", "affected_frac": 1.0}}, {"type": "Feature", "geometry": {"type": "Polygon", "coordinates": [[[85.3424765, 28.1647174], [85.3425334, 28.1646697], [85.3424727, 28.1646135], [85.3424158, 28.1646612], [85.3424765, 28.1647174]]]}, "properties": {"building": "yes", "osm_id": "way/344279079", "status": "hit", "affected_frac": 1.0}}, {"type": "Feature", "geometry": {"type": "Polygon", "coordinates": [[[85.3426582, 28.1648104], [85.3427134, 28.1648203], [85.3427376, 28.1647163], [85.3426471, 28.1647], [85.3426389, 28.1647355], [85.3426742, 28.1647418], [85.3426582, 28.1648104]]]}, "properties": {"building": "yes", "osm_id": "way/344279081", "status": "hit", "affected_frac": 1.0}}, {"type": "Feature", "geometry": {"type": "Polygon", "coordinates": [[[85.3432139, 28.1641824], [85.3432565, 28.164224], [85.3433354, 28.1641611], [85.3432928, 28.1641195], [85.3432139, 28.1641824]]]}, "properties": {"building": "yes", "osm_id": "way/344279082", "status": "hit", "affected_frac": 1.0}}, {"type": "Feature", "geometry": {"type": "Polygon", "coordinates": [[[85.3432063, 28.1646532], [85.3432286, 28.1646184], [85.3431376, 28.164573], [85.3431153, 28.1646077], [85.3432063, 28.1646532]]]}, "properties": {"building": "yes", "osm_id": "way/344279083", "status": "hit", "affected_frac": 1.0}}, {"type": "Feature", "geometry": {"type": "Polygon", "coordinates": [[[85.3425569, 28.1647789], [85.3426115, 28.1647319], [85.3425478, 28.1646744], [85.3424932, 28.1647214], [85.3425569, 28.1647789]]]}, "properties": {"building": "yes", "osm_id": "way/344279086", "status": "hit", "affected_frac": 1.0}}, {"type": "Feature", "geometry": {"type": "Polygon", "coordinates": [[[85.3432917, 28.1644005], [85.3432247, 28.1643552], [85.3431939, 28.1643906], [85.3432608, 28.1644359], [85.3432917, 28.1644005]]]}, "properties": {"building": "yes", "osm_id": "way/344279088", "status": "hit", "affected_frac": 1.0}}, {"type": "Feature", "geometry": {"type": "Polygon", "coordinates": [[[85.3424689, 28.164597], [85.3424021, 28.1645328], [85.3423452, 28.1645788], [85.342412, 28.164643], [85.3424689, 28.164597]]]}, "properties": {"building": "yes", "osm_id": "way/344279090", "status": "hit", "affected_frac": 1.0}}, {"type": "Feature", "geometry": {"type": "Polygon", "coordinates": [[[85.343564, 28.1688286], [85.3436001, 28.1688254], [85.3435955, 28.1687853], [85.3435595, 28.1687885], [85.343564, 28.1688286]]]}, "properties": {"building": "yes", "osm_id": "way/344279091", "status": "possibly hit", "affected_frac": 0.0}}, {"type": "Feature", "geometry": {"type": "Polygon", "coordinates": [[[85.3434293, 28.1643041], [85.3433641, 28.1642372], [85.343313, 28.1642759], [85.3433783, 28.1643428], [85.3434293, 28.1643041]]]}, "properties": {"building": "yes", "osm_id": "way/344279092", "status": "hit", "affected_frac": 1.0}}, {"type": "Feature", "geometry": {"type": "Polygon", "coordinates": [[[85.3435938, 28.1642085], [85.3436145, 28.1642309], [85.343664, 28.1641954], [85.3436433, 28.164173], [85.3435938, 28.1642085]]]}, "properties": {"building": "yes", "osm_id": "way/344279093", "status": "hit", "affected_frac": 1.0}}, {"type": "Feature", "geometry": {"type": "Polygon", "coordinates": [[[85.3427357, 28.164296], [85.3427337, 28.1642341], [85.3426753, 28.1642356], [85.3426773, 28.1642975], [85.3427357, 28.164296]]]}, "properties": {"building": "yes", "osm_id": "way/344279095", "status": "hit", "affected_frac": 1.0}}, {"type": "Feature", "geometry": {"type": "Polygon", "coordinates": [[[85.3434703, 28.1641088], [85.3435175, 28.1641608], [85.343563, 28.1641287], [85.3435158, 28.1640767], [85.3434703, 28.1641088]]]}, "properties": {"building": "yes", "osm_id": "way/344279096", "status": "hit", "affected_frac": 1.0}}, {"type": "Feature", "geometry": {"type": "Polygon", "coordinates": [[[85.3433428, 28.1643308], [85.3432837, 28.164268], [85.3432278, 28.1643089], [85.343287, 28.1643717], [85.3433428, 28.1643308]]]}, "properties": {"building": "yes", "osm_id": "way/344279097", "status": "hit", "affected_frac": 1.0}}, {"type": "Feature", "geometry": {"type": "Polygon", "coordinates": [[[85.343005, 28.1644422], [85.3429739, 28.1644], [85.342932, 28.1644241], [85.3429631, 28.1644662], [85.343005, 28.1644422]]]}, "properties": {"building": "yes", "osm_id": "way/344279098", "status": "hit", "affected_frac": 1.0}}, {"type": "Feature", "geometry": {"type": "Polygon", "coordinates": [[[85.3437692, 28.1638814], [85.3437906, 28.1638949], [85.3438133, 28.1638668], [85.343792, 28.1638533], [85.3437692, 28.1638814]]]}, "properties": {"building": "yes", "osm_id": "way/344279100", "status": "hit", "affected_frac": 1.0}}, {"type": "Feature", "geometry": {"type": "Polygon", "coordinates": [[[85.3425933, 28.1644914], [85.3425235, 28.1644191], [85.3424737, 28.1644565], [85.3425435, 28.1645288], [85.3425933, 28.1644914]]]}, "properties": {"building": "yes", "osm_id": "way/344279102", "status": "hit", "affected_frac": 1.0}}, {"type": "Feature", "geometry": {"type": "Polygon", "coordinates": [[[85.3429833, 28.1643696], [85.3430306, 28.1644167], [85.3430973, 28.1643645], [85.34305, 28.1643175], [85.3429833, 28.1643696]]]}, "properties": {"building": "yes", "osm_id": "way/344279103", "status": "hit", "affected_frac": 1.0}}, {"type": "Feature", "geometry": {"type": "Polygon", "coordinates": [[[85.3433519, 28.1642038], [85.343403, 28.1642556], [85.3435062, 28.1641767], [85.3434551, 28.1641248], [85.3433519, 28.1642038]]]}, "properties": {"building": "yes", "osm_id": "way/344279104", "status": "hit", "affected_frac": 1.0}}, {"type": "Feature", "geometry": {"type": "Polygon", "coordinates": [[[85.3367334, 28.1624687], [85.3367978, 28.1624593], [85.3367817, 28.1623694], [85.3367227, 28.1623789], [85.3367334, 28.1624687]]]}, "properties": {"building": "yes", "osm_id": "way/474054895", "status": "hit", "affected_frac": 1.0}}, {"type": "Feature", "geometry": {"type": "Polygon", "coordinates": [[[85.3394084, 28.165107], [85.3389979, 28.1650217], [85.3390245, 28.1649225], [85.339435, 28.1650078], [85.3394084, 28.165107]]]}, "properties": {"building": "school", "osm_id": "way/474658300", "status": "possibly hit", "affected_frac": 0.25}}, {"type": "Feature", "geometry": {"type": "Polygon", "coordinates": [[[85.3407357, 28.1663278], [85.3407303, 28.1662729], [85.3409531, 28.1662559], [85.3409585, 28.1663107], [85.3407357, 28.1663278]]]}, "properties": {"building": "yes", "landuse": "military", "osm_id": "way/474658593", "status": "possibly hit", "affected_frac": 0.33}}, {"type": "Feature", "geometry": {"type": "Polygon", "coordinates": [[[85.3410725, 28.1662959], [85.3411023, 28.1663325], [85.3411565, 28.1662979], [85.3412174, 28.1663728], [85.3413329, 28.166299], [85.3412026, 28.1661389], [85.3410987, 28.1662052], [85.3411383, 28.1662539], [85.3410725, 28.1662959]]]}, "properties": {"building": "yes", "landuse": "military", "osm_id": "way/474658594", "status": "hit", "affected_frac": 1.0}}, {"type": "Feature", "geometry": {"type": "Polygon", "coordinates": [[[85.341741, 28.1655919], [85.3417833, 28.165625], [85.3418224, 28.1655862], [85.3417802, 28.1655531], [85.341741, 28.1655919]]]}, "properties": {"building": "yes", "osm_id": "way/507471921", "status": "hit", "affected_frac": 1.0}}, {"type": "Feature", "geometry": {"type": "Polygon", "coordinates": [[[85.3410215, 28.1650885], [85.3410986, 28.1651298], [85.3411638, 28.1650355], [85.3410867, 28.1649941], [85.3410215, 28.1650885]]]}, "properties": {"building": "yes", "osm_id": "way/507471923", "status": "hit", "affected_frac": 1.0}}, {"type": "Feature", "geometry": {"type": "Polygon", "coordinates": [[[85.3413859, 28.1651731], [85.3414764, 28.1652121], [85.3414995, 28.1651706], [85.3414089, 28.1651316], [85.3413859, 28.1651731]]]}, "properties": {"building": "yes", "osm_id": "way/507471924", "status": "hit", "affected_frac": 1.0}}, {"type": "Feature", "geometry": {"type": "Polygon", "coordinates": [[[85.3415132, 28.1653771], [85.3417021, 28.1654933], [85.3417567, 28.1654236], [85.3415678, 28.1653074], [85.3415132, 28.1653771]]]}, "properties": {"building": "yes", "osm_id": "way/507471926", "status": "hit", "affected_frac": 1.0}}, {"type": "Feature", "geometry": {"type": "Polygon", "coordinates": [[[85.341469, 28.1668569], [85.3415327, 28.1668333], [85.341484, 28.1667313], [85.341346, 28.1667824], [85.3413761, 28.1668455], [85.3414505, 28.166818], [85.341469, 28.1668569]]]}, "properties": {"building": "yes", "osm_id": "way/760438576", "status": "hit", "affected_frac": 1.0}}, {"type": "Feature", "geometry": {"type": "Polygon", "coordinates": [[[85.3416497, 28.1670327], [85.3416192, 28.1669633], [85.3415547, 28.1669853], [85.3415859, 28.1670566], [85.3415552, 28.1670671], [85.3415863, 28.1671379], [85.3416874, 28.1671035], [85.3416555, 28.1670307], [85.3416497, 28.1670327]]]}, "properties": {"building": "yes", "osm_id": "way/760438577", "status": "hit", "affected_frac": 1.0}}, {"type": "Feature", "geometry": {"type": "Polygon", "coordinates": [[[85.3411405, 28.1667496], [85.3412334, 28.1667026], [85.3411971, 28.166647], [85.3411043, 28.166694], [85.3411405, 28.1667496]]]}, "properties": {"building": "yes", "osm_id": "way/760438578", "status": "hit", "affected_frac": 1.0}}, {"type": "Feature", "geometry": {"type": "Polygon", "coordinates": [[[85.3417808, 28.166848], [85.3416628, 28.1665714], [85.3415835, 28.1665977], [85.3417015, 28.1668743], [85.3417808, 28.166848]]]}, "properties": {"building": "yes", "osm_id": "way/760438585", "status": "hit", "affected_frac": 1.0}}, {"type": "Feature", "geometry": {"type": "Polygon", "coordinates": [[[85.3415968, 28.1668501], [85.3416602, 28.1668249], [85.3415515, 28.1666121], [85.3414881, 28.1666372], [85.3415968, 28.1668501]]]}, "properties": {"building": "yes", "osm_id": "way/760438586", "status": "hit", "affected_frac": 1.0}}, {"type": "Feature", "geometry": {"type": "Polygon", "coordinates": [[[85.341901, 28.1666593], [85.3419844, 28.1666291], [85.3419415, 28.1665369], [85.341858, 28.1665671], [85.341901, 28.1666593]]]}, "properties": {"building": "yes", "osm_id": "way/760438587", "status": "hit", "affected_frac": 1.0}}, {"type": "Feature", "geometry": {"type": "Polygon", "coordinates": [[[85.3419753, 28.1669438], [85.3420592, 28.1669203], [85.3420216, 28.1668162], [85.3419377, 28.1668398], [85.3419753, 28.1669438]]]}, "properties": {"building": "yes", "osm_id": "way/760438588", "status": "hit", "affected_frac": 1.0}}, {"type": "Feature", "geometry": {"type": "Polygon", "coordinates": [[[85.3418009, 28.1668445], [85.341898, 28.1668132], [85.3417961, 28.1665673], [85.341699, 28.1665986], [85.3418009, 28.1668445]]]}, "properties": {"building": "yes", "osm_id": "way/760438589", "status": "hit", "affected_frac": 1.0}}, {"type": "Feature", "geometry": {"type": "Polygon", "coordinates": [[[85.3428738, 28.1650209], [85.3429227, 28.1650145], [85.342912, 28.1649507], [85.342863, 28.1649571], [85.3428738, 28.1650209]]]}, "properties": {"building": "yes", "osm_id": "way/760438590", "status": "hit", "affected_frac": 1.0}}, {"type": "Feature", "geometry": {"type": "Polygon", "coordinates": [[[85.3413488, 28.1662239], [85.341424, 28.1661524], [85.3413834, 28.1661192], [85.3413444, 28.1661564], [85.341282, 28.1661054], [85.3412459, 28.1661398], [85.3413488, 28.1662239]]]}, "properties": {"building": "yes", "osm_id": "way/769001573", "status": "hit", "affected_frac": 1.0}}, {"type": "Feature", "geometry": {"type": "Polygon", "coordinates": [[[85.3376515, 28.1638741], [85.3377278, 28.1638009], [85.3376688, 28.1637531], [85.3375925, 28.1638262], [85.3376515, 28.1638741]]]}, "properties": {"building": "yes", "osm_id": "way/769001574", "status": "hit", "affected_frac": 1.0}}, {"type": "Feature", "geometry": {"type": "Polygon", "coordinates": [[[85.3362716, 28.1618973], [85.3363634, 28.1618493], [85.3362568, 28.1616908], [85.336165, 28.1617388], [85.3362716, 28.1618973]]]}, "properties": {"building": "yes", "osm_id": "way/769001578", "status": "hit", "affected_frac": 1.0}}, {"type": "Feature", "geometry": {"type": "Polygon", "coordinates": [[[85.3367276, 28.1614111], [85.3367159, 28.161321], [85.3365566, 28.1613371], [85.3365613, 28.1613727], [85.3365531, 28.1613735], [85.3365602, 28.1614281], [85.3367276, 28.1614111]]]}, "properties": {"building": "yes", "osm_id": "way/769001599", "status": "hit", "affected_frac": 1.0}}, {"type": "Feature", "geometry": {"type": "Polygon", "coordinates": [[[85.3379399, 28.1640774], [85.3380578, 28.1639951], [85.3380014, 28.1639324], [85.3378835, 28.1640148], [85.3379399, 28.1640774]]]}, "properties": {"building": "yes", "osm_id": "way/769001600", "status": "hit", "affected_frac": 1.0}}, {"type": "Feature", "geometry": {"type": "Polygon", "coordinates": [[[85.338007, 28.163838], [85.3380563, 28.1637802], [85.3379885, 28.1637353], [85.3379392, 28.1637931], [85.338007, 28.163838]]]}, "properties": {"building": "yes", "osm_id": "way/769001602", "status": "hit", "affected_frac": 1.0}}, {"type": "Feature", "geometry": {"type": "Polygon", "coordinates": [[[85.3377816, 28.1639492], [85.3378407, 28.1638905], [85.337781, 28.1638438], [85.3377219, 28.1639025], [85.3377816, 28.1639492]]]}, "properties": {"building": "yes", "osm_id": "way/769001603", "status": "hit", "affected_frac": 1.0}}, {"type": "Feature", "geometry": {"type": "Polygon", "coordinates": [[[85.3371432, 28.1640361], [85.3372208, 28.1640007], [85.3371793, 28.1639298], [85.3371017, 28.1639652], [85.3371432, 28.1640361]]]}, "properties": {"building": "yes", "osm_id": "way/769001604", "status": "hit", "affected_frac": 1.0}}, {"type": "Feature", "geometry": {"type": "Polygon", "coordinates": [[[85.3362031, 28.1609892], [85.336242, 28.1609671], [85.3361883, 28.1608938], [85.3361495, 28.1609159], [85.3362031, 28.1609892]]]}, "properties": {"building": "yes", "osm_id": "way/769001612", "status": "hit", "affected_frac": 1.0}}, {"type": "Feature", "geometry": {"type": "Polygon", "coordinates": [[[85.3359828, 28.1611579], [85.3360422, 28.1611414], [85.3360111, 28.1610543], [85.3359517, 28.1610708], [85.3359828, 28.1611579]]]}, "properties": {"building": "yes", "osm_id": "way/769001613", "status": "hit", "affected_frac": 1.0}}, {"type": "Feature", "geometry": {"type": "Polygon", "coordinates": [[[85.3188224, 28.1470543], [85.3188522, 28.1470839], [85.3188884, 28.1470555], [85.3188586, 28.1470259], [85.3188224, 28.1470543]]]}, "properties": {"building": "yes", "osm_id": "way/847018445", "status": "hit", "affected_frac": 1.0}}, {"type": "Feature", "geometry": {"type": "Polygon", "coordinates": [[[85.3422633, 28.1820097], [85.3422625, 28.1819522], [85.3423839, 28.1819508], [85.3423847, 28.1820084], [85.3422633, 28.1820097]]]}, "properties": {"building": "yes", "osm_id": "way/847078095", "status": "hit", "affected_frac": 1.0}}, {"type": "Feature", "geometry": {"type": "Polygon", "coordinates": [[[85.3421601, 28.1820595], [85.3421601, 28.1820204], [85.3422222, 28.1820189], [85.3422232, 28.1820513], [85.3421601, 28.1820595]]]}, "properties": {"building": "yes", "osm_id": "way/847078096", "status": "hit", "affected_frac": 1.0}}, {"type": "Feature", "geometry": {"type": "Polygon", "coordinates": [[[85.3436127, 28.1639048], [85.343657, 28.1639438], [85.343769, 28.1638451], [85.3437247, 28.1638061], [85.3436127, 28.1639048]]]}, "properties": {"building": "yes", "osm_id": "way/850782568", "status": "hit", "affected_frac": 1.0}}, {"type": "Feature", "geometry": {"type": "Polygon", "coordinates": [[[85.3430307, 28.1646733], [85.3430796, 28.1647088], [85.3431064, 28.1646801], [85.3430574, 28.1646447], [85.3430307, 28.1646733]]]}, "properties": {"building": "yes", "osm_id": "way/850782569", "status": "hit", "affected_frac": 1.0}}, {"type": "Feature", "geometry": {"type": "Polygon", "coordinates": [[[85.3429113, 28.1648519], [85.3429207, 28.1648826], [85.3429622, 28.1648728], [85.3429528, 28.164842], [85.3429113, 28.1648519]]]}, "properties": {"building": "yes", "osm_id": "way/850782570", "status": "hit", "affected_frac": 1.0}}, {"type": "Feature", "geometry": {"type": "Polygon", "coordinates": [[[85.3428403, 28.1648808], [85.3428637, 28.1649062], [85.3428973, 28.1648822], [85.3428966, 28.1647656], [85.3428537, 28.1647693], [85.342859, 28.1648542], [85.3428403, 28.1648808]]]}, "properties": {"building": "yes", "osm_id": "way/850782571", "status": "hit", "affected_frac": 1.0}}, {"type": "Feature", "geometry": {"type": "Polygon", "coordinates": [[[85.343087, 28.1646544], [85.3431635, 28.1647088], [85.343192, 28.1646776], [85.3431156, 28.1646232], [85.343087, 28.1646544]]]}, "properties": {"building": "yes", "osm_id": "way/850782572", "status": "hit", "affected_frac": 1.0}}, {"type": "Feature", "geometry": {"type": "Polygon", "coordinates": [[[85.3433257, 28.164431], [85.3433713, 28.1644629], [85.3434189, 28.1644101], [85.3433733, 28.1643781], [85.3433257, 28.164431]]]}, "properties": {"building": "yes", "osm_id": "way/850782573", "status": "hit", "affected_frac": 1.0}}, {"type": "Feature", "geometry": {"type": "Polygon", "coordinates": [[[85.3434686, 28.1678496], [85.3435296, 28.1678874], [85.3435517, 28.1678597], [85.3434907, 28.1678219], [85.3434686, 28.1678496]]]}, "properties": {"building": "yes", "osm_id": "way/850782575", "status": "possibly hit", "affected_frac": 0.33}}, {"type": "Feature", "geometry": {"type": "Polygon", "coordinates": [[[85.3423923, 28.1825957], [85.3423963, 28.1826193], [85.3424482, 28.1826124], [85.3424442, 28.1825888], [85.3423923, 28.1825957]]]}, "properties": {"building": "yes", "osm_id": "way/850782576", "status": "hit", "affected_frac": 1.0}}, {"type": "Feature", "geometry": {"type": "Polygon", "coordinates": [[[85.3361847, 28.1608075], [85.3362219, 28.1608721], [85.3362747, 28.1608501], [85.3362431, 28.1607843], [85.3361847, 28.1608075]]]}, "properties": {"building": "yes", "osm_id": "way/851001699", "status": "hit", "affected_frac": 1.0}}, {"type": "Feature", "geometry": {"type": "Polygon", "coordinates": [[[85.3360965, 28.1612322], [85.3361468, 28.1613208], [85.3362592, 28.1612713], [85.3362089, 28.1611826], [85.3360965, 28.1612322]]]}, "properties": {"building": "yes", "osm_id": "way/851001700", "status": "hit", "affected_frac": 1.0}}, {"type": "Feature", "geometry": {"type": "Polygon", "coordinates": [[[85.3364512, 28.161137], [85.3364693, 28.1612014], [85.3365711, 28.1611792], [85.336553, 28.1611148], [85.3364512, 28.161137]]]}, "properties": {"building": "yes", "osm_id": "way/851001701", "status": "hit", "affected_frac": 1.0}}, {"type": "Feature", "geometry": {"type": "Polygon", "coordinates": [[[85.3364311, 28.1607775], [85.3364874, 28.1608887], [85.3366358, 28.1608302], [85.3365795, 28.1607191], [85.3364311, 28.1607775]]]}, "properties": {"building": "yes", "osm_id": "way/851001702", "status": "hit", "affected_frac": 1.0}}, {"type": "Feature", "geometry": {"type": "Polygon", "coordinates": [[[85.3363074, 28.1606235], [85.3363791, 28.160711], [85.3364459, 28.1606685], [85.3363742, 28.160581], [85.3363074, 28.1606235]]]}, "properties": {"building": "yes", "osm_id": "way/851001703", "status": "hit", "affected_frac": 1.0}}, {"type": "Feature", "geometry": {"type": "Polygon", "coordinates": [[[85.3362729, 28.1605709], [85.3363094, 28.1606123], [85.3363578, 28.1605791], [85.3363212, 28.1605377], [85.3362729, 28.1605709]]]}, "properties": {"building": "yes", "osm_id": "way/851001704", "status": "hit", "affected_frac": 1.0}}, {"type": "Feature", "geometry": {"type": "Polygon", "coordinates": [[[85.3363319, 28.1605408], [85.3363768, 28.1605798], [85.3364383, 28.1605248], [85.3363934, 28.1604857], [85.3363319, 28.1605408]]]}, "properties": {"building": "yes", "osm_id": "way/851001705", "status": "hit", "affected_frac": 1.0}}, {"type": "Feature", "geometry": {"type": "Polygon", "coordinates": [[[85.3359899, 28.1602325], [85.3360717, 28.1602798], [85.3361, 28.1602417], [85.3360182, 28.1601944], [85.3359899, 28.1602325]]]}, "properties": {"building": "house", "osm_id": "way/851001706", "status": "hit", "affected_frac": 1.0}}, {"type": "Feature", "geometry": {"type": "Polygon", "coordinates": [[[85.3360529, 28.1614663], [85.3361555, 28.1616383], [85.3362634, 28.1615883], [85.3361608, 28.1614163], [85.3360529, 28.1614663]]]}, "properties": {"building": "yes", "osm_id": "way/851001707", "status": "hit", "affected_frac": 1.0}}, {"type": "Feature", "geometry": {"type": "Polygon", "coordinates": [[[85.2993858, 28.1855474], [85.2994175, 28.1855588], [85.2994389, 28.1855127], [85.2994072, 28.1855013], [85.2993858, 28.1855474]]]}, "properties": {"building": "yes", "osm_id": "way/851371852", "status": "possibly hit", "affected_frac": 0.0}}, {"type": "Feature", "geometry": {"type": "Polygon", "coordinates": [[[85.300623, 28.1850343], [85.3007289, 28.1851301], [85.3007961, 28.1850723], [85.3006902, 28.1849765], [85.300623, 28.1850343]]]}, "properties": {"building": "yes", "osm_id": "way/851371854", "status": "hit", "affected_frac": 1.0}}, {"type": "Feature", "geometry": {"type": "Polygon", "coordinates": [[[85.3006263, 28.1851537], [85.3006613, 28.1851873], [85.3007189, 28.1851406], [85.300684, 28.185107], [85.3006263, 28.1851537]]]}, "properties": {"building": "yes", "osm_id": "way/851371855", "status": "hit", "affected_frac": 1.0}}, {"type": "Feature", "geometry": {"type": "Polygon", "coordinates": [[[85.3005385, 28.1851715], [85.3006196, 28.1852388], [85.3006601, 28.185201], [85.300579, 28.1851336], [85.3005385, 28.1851715]]]}, "properties": {"building": "yes", "osm_id": "way/851371856", "status": "hit", "affected_frac": 1.0}}, {"type": "Feature", "geometry": {"type": "Polygon", "coordinates": [[[85.3054771, 28.1818308], [85.3055549, 28.1819384], [85.3056381, 28.1818917], [85.3055603, 28.1817841], [85.3054771, 28.1818308]]]}, "properties": {"building": "yes", "osm_id": "way/851371902", "status": "possibly hit", "affected_frac": 0.0}}, {"type": "Feature", "geometry": {"type": "Polygon", "coordinates": [[[85.3054053, 28.1817049], [85.3054744, 28.1818078], [85.3055491, 28.1817688], [85.30548, 28.181666], [85.3054053, 28.1817049]]]}, "properties": {"building": "yes", "osm_id": "way/851371903", "status": "possibly hit", "affected_frac": 0.0}}, {"type": "Feature", "geometry": {"type": "Polygon", "coordinates": [[[85.3035311, 28.1831205], [85.3035648, 28.1831594], [85.3036156, 28.1831252], [85.3035819, 28.1830863], [85.3035311, 28.1831205]]]}, "properties": {"building": "yes", "osm_id": "way/851371909", "status": "possibly hit", "affected_frac": 0.33}}, {"type": "Feature", "geometry": {"type": "Polygon", "coordinates": [[[85.3037551, 28.1831548], [85.3038198, 28.1831112], [85.3037685, 28.183052], [85.3037038, 28.1830955], [85.3037551, 28.1831548]]]}, "properties": {"building": "yes", "osm_id": "way/851371910", "status": "possibly hit", "affected_frac": 0.25}}, {"type": "Feature", "geometry": {"type": "Polygon", "coordinates": [[[85.3030099, 28.1835914], [85.3030458, 28.1835694], [85.3030284, 28.1835473], [85.3031657, 28.1834629], [85.3031825, 28.1834842], [85.3032118, 28.1834662], [85.30326, 28.1835278], [85.3032204, 28.1835521], [85.3032455, 28.183584], [85.3031447, 28.183646], [85.303138, 28.1836375], [85.3031051, 28.1836578], [85.3030915, 28.1836405], [85.3030624, 28.1836584], [85.3030099, 28.1835914]]]}, "properties": {"building": "yes", "osm_id": "way/851371912", "status": "possibly hit", "affected_frac": 0.0}}, {"type": "Feature", "geometry": {"type": "Polygon", "coordinates": [[[85.299422, 28.183961], [85.2994703, 28.1840496], [85.2995458, 28.1840177], [85.2994976, 28.183929], [85.299422, 28.183961]]]}, "properties": {"building": "yes", "osm_id": "way/851371917", "status": "possibly hit", "affected_frac": 0.0}}, {"type": "Feature", "geometry": {"type": "Polygon", "coordinates": [[[85.2994569, 28.1837778], [85.2995065, 28.1838735], [85.2995945, 28.1838381], [85.2995449, 28.1837423], [85.2994569, 28.1837778]]]}, "properties": {"building": "yes", "osm_id": "way/851371919", "status": "hit", "affected_frac": 0.5}}, {"type": "Feature", "geometry": {"type": "Polygon", "coordinates": [[[85.2994005, 28.1836808], [85.2994542, 28.1837636], [85.2995768, 28.1837018], [85.2995232, 28.1836191], [85.2994005, 28.1836808]]]}, "properties": {"building": "yes", "osm_id": "way/851371920", "status": "hit", "affected_frac": 0.5}}, {"type": "Feature", "geometry": {"type": "Polygon", "coordinates": [[[85.2992517, 28.1836643], [85.2994126, 28.1839433], [85.2994684, 28.1839182], [85.2993075, 28.1836393], [85.2992517, 28.1836643]]]}, "properties": {"building": "yes", "osm_id": "way/851371921", "status": "hit", "affected_frac": 1.0}}, {"type": "Feature", "geometry": {"type": "Polygon", "coordinates": [[[85.2990384, 28.1833688], [85.2991927, 28.1836335], [85.299242, 28.1836112], [85.2990878, 28.1833464], [85.2990384, 28.1833688]]]}, "properties": {"building": "yes", "osm_id": "way/851371922", "status": "hit", "affected_frac": 1.0}}, {"type": "Feature", "geometry": {"type": "Polygon", "coordinates": [[[85.2994166, 28.1834054], [85.2995132, 28.1836253], [85.2995858, 28.1836005], [85.2994892, 28.1833806], [85.2994166, 28.1834054]]]}, "properties": {"building": "yes", "osm_id": "way/851371923", "status": "possibly hit", "affected_frac": 0.0}}, {"type": "Feature", "geometry": {"type": "Polygon", "coordinates": [[[85.2993228, 28.1834184], [85.2994274, 28.1836347], [85.2994937, 28.1836098], [85.2993891, 28.1833935], [85.2993228, 28.1834184]]]}, "properties": {"building": "yes", "osm_id": "way/851371924", "status": "hit", "affected_frac": 0.86}}, {"type": "Feature", "geometry": {"type": "Polygon", "coordinates": [[[85.2992061, 28.1833971], [85.2992273, 28.1834368], [85.2993695, 28.1833777], [85.2993482, 28.183338], [85.2992061, 28.1833971]]]}, "properties": {"building": "yes", "osm_id": "way/851371925", "status": "hit", "affected_frac": 1.0}}, {"type": "Feature", "geometry": {"type": "Polygon", "coordinates": [[[85.2991766, 28.1833581], [85.2991894, 28.1833845], [85.2993678, 28.1833171], [85.2993549, 28.1832907], [85.2991766, 28.1833581]]]}, "properties": {"building": "yes", "osm_id": "way/851371926", "status": "hit", "affected_frac": 1.0}}, {"type": "Feature", "geometry": {"type": "Polygon", "coordinates": [[[85.2992302, 28.183247], [85.2992556, 28.1833079], [85.299493, 28.1832311], [85.2994676, 28.1831702], [85.2992302, 28.183247]]]}, "properties": {"building": "yes", "osm_id": "way/851371927", "status": "possibly hit", "affected_frac": 0.25}}, {"type": "Feature", "geometry": {"type": "Polygon", "coordinates": [[[85.299194, 28.1831796], [85.2992196, 28.1832358], [85.2994503, 28.1831543], [85.2994247, 28.1830981], [85.299194, 28.1831796]]]}, "properties": {"building": "yes", "osm_id": "way/851371928", "status": "hit", "affected_frac": 0.5}}, {"type": "Feature", "geometry": {"type": "Polygon", "coordinates": [[[85.2993885, 28.1844326], [85.2995115, 28.1845105], [85.2995962, 28.1844065], [85.2994732, 28.1843287], [85.2993885, 28.1844326]]]}, "properties": {"building": "yes", "osm_id": "way/851371930", "status": "possibly hit", "affected_frac": 0.0}}, {"type": "Feature", "geometry": {"type": "Polygon", "coordinates": [[[85.2995411, 28.1845144], [85.2996438, 28.1846351], [85.2998211, 28.1845178], [85.2997184, 28.1843972], [85.2995411, 28.1845144]]]}, "properties": {"building": "yes", "osm_id": "way/851371932", "status": "possibly hit", "affected_frac": 0.0}}, {"type": "Feature", "geometry": {"type": "Polygon", "coordinates": [[[85.2992866, 28.1846998], [85.2995116, 28.1847296], [85.2995438, 28.1845404], [85.2993187, 28.1845107], [85.2992866, 28.1846998]]]}, "properties": {"building": "yes", "osm_id": "way/851371933", "status": "possibly hit", "affected_frac": 0.11}}, {"type": "Feature", "geometry": {"type": "Polygon", "coordinates": [[[85.3412645, 28.1809431], [85.3412712, 28.1809738], [85.3413134, 28.1809666], [85.3413067, 28.1809359], [85.3412645, 28.1809431]]]}, "properties": {"building": "yes", "osm_id": "way/851374918", "status": "hit", "affected_frac": 1.0}}, {"type": "Feature", "geometry": {"type": "Polygon", "coordinates": [[[85.3415635, 28.1811523], [85.3415367, 28.1812232], [85.3415793, 28.1812357], [85.3416062, 28.1811648], [85.3415635, 28.1811523]]]}, "properties": {"building": "yes", "osm_id": "way/851374919", "status": "hit", "affected_frac": 1.0}}, {"type": "Feature", "geometry": {"type": "Polygon", "coordinates": [[[85.3373954, 28.1644783], [85.3374687, 28.1645211], [85.3375345, 28.1644336], [85.3374611, 28.1643908], [85.3373954, 28.1644783]]]}, "properties": {"building": "yes", "osm_id": "way/853760509", "status": "hit", "affected_frac": 0.5}}, {"type": "Feature", "geometry": {"type": "Polygon", "coordinates": [[[85.33682, 28.1638026], [85.3368237, 28.1638467], [85.336935, 28.1638396], [85.3369313, 28.1637955], [85.33682, 28.1638026]]]}, "properties": {"building": "yes", "osm_id": "way/853760512", "status": "hit", "affected_frac": 1.0}}, {"type": "Feature", "geometry": {"type": "Polygon", "coordinates": [[[85.3412631, 28.1653532], [85.3413717, 28.1654146], [85.3414072, 28.165366], [85.3412986, 28.1653045], [85.3412631, 28.1653532]]]}, "properties": {"building": "yes", "osm_id": "way/853760522", "status": "hit", "affected_frac": 1.0}}, {"type": "Feature", "geometry": {"type": "Polygon", "coordinates": [[[85.3408259, 28.1650328], [85.3409895, 28.1650919], [85.3410176, 28.1650315], [85.340854, 28.1649724], [85.3408259, 28.1650328]]]}, "properties": {"building": "yes", "name": "Gosaikunda Gaunpalika office", "osm_id": "way/853760523", "status": "hit", "affected_frac": 0.75}}, {"type": "Feature", "geometry": {"type": "Polygon", "coordinates": [[[85.3416829, 28.1653366], [85.3417486, 28.1653815], [85.3418114, 28.1653101], [85.3417457, 28.1652652], [85.3416829, 28.1653366]]]}, "properties": {"building": "yes", "osm_id": "way/853760524", "status": "hit", "affected_frac": 1.0}}, {"type": "Feature", "geometry": {"type": "Polygon", "coordinates": [[[85.3203898, 28.1806661], [85.3203935, 28.1807249], [85.3204406, 28.1807227], [85.3204369, 28.1806638], [85.3203898, 28.1806661]]]}, "properties": {"building": "yes", "osm_id": "way/853760526", "status": "hit", "affected_frac": 1.0}}, {"type": "Feature", "geometry": {"type": "Polygon", "coordinates": [[[85.3194105, 28.1800464], [85.3194682, 28.1800346], [85.3194616, 28.1800096], [85.3194039, 28.1800214], [85.3194105, 28.1800464]]]}, "properties": {"building": "yes", "osm_id": "way/853760527", "status": "hit", "affected_frac": 1.0}}, {"type": "Feature", "geometry": {"type": "Polygon", "coordinates": [[[85.2990197, 28.1831388], [85.2990532, 28.183195], [85.2991528, 28.1831488], [85.2991193, 28.1830926], [85.2990197, 28.1831388]]]}, "properties": {"building": "yes", "osm_id": "way/853760529", "status": "hit", "affected_frac": 1.0}}, {"type": "Feature", "geometry": {"type": "Polygon", "coordinates": [[[85.2989499, 28.1832222], [85.2989747, 28.183263], [85.2990262, 28.1832386], [85.2990014, 28.1831979], [85.2989499, 28.1832222]]]}, "properties": {"building": "yes", "osm_id": "way/853760530", "status": "hit", "affected_frac": 1.0}}, {"type": "Feature", "geometry": {"type": "Polygon", "coordinates": [[[85.3000818, 28.1846632], [85.3001106, 28.1847214], [85.3001722, 28.1846978], [85.3001435, 28.1846395], [85.3000818, 28.1846632]]]}, "properties": {"building": "yes", "osm_id": "way/853760542", "status": "possibly hit", "affected_frac": 0.0}}, {"type": "Feature", "geometry": {"type": "Polygon", "coordinates": [[[85.3192978, 28.1800263], [85.3193337, 28.1800441], [85.3193906, 28.1799548], [85.3193548, 28.1799371], [85.3192978, 28.1800263]]]}, "properties": {"building": "yes", "osm_id": "way/853760548", "status": "possibly hit", "affected_frac": 0.0}}, {"type": "Feature", "geometry": {"type": "Polygon", "coordinates": [[[85.3372049, 28.1643228], [85.3373035, 28.164412], [85.3374018, 28.1643277], [85.3373032, 28.1642384], [85.3372049, 28.1643228]]]}, "properties": {"building": "yes", "osm_id": "way/854113182", "status": "possibly hit", "affected_frac": 0.25}}, {"type": "Feature", "geometry": {"type": "Polygon", "coordinates": [[[85.3373162, 28.1642412], [85.3373712, 28.1642808], [85.3374033, 28.1642462], [85.3373483, 28.1642066], [85.3373162, 28.1642412]]]}, "properties": {"building": "yes", "osm_id": "way/854113183", "status": "hit", "affected_frac": 1.0}}, {"type": "Feature", "geometry": {"type": "Polygon", "coordinates": [[[85.3367214, 28.1640427], [85.336853, 28.1639683], [85.3367958, 28.1638897], [85.336748, 28.1639168], [85.3367773, 28.163957], [85.3366935, 28.1640044], [85.3367214, 28.1640427]]]}, "properties": {"building": "yes", "osm_id": "way/854113185", "status": "possibly hit", "affected_frac": 0.0}}, {"type": "Feature", "geometry": {"type": "Polygon", "coordinates": [[[85.3368314, 28.163556], [85.336871, 28.1636181], [85.3369109, 28.1635984], [85.3368713, 28.1635363], [85.3368314, 28.163556]]]}, "properties": {"building": "yes", "osm_id": "way/854113199", "status": "hit", "affected_frac": 1.0}}, {"type": "Feature", "geometry": {"type": "Polygon", "coordinates": [[[85.3383395, 28.1638469], [85.3383878, 28.1638837], [85.3385755, 28.1636921], [85.3385273, 28.1636554], [85.3383395, 28.1638469]]]}, "properties": {"building": "yes", "osm_id": "way/854113200", "status": "hit", "affected_frac": 1.0}}, {"type": "Feature", "geometry": {"type": "Polygon", "coordinates": [[[85.3381159, 28.1637226], [85.3381852, 28.163768], [85.3382658, 28.1636724], [85.338335, 28.1637177], [85.3382552, 28.1638124], [85.3383138, 28.1638507], [85.3384372, 28.1637043], [85.3382401, 28.1635753], [85.3381159, 28.1637226]]]}, "properties": {"building": "yes", "osm_id": "way/854113201", "status": "hit", "affected_frac": 1.0}}, {"type": "Feature", "geometry": {"type": "Polygon", "coordinates": [[[85.3380331, 28.1635241], [85.3380692, 28.1635415], [85.3381101, 28.1634752], [85.338074, 28.1634579], [85.3380331, 28.1635241]]]}, "properties": {"building": "yes", "osm_id": "way/854113202", "status": "hit", "affected_frac": 1.0}}, {"type": "Feature", "geometry": {"type": "Polygon", "coordinates": [[[85.3385729, 28.1638617], [85.3387137, 28.1639409], [85.3387506, 28.1638898], [85.3386098, 28.1638106], [85.3385729, 28.1638617]]]}, "properties": {"building": "yes", "osm_id": "way/854113203", "status": "hit", "affected_frac": 1.0}}, {"type": "Feature", "geometry": {"type": "Polygon", "coordinates": [[[85.3381196, 28.1640426], [85.3381588, 28.1640758], [85.3382755, 28.1639688], [85.3382362, 28.1639356], [85.3381196, 28.1640426]]]}, "properties": {"building": "yes", "osm_id": "way/854113204", "status": "hit", "affected_frac": 1.0}}, {"type": "Feature", "geometry": {"type": "Polygon", "coordinates": [[[85.3380612, 28.163893], [85.3381625, 28.163974], [85.3382354, 28.1639031], [85.3381341, 28.1638222], [85.3380612, 28.163893]]]}, "properties": {"building": "yes", "osm_id": "way/854113205", "status": "hit", "affected_frac": 1.0}}, {"type": "Feature", "geometry": {"type": "Polygon", "coordinates": [[[85.3380284, 28.1636948], [85.3380713, 28.1637102], [85.3380993, 28.1636493], [85.3380564, 28.163634], [85.3380284, 28.1636948]]]}, "properties": {"building": "yes", "osm_id": "way/854113206", "status": "hit", "affected_frac": 1.0}}, {"type": "Feature", "geometry": {"type": "Polygon", "coordinates": [[[85.3379857, 28.1636698], [85.338021, 28.1636821], [85.3380501, 28.1636171], [85.3380148, 28.1636049], [85.3379857, 28.1636698]]]}, "properties": {"building": "yes", "osm_id": "way/854113207", "status": "hit", "affected_frac": 1.0}}, {"type": "Feature", "geometry": {"type": "Polygon", "coordinates": [[[85.3377293, 28.1636565], [85.3377762, 28.1636932], [85.3378445, 28.1636252], [85.3377976, 28.1635886], [85.3377293, 28.1636565]]]}, "properties": {"building": "yes", "osm_id": "way/854113208", "status": "hit", "affected_frac": 1.0}}, {"type": "Feature", "geometry": {"type": "Polygon", "coordinates": [[[85.3376354, 28.1635815], [85.3377166, 28.1636465], [85.33778, 28.1635849], [85.3376989, 28.1635199], [85.3376354, 28.1635815]]]}, "properties": {"building": "yes", "osm_id": "way/854113209", "status": "hit", "affected_frac": 1.0}}, {"type": "Feature", "geometry": {"type": "Polygon", "coordinates": [[[85.3375014, 28.1635071], [85.3375456, 28.1635366], [85.3374971, 28.163593], [85.3375509, 28.163629], [85.3376697, 28.1634909], [85.3375717, 28.1634254], [85.3375014, 28.1635071]]]}, "properties": {"building": "yes", "osm_id": "way/854113210", "status": "hit", "affected_frac": 1.0}}, {"type": "Feature", "geometry": {"type": "Polygon", "coordinates": [[[85.3373799, 28.1634691], [85.3374289, 28.1634969], [85.3374855, 28.1634195], [85.3374365, 28.1633917], [85.3373799, 28.1634691]]]}, "properties": {"building": "yes", "osm_id": "way/854113211", "status": "hit", "affected_frac": 1.0}}, {"type": "Feature", "geometry": {"type": "Polygon", "coordinates": [[[85.3372807, 28.1633509], [85.3373404, 28.1633952], [85.3373807, 28.1633531], [85.337321, 28.1633088], [85.3372807, 28.1633509]]]}, "properties": {"building": "yes", "osm_id": "way/854113212", "status": "hit", "affected_frac": 1.0}}, {"type": "Feature", "geometry": {"type": "Polygon", "coordinates": [[[85.3376777, 28.16341], [85.3377809, 28.1634898], [85.3378678, 28.1634025], [85.3377646, 28.1633226], [85.3376777, 28.16341]]]}, "properties": {"building": "yes", "osm_id": "way/854113213", "status": "hit", "affected_frac": 1.0}}, {"type": "Feature", "geometry": {"type": "Polygon", "coordinates": [[[85.3374282, 28.1632788], [85.3374948, 28.163327], [85.3375867, 28.1632282], [85.3375201, 28.1631801], [85.3374282, 28.1632788]]]}, "properties": {"building": "yes", "osm_id": "way/854113214", "status": "hit", "affected_frac": 1.0}}, {"type": "Feature", "geometry": {"type": "Polygon", "coordinates": [[[85.3372445, 28.1631854], [85.3373274, 28.1632674], [85.3374011, 28.1632095], [85.3373183, 28.1631274], [85.3372445, 28.1631854]]]}, "properties": {"building": "yes", "osm_id": "way/854113215", "status": "hit", "affected_frac": 1.0}}, {"type": "Feature", "geometry": {"type": "Polygon", "coordinates": [[[85.3371828, 28.1629927], [85.3372358, 28.1630488], [85.3372585, 28.1630322], [85.3372055, 28.162976], [85.3371828, 28.1629927]]]}, "properties": {"building": "yes", "osm_id": "way/854113216", "status": "hit", "affected_frac": 1.0}}, {"type": "Feature", "geometry": {"type": "Polygon", "coordinates": [[[85.3369448, 28.1629584], [85.3370393, 28.1629661], [85.3370491, 28.1628726], [85.3369545, 28.1628649], [85.3369448, 28.1629584]]]}, "properties": {"building": "yes", "osm_id": "way/854113217", "status": "hit", "affected_frac": 1.0}}, {"type": "Feature", "geometry": {"type": "Polygon", "coordinates": [[[85.3368878, 28.162794], [85.3368867, 28.1628399], [85.3369873, 28.1628417], [85.3369883, 28.1627958], [85.3368878, 28.162794]]]}, "properties": {"building": "yes", "osm_id": "way/854113218", "status": "hit", "affected_frac": 1.0}}, {"type": "Feature", "geometry": {"type": "Polygon", "coordinates": [[[85.3368576, 28.1626734], [85.3368576, 28.1627331], [85.3369528, 28.1627331], [85.3369528, 28.1626734], [85.3368576, 28.1626734]]]}, "properties": {"building": "yes", "osm_id": "way/854113219", "status": "hit", "affected_frac": 1.0}}, {"type": "Feature", "geometry": {"type": "Polygon", "coordinates": [[[85.3367811, 28.1625517], [85.33681, 28.1625913], [85.3368714, 28.1625565], [85.3368425, 28.1625169], [85.3367811, 28.1625517]]]}, "properties": {"building": "yes", "osm_id": "way/854113220", "status": "hit", "affected_frac": 0.67}}, {"type": "Feature", "geometry": {"type": "Polygon", "coordinates": [[[85.3366883, 28.1621349], [85.3367483, 28.1621295], [85.3367396, 28.1620536], [85.3366796, 28.1620589], [85.3366883, 28.1621349]]]}, "properties": {"building": "yes", "osm_id": "way/854113221", "status": "hit", "affected_frac": 1.0}}, {"type": "Feature", "geometry": {"type": "Polygon", "coordinates": [[[85.3366749, 28.1620515], [85.3367486, 28.1620448], [85.3367396, 28.1619671], [85.3366658, 28.1619738], [85.3366749, 28.1620515]]]}, "properties": {"building": "yes", "osm_id": "way/854113222", "status": "hit", "affected_frac": 1.0}}, {"type": "Feature", "geometry": {"type": "Polygon", "coordinates": [[[85.3366685, 28.1619623], [85.3367485, 28.1619637], [85.3367512, 28.1618466], [85.3366712, 28.1618452], [85.3366685, 28.1619623]]]}, "properties": {"building": "yes", "osm_id": "way/854113223", "status": "hit", "affected_frac": 1.0}}, {"type": "Feature", "geometry": {"type": "Polygon", "coordinates": [[[85.3366403, 28.1615851], [85.3367986, 28.161552], [85.3367672, 28.1614356], [85.336609, 28.1614687], [85.3366403, 28.1615851]]]}, "properties": {"building": "yes", "osm_id": "way/854113224", "status": "hit", "affected_frac": 1.0}}, {"type": "Feature", "geometry": {"type": "Polygon", "coordinates": [[[85.3367718, 28.161818], [85.3368509, 28.161818], [85.3368509, 28.1617601], [85.3367718, 28.1617601], [85.3367718, 28.161818]]]}, "properties": {"building": "yes", "osm_id": "way/854113225", "status": "hit", "affected_frac": 1.0}}, {"type": "Feature", "geometry": {"type": "Polygon", "coordinates": [[[85.3367235, 28.1616643], [85.3366222, 28.1616879], [85.3366584, 28.1618085], [85.3367597, 28.1617849], [85.3367235, 28.1616643]]]}, "properties": {"building": "yes", "osm_id": "way/854113226", "status": "hit", "affected_frac": 1.0}}, {"type": "Feature", "geometry": {"type": "Polygon", "coordinates": [[[85.3364392, 28.1609856], [85.3364811, 28.1610581], [85.3366125, 28.1609989], [85.3365706, 28.1609265], [85.3364392, 28.1609856]]]}, "properties": {"building": "yes", "osm_id": "way/854113227", "status": "hit", "affected_frac": 1.0}}, {"type": "Feature", "geometry": {"type": "Polygon", "coordinates": [[[85.3362072, 28.16104], [85.336242, 28.161098], [85.336281, 28.1610797], [85.3362461, 28.1610218], [85.3362072, 28.16104]]]}, "properties": {"building": "yes", "osm_id": "way/854113228", "status": "hit", "affected_frac": 1.0}}, {"type": "Feature", "geometry": {"type": "Polygon", "coordinates": [[[85.3362675, 28.16115], [85.3362903, 28.1612056], [85.3363339, 28.1611917], [85.3363111, 28.1611361], [85.3362675, 28.16115]]]}, "properties": {"building": "yes", "osm_id": "way/854113229", "status": "hit", "affected_frac": 1.0}}, {"type": "Feature", "geometry": {"type": "Polygon", "coordinates": [[[85.3364405, 28.1621952], [85.3365827, 28.1621845], [85.3365619, 28.1619686], [85.3364197, 28.1619793], [85.3364405, 28.1621952]]]}, "properties": {"building": "yes", "osm_id": "way/854113231", "status": "hit", "affected_frac": 1.0}}, {"type": "Feature", "geometry": {"type": "Polygon", "coordinates": [[[85.3176925, 28.1809738], [85.3177256, 28.1810109], [85.317757, 28.1809892], [85.317724, 28.1809521], [85.3176925, 28.1809738]]]}, "properties": {"building": "yes", "osm_id": "way/854115474", "status": "hit", "affected_frac": 1.0}}, {"type": "Feature", "geometry": {"type": "Polygon", "coordinates": [[[85.3139555, 28.18093], [85.3139801, 28.1809532], [85.3140287, 28.1809133], [85.3140041, 28.1808901], [85.3139555, 28.18093]]]}, "properties": {"building": "yes", "osm_id": "way/854115475", "status": "hit", "affected_frac": 1.0}}, {"type": "Feature", "geometry": {"type": "Polygon", "coordinates": [[[85.3157587, 28.1807876], [85.3158264, 28.180826], [85.3158538, 28.1807884], [85.3157861, 28.18075], [85.3157587, 28.1807876]]]}, "properties": {"building": "yes", "osm_id": "way/854115478", "status": "hit", "affected_frac": 1.0}}, {"type": "Feature", "geometry": {"type": "Polygon", "coordinates": [[[85.3159866, 28.1808594], [85.3160212, 28.1808902], [85.3160686, 28.1808487], [85.3160341, 28.180818], [85.3159866, 28.1808594]]]}, "properties": {"building": "yes", "osm_id": "way/854115479", "status": "hit", "affected_frac": 1.0}}, {"type": "Feature", "geometry": {"type": "Polygon", "coordinates": [[[85.2998177, 28.1863559], [85.2998659, 28.1863737], [85.2998848, 28.1863339], [85.2998365, 28.1863161], [85.2998177, 28.1863559]]]}, "properties": {"building": "yes", "osm_id": "way/854115492", "status": "hit", "affected_frac": 1.0}}, {"type": "Feature", "geometry": {"type": "Polygon", "coordinates": [[[85.2999128, 28.1865056], [85.2999496, 28.1865422], [85.2999919, 28.1865092], [85.2999775, 28.186495], [85.2999695, 28.186487], [85.299955, 28.1864726], [85.2999128, 28.1865056]]]}, "properties": {"building": "yes", "osm_id": "way/854115493", "status": "hit", "affected_frac": 1.0}}, {"type": "Feature", "geometry": {"type": "Polygon", "coordinates": [[[85.2996749, 28.185182], [85.2997097, 28.1852133], [85.2997451, 28.1851828], [85.2998199, 28.1852501], [85.2998527, 28.1852218], [85.299743, 28.1851231], [85.2996749, 28.185182]]]}, "properties": {"building": "yes", "osm_id": "way/854115494", "status": "possibly hit", "affected_frac": 0.0}}, {"type": "Feature", "geometry": {"type": "Polygon", "coordinates": [[[85.3363265, 28.1615804], [85.3363493, 28.1616714], [85.336441, 28.1616535], [85.3364182, 28.1615625], [85.3363265, 28.1615804]]]}, "properties": {"building": "yes", "osm_id": "way/854115527", "status": "hit", "affected_frac": 1.0}}, {"type": "Feature", "geometry": {"type": "Polygon", "coordinates": [[[85.3362816, 28.1614166], [85.336301, 28.1615112], [85.3363646, 28.161501], [85.3363451, 28.1614065], [85.3362816, 28.1614166]]]}, "properties": {"building": "yes", "osm_id": "way/854115528", "status": "hit", "affected_frac": 1.0}}, {"type": "Feature", "geometry": {"type": "Polygon", "coordinates": [[[85.3360918, 28.1609437], [85.3361294, 28.161001], [85.3361637, 28.1609835], [85.3361262, 28.1609262], [85.3360918, 28.1609437]]]}, "properties": {"building": "yes", "osm_id": "way/854115529", "status": "hit", "affected_frac": 1.0}}, {"type": "Feature", "geometry": {"type": "Polygon", "coordinates": [[[85.3358551, 28.1608574], [85.3358752, 28.1609117], [85.3359151, 28.1609003], [85.335895, 28.1608459], [85.3358551, 28.1608574]]]}, "properties": {"building": "yes", "osm_id": "way/854115530", "status": "hit", "affected_frac": 1.0}}, {"type": "Feature", "geometry": {"type": "Polygon", "coordinates": [[[85.3357901, 28.160664], [85.3358122, 28.1607439], [85.3358638, 28.1607327], [85.3358416, 28.1606529], [85.3357901, 28.160664]]]}, "properties": {"building": "yes", "osm_id": "way/854115531", "status": "hit", "affected_frac": 1.0}}, {"type": "Feature", "geometry": {"type": "Polygon", "coordinates": [[[85.3371315, 28.1628839], [85.3371375, 28.1629129], [85.3371751, 28.1629068], [85.337169, 28.1628778], [85.3371315, 28.1628839]]]}, "properties": {"building": "yes", "osm_id": "way/854115532", "status": "hit", "affected_frac": 1.0}}, {"type": "Feature", "geometry": {"type": "Polygon", "coordinates": [[[85.3372616, 28.1629191], [85.337271, 28.1629584], [85.3373179, 28.1629497], [85.3373085, 28.1629104], [85.3372616, 28.1629191]]]}, "properties": {"building": "yes", "osm_id": "way/854115533", "status": "hit", "affected_frac": 1.0}}, {"type": "Feature", "geometry": {"type": "Polygon", "coordinates": [[[85.3379177, 28.1628659], [85.3379435, 28.1628812], [85.3379639, 28.1628547], [85.337938, 28.1628393], [85.3379177, 28.1628659]]]}, "properties": {"building": "yes", "osm_id": "way/854115534", "status": "hit", "affected_frac": 1.0}}, {"type": "Feature", "geometry": {"type": "Polygon", "coordinates": [[[85.3378805, 28.1628407], [85.3379097, 28.162862], [85.3379374, 28.1628325], [85.3379082, 28.1628112], [85.3378805, 28.1628407]]]}, "properties": {"building": "yes", "osm_id": "way/854115535", "status": "hit", "affected_frac": 1.0}}, {"type": "Feature", "geometry": {"type": "Polygon", "coordinates": [[[85.3378443, 28.1628103], [85.3378678, 28.1628286], [85.3378939, 28.1628026], [85.3378704, 28.1627843], [85.3378443, 28.1628103]]]}, "properties": {"building": "yes", "osm_id": "way/854115536", "status": "hit", "affected_frac": 1.0}}, {"type": "Feature", "geometry": {"type": "Polygon", "coordinates": [[[85.3012553, 28.1842932], [85.3012999, 28.1842512], [85.3012752, 28.1842308], [85.3012306, 28.1842727], [85.3012553, 28.1842932]]]}, "properties": {"building": "yes", "osm_id": "way/854115778", "status": "hit", "affected_frac": 0.67}}, {"type": "Feature", "geometry": {"type": "Polygon", "coordinates": [[[85.3009897, 28.1843097], [85.3010422, 28.1843398], [85.3010778, 28.1842916], [85.3010254, 28.1842615], [85.3009897, 28.1843097]]]}, "properties": {"building": "yes", "osm_id": "way/854115779", "status": "possibly hit", "affected_frac": 0.0}}, {"type": "Feature", "geometry": {"type": "Polygon", "coordinates": [[[85.3019258, 28.183448], [85.3019506, 28.183496], [85.3020269, 28.1834654], [85.3020021, 28.1834174], [85.3019258, 28.183448]]]}, "properties": {"building": "yes", "osm_id": "way/854115784", "status": "possibly hit", "affected_frac": 0.0}}, {"type": "Feature", "geometry": {"type": "Polygon", "coordinates": [[[85.3380934, 28.1646674], [85.3381826, 28.1647082], [85.3382177, 28.1646485], [85.3381286, 28.1646077], [85.3380934, 28.1646674]]]}, "properties": {"building": "yes", "osm_id": "way/854116047", "status": "hit", "affected_frac": 0.5}}, {"type": "Feature", "geometry": {"type": "Polygon", "coordinates": [[[85.3412111, 28.1665492], [85.3413, 28.1665165], [85.3412356, 28.1663805], [85.3411467, 28.1664132], [85.3412111, 28.1665492]]]}, "properties": {"building": "yes", "osm_id": "way/854385609", "status": "hit", "affected_frac": 1.0}}, {"type": "Feature", "geometry": {"type": "Polygon", "coordinates": [[[85.3415845, 28.1676117], [85.3416599, 28.1675951], [85.3416076, 28.1674095], [85.3415322, 28.167426], [85.3415845, 28.1676117]]]}, "properties": {"building": "yes", "osm_id": "way/854385611", "status": "hit", "affected_frac": 0.6}}, {"type": "Feature", "geometry": {"type": "Polygon", "coordinates": [[[85.3412946, 28.1660191], [85.3413603, 28.165952], [85.3412624, 28.1658775], [85.3411967, 28.1659446], [85.3412946, 28.1660191]]]}, "properties": {"building": "yes", "osm_id": "way/854385612", "status": "hit", "affected_frac": 0.5}}, {"type": "Feature", "geometry": {"type": "Polygon", "coordinates": [[[85.341168, 28.1659177], [85.3412227, 28.1658689], [85.3411208, 28.1657802], [85.3410661, 28.1658291], [85.341168, 28.1659177]]]}, "properties": {"building": "yes", "osm_id": "way/854385613", "status": "possibly hit", "affected_frac": 0.0}}, {"type": "Feature", "geometry": {"type": "Polygon", "coordinates": [[[85.3401004, 28.1646379], [85.3401875, 28.1646651], [85.3402006, 28.1646325], [85.3401135, 28.1646053], [85.3401004, 28.1646379]]]}, "properties": {"building": "yes", "osm_id": "way/854385614", "status": "hit", "affected_frac": 1.0}}, {"type": "Feature", "geometry": {"type": "Polygon", "coordinates": [[[85.3399743, 28.1647159], [85.3401285, 28.1647514], [85.3401404, 28.1647111], [85.3399862, 28.1646757], [85.3399743, 28.1647159]]]}, "properties": {"building": "yes", "osm_id": "way/854385615", "status": "hit", "affected_frac": 1.0}}, {"type": "Feature", "geometry": {"type": "Polygon", "coordinates": [[[85.340441, 28.1648105], [85.3407495, 28.1648625], [85.3407613, 28.1648078], [85.3404529, 28.1647558], [85.340441, 28.1648105]]]}, "properties": {"building": "yes", "osm_id": "way/854385616", "status": "hit", "affected_frac": 1.0}}, {"type": "Feature", "geometry": {"type": "Polygon", "coordinates": [[[85.3384334, 28.1640881], [85.3385004, 28.1641247], [85.3385278, 28.1640858], [85.3384608, 28.1640492], [85.3384334, 28.1640881]]]}, "properties": {"building": "yes", "osm_id": "way/854385617", "status": "hit", "affected_frac": 1.0}}, {"type": "Feature", "geometry": {"type": "Polygon", "coordinates": [[[85.3391482, 28.1644913], [85.3392327, 28.164522], [85.3392486, 28.1644881], [85.3391641, 28.1644573], [85.3391482, 28.1644913]]]}, "properties": {"building": "yes", "osm_id": "way/854385618", "status": "hit", "affected_frac": 1.0}}, {"type": "Feature", "geometry": {"type": "Polygon", "coordinates": [[[85.3387405, 28.1643387], [85.3388223, 28.1643801], [85.3388408, 28.1643517], [85.338759, 28.1643103], [85.3387405, 28.1643387]]]}, "properties": {"building": "yes", "osm_id": "way/854385619", "status": "hit", "affected_frac": 1.0}}, {"type": "Feature", "geometry": {"type": "Polygon", "coordinates": [[[85.3387888, 28.1639734], [85.3388179, 28.164003], [85.338889, 28.1639486], [85.3388599, 28.163919], [85.3387888, 28.1639734]]]}, "properties": {"building": "yes", "osm_id": "way/854385620", "status": "hit", "affected_frac": 1.0}}, {"type": "Feature", "geometry": {"type": "Polygon", "coordinates": [[[85.3378487, 28.1637807], [85.3379008, 28.1638118], [85.3379625, 28.1637314], [85.3379104, 28.1637003], [85.3378487, 28.1637807]]]}, "properties": {"building": "yes", "osm_id": "way/854385621", "status": "hit", "affected_frac": 1.0}}, {"type": "Feature", "geometry": {"type": "Polygon", "coordinates": [[[85.3376153, 28.1636932], [85.3376796, 28.1637386], [85.3377286, 28.1636846], [85.3376643, 28.1636393], [85.3376153, 28.1636932]]]}, "properties": {"building": "yes", "osm_id": "way/854385622", "status": "hit", "affected_frac": 1.0}}, {"type": "Feature", "geometry": {"type": "Polygon", "coordinates": [[[85.3376032, 28.1636731], [85.3376444, 28.1636489], [85.3376122, 28.1636063], [85.3375711, 28.1636305], [85.3376032, 28.1636731]]]}, "properties": {"building": "yes", "osm_id": "way/854385623", "status": "hit", "affected_frac": 1.0}}, {"type": "Feature", "geometry": {"type": "Polygon", "coordinates": [[[85.3376703, 28.1632498], [85.3377078, 28.1632782], [85.3377255, 28.1632601], [85.3376879, 28.1632317], [85.3376703, 28.1632498]]]}, "properties": {"building": "yes", "osm_id": "way/854385624", "status": "hit", "affected_frac": 1.0}}, {"type": "Feature", "geometry": {"type": "Polygon", "coordinates": [[[85.3370896, 28.1639368], [85.3371342, 28.1639225], [85.3370805, 28.1637924], [85.337036, 28.1638067], [85.3370896, 28.1639368]]]}, "properties": {"building": "yes", "osm_id": "way/854385625", "status": "hit", "affected_frac": 1.0}}, {"type": "Feature", "geometry": {"type": "Polygon", "coordinates": [[[85.3371352, 28.163128], [85.3371796, 28.1631239], [85.3371716, 28.1630561], [85.3371271, 28.1630602], [85.3371352, 28.163128]]]}, "properties": {"building": "yes", "osm_id": "way/854385628", "status": "hit", "affected_frac": 1.0}}, {"type": "Feature", "geometry": {"type": "Polygon", "coordinates": [[[85.3358397, 28.1617967], [85.3358861, 28.1617685], [85.3358324, 28.1617], [85.335786, 28.1617282], [85.3358397, 28.1617967]]]}, "properties": {"building": "yes", "osm_id": "way/854385629", "status": "possibly hit", "affected_frac": 0.25}}, {"type": "Feature", "geometry": {"type": "Polygon", "coordinates": [[[85.336065, 28.1620308], [85.3360893, 28.1620448], [85.3361094, 28.1620176], [85.3360851, 28.1620036], [85.336065, 28.1620308]]]}, "properties": {"building": "yes", "osm_id": "way/854385630", "status": "possibly hit", "affected_frac": 0.0}}, {"type": "Feature", "geometry": {"type": "Polygon", "coordinates": [[[85.3362125, 28.1619753], [85.3362582, 28.1620119], [85.3362851, 28.1619859], [85.3362393, 28.1619493], [85.3362125, 28.1619753]]]}, "properties": {"building": "yes", "osm_id": "way/854385631", "status": "hit", "affected_frac": 1.0}}, {"type": "Feature", "geometry": {"type": "Polygon", "coordinates": [[[85.3362648, 28.1620214], [85.3363131, 28.1620734], [85.3363617, 28.1620384], [85.3363134, 28.1619863], [85.3362648, 28.1620214]]]}, "properties": {"building": "yes", "osm_id": "way/854385632", "status": "hit", "affected_frac": 1.0}}, {"type": "Feature", "geometry": {"type": "Polygon", "coordinates": [[[85.3364975, 28.1623767], [85.3365204, 28.1623627], [85.3364963, 28.1623319], [85.3364734, 28.1623459], [85.3364975, 28.1623767]]]}, "properties": {"building": "yes", "osm_id": "way/854385634", "status": "possibly hit", "affected_frac": 0.0}}, {"type": "Feature", "geometry": {"type": "Polygon", "coordinates": [[[85.336643, 28.1626669], [85.3366765, 28.1626539], [85.3366617, 28.1626244], [85.3366283, 28.1626374], [85.336643, 28.1626669]]]}, "properties": {"building": "yes", "osm_id": "way/854385636", "status": "possibly hit", "affected_frac": 0.33}}, {"type": "Feature", "geometry": {"type": "Polygon", "coordinates": [[[85.3365853, 28.1626326], [85.3366232, 28.1626188], [85.3365978, 28.1625645], [85.3365599, 28.1625783], [85.3365853, 28.1626326]]]}, "properties": {"building": "yes", "osm_id": "way/854385637", "status": "possibly hit", "affected_frac": 0.33}}, {"type": "Feature", "geometry": {"type": "Polygon", "coordinates": [[[85.3367785, 28.1628313], [85.3368166, 28.1628285], [85.3368126, 28.1627859], [85.3367744, 28.1627887], [85.3367785, 28.1628313]]]}, "properties": {"building": "yes", "osm_id": "way/854385638", "status": "hit", "affected_frac": 1.0}}, {"type": "Feature", "geometry": {"type": "Polygon", "coordinates": [[[85.3368093, 28.1632522], [85.3368321, 28.1632487], [85.336824, 28.1632074], [85.3368013, 28.1632108], [85.3368093, 28.1632522]]]}, "properties": {"building": "yes", "osm_id": "way/854385639", "status": "hit", "affected_frac": 1.0}}, {"type": "Feature", "geometry": {"type": "Polygon", "coordinates": [[[85.3367771, 28.1631812], [85.3368524, 28.1631416], [85.3367947, 28.1630565], [85.3367195, 28.1630961], [85.3367771, 28.1631812]]]}, "properties": {"building": "yes", "osm_id": "way/854385640", "status": "hit", "affected_frac": 1.0}}, {"type": "Feature", "geometry": {"type": "Polygon", "coordinates": [[[85.3366531, 28.1637233], [85.3366927, 28.1637237], [85.3366933, 28.163667], [85.3366537, 28.1636666], [85.3366531, 28.1637233]]]}, "properties": {"building": "yes", "osm_id": "way/854385641", "status": "possibly hit", "affected_frac": 0.0}}, {"type": "Feature", "geometry": {"type": "Polygon", "coordinates": [[[85.3370024, 28.1641649], [85.3370314, 28.1642102], [85.3370682, 28.1641919], [85.3370393, 28.1641466], [85.3370024, 28.1641649]]]}, "properties": {"building": "yes", "osm_id": "way/854385647", "status": "possibly hit", "affected_frac": 0.0}}, {"type": "Feature", "geometry": {"type": "Polygon", "coordinates": [[[85.3369676, 28.164104], [85.3370094, 28.1640878], [85.3369873, 28.1640435], [85.3369454, 28.1640597], [85.3369676, 28.164104]]]}, "properties": {"building": "yes", "osm_id": "way/854385650", "status": "possibly hit", "affected_frac": 0.0}}, {"type": "Feature", "geometry": {"type": "Polygon", "coordinates": [[[85.3369106, 28.164107], [85.3369498, 28.1640853], [85.336915, 28.1640362], [85.3368757, 28.1640579], [85.3369106, 28.164107]]]}, "properties": {"building": "yes", "osm_id": "way/854385651", "status": "possibly hit", "affected_frac": 0.0}}, {"type": "Feature", "geometry": {"type": "Polygon", "coordinates": [[[85.3368147, 28.1637712], [85.3369152, 28.1637622], [85.3369018, 28.1636463], [85.3368013, 28.1636554], [85.3368147, 28.1637712]]]}, "properties": {"building": "yes", "osm_id": "way/854385654", "status": "hit", "affected_frac": 0.83}}, {"type": "Feature", "geometry": {"type": "Polygon", "coordinates": [[[85.3407843, 28.1661872], [85.3408277, 28.1661816], [85.3408256, 28.166169], [85.3408648, 28.1661639], [85.3408623, 28.1661485], [85.3408904, 28.1661449], [85.3408715, 28.1660309], [85.3408434, 28.1660345], [85.3408397, 28.1660121], [85.3408006, 28.1660172], [85.3407572, 28.1660228], [85.3407061, 28.1660294], [85.3407224, 28.1661278], [85.3407734, 28.1661212], [85.3407843, 28.1661872]]]}, "properties": {"building": "yes", "osm_id": "way/934778587", "status": "possibly hit", "affected_frac": 0.0}}, {"type": "Feature", "geometry": {"type": "Polygon", "coordinates": [[[85.3388571, 28.1651603], [85.3388882, 28.1650842], [85.338841, 28.1650691], [85.3388099, 28.1651453], [85.3388571, 28.1651603]]]}, "properties": {"building": "yes", "osm_id": "way/934778590", "status": "possibly hit", "affected_frac": 0.0}}, {"type": "Feature", "geometry": {"type": "Polygon", "coordinates": [[[85.3414103, 28.1660163], [85.3413551, 28.1660699], [85.3415173, 28.1661998], [85.3415286, 28.1661888], [85.3415549, 28.1662101], [85.3415869, 28.166179], [85.3415606, 28.1661577], [85.3415725, 28.1661462], [85.3414103, 28.1660163]]]}, "properties": {"building": "yes", "osm_id": "way/934778618", "status": "hit", "affected_frac": 1.0}}, {"type": "Feature", "geometry": {"type": "Polygon", "coordinates": [[[85.340871, 28.165107], [85.3408516, 28.1651512], [85.3409711, 28.1651918], [85.3409904, 28.1651475], [85.340871, 28.165107]]]}, "properties": {"building": "yes", "osm_id": "way/934778619", "status": "hit", "affected_frac": 1.0}}, {"type": "Feature", "geometry": {"type": "Polygon", "coordinates": [[[85.3415666, 28.1652475], [85.3416073, 28.1651752], [85.3415341, 28.1651432], [85.3414935, 28.1652155], [85.3415666, 28.1652475]]]}, "properties": {"building": "yes", "osm_id": "way/934778620", "status": "hit", "affected_frac": 1.0}}, {"type": "Feature", "geometry": {"type": "Polygon", "coordinates": [[[85.3411906, 28.1667573], [85.3412322, 28.1668226], [85.3413624, 28.1667582], [85.3413208, 28.1666929], [85.3411906, 28.1667573]]]}, "properties": {"building": "yes", "osm_id": "way/934778621", "status": "hit", "affected_frac": 0.75}}, {"type": "Feature", "geometry": {"type": "Polygon", "coordinates": [[[85.3414298, 28.1665285], [85.3414786, 28.1666166], [85.3415441, 28.1665885], [85.3414953, 28.1665003], [85.3414298, 28.1665285]]]}, "properties": {"building": "yes", "osm_id": "way/934778622", "status": "hit", "affected_frac": 1.0}}, {"type": "Feature", "geometry": {"type": "Polygon", "coordinates": [[[85.3412301, 28.1666621], [85.34138, 28.166602], [85.3413373, 28.1665192], [85.3411874, 28.1665794], [85.3412301, 28.1666621]]]}, "properties": {"building": "yes", "osm_id": "way/934778623", "status": "hit", "affected_frac": 1.0}}, {"type": "Feature", "geometry": {"type": "Polygon", "coordinates": [[[85.3568012, 28.1537488], [85.3569508, 28.1536706], [85.3569192, 28.1536234], [85.3568181, 28.1536762], [85.3567915, 28.1536362], [85.3567429, 28.1536616], [85.3567695, 28.1537016], [85.3568012, 28.1537488]]]}, "properties": {"building": "yes", "osm_id": "way/934942955", "status": "hit", "affected_frac": 1.0}}, {"type": "Feature", "geometry": {"type": "Polygon", "coordinates": [[[85.2988649, 28.1865972], [85.2989219, 28.1865522], [85.2989915, 28.1866168], [85.298933, 28.1866625], [85.2988649, 28.1865972]]]}, "properties": {"building": "yes", "osm_id": "way/1034129514", "status": "hit", "affected_frac": 1.0}}, {"type": "Feature", "geometry": {"type": "Polygon", "coordinates": [[[85.3418513, 28.1673743], [85.341875, 28.167352], [85.3418933, 28.1673672], [85.3418697, 28.1673895], [85.3418513, 28.1673743]]]}, "properties": {"building": "yes", "osm_id": "way/1132149386", "status": "hit", "affected_frac": 1.0}}, {"type": "Feature", "geometry": {"type": "Polygon", "coordinates": [[[85.3361847, 28.1608075], [85.3361567, 28.1607527], [85.3362151, 28.1607295], [85.3362431, 28.1607843], [85.3361847, 28.1608075]]]}, "properties": {"building": "yes", "osm_id": "way/1132149397", "status": "hit", "affected_frac": 1.0}}, {"type": "Feature", "geometry": {"type": "Polygon", "coordinates": [[[85.3362751, 28.1604946], [85.3363095, 28.160468], [85.3362257, 28.1603836], [85.3361913, 28.1604102], [85.3362751, 28.1604946]]]}, "properties": {"building": "yes", "osm_id": "way/1132149398", "status": "hit", "affected_frac": 1.0}}, {"type": "Feature", "geometry": {"type": "Polygon", "coordinates": [[[85.33613, 28.161119], [85.3361579, 28.161111], [85.336128, 28.1610303], [85.3361002, 28.1610383], [85.33613, 28.161119]]]}, "properties": {"building": "yes", "osm_id": "way/1132149399", "status": "hit", "affected_frac": 1.0}}, {"type": "Feature", "geometry": {"type": "Polygon", "coordinates": [[[85.3367035, 28.1629084], [85.3367658, 28.1629056], [85.3367602, 28.1628074], [85.3366979, 28.1628102], [85.3367035, 28.1629084]]]}, "properties": {"building": "yes", "osm_id": "way/1132149400", "status": "hit", "affected_frac": 1.0}}, {"type": "Feature", "geometry": {"type": "Polygon", "coordinates": [[[85.3379109, 28.163605], [85.3379287, 28.1635624], [85.337995, 28.1635839], [85.3379772, 28.1636266], [85.3379109, 28.163605]]]}, "properties": {"building": "yes", "osm_id": "way/1132149401", "status": "hit", "affected_frac": 1.0}}, {"type": "Feature", "geometry": {"type": "Polygon", "coordinates": [[[85.3373491, 28.1644589], [85.3373614, 28.1644345], [85.337394, 28.1644473], [85.3373817, 28.1644717], [85.3373491, 28.1644589]]]}, "properties": {"building": "yes", "osm_id": "way/1132149402", "status": "possibly hit", "affected_frac": 0.0}}, {"type": "Feature", "geometry": {"type": "Polygon", "coordinates": [[[85.3414276, 28.1669301], [85.3415017, 28.1669172], [85.3414903, 28.1668661], [85.3414161, 28.1668791], [85.3414276, 28.1669301]]]}, "properties": {"building": "yes", "osm_id": "way/1132149408", "status": "hit", "affected_frac": 1.0}}, {"type": "Feature", "geometry": {"type": "Polygon", "coordinates": [[[85.3416095, 28.1676807], [85.3416555, 28.1676746], [85.3416484, 28.167633], [85.3416023, 28.1676391], [85.3416095, 28.1676807]]]}, "properties": {"building": "yes", "osm_id": "way/1132149409", "status": "hit", "affected_frac": 1.0}}, {"type": "Feature", "geometry": {"type": "Polygon", "coordinates": [[[85.3560351, 28.1541064], [85.3561642, 28.1541042], [85.3561627, 28.1540322], [85.3561075, 28.1540331], [85.3561082, 28.1540662], [85.3560343, 28.1540675], [85.3560351, 28.1541064]]]}, "properties": {"building": "yes", "osm_id": "way/1132149410", "status": "hit", "affected_frac": 1.0}}, {"type": "Feature", "geometry": {"type": "Polygon", "coordinates": [[[85.3565306, 28.1539678], [85.3564938, 28.1539956], [85.3565656, 28.1540696], [85.3567123, 28.1539587], [85.3566387, 28.153883], [85.3565927, 28.1539178], [85.3566314, 28.1539577], [85.3565676, 28.1540058], [85.3565306, 28.1539678]]]}, "properties": {"building": "yes", "osm_id": "way/1132149411", "status": "hit", "affected_frac": 0.57}}, {"type": "Feature", "geometry": {"type": "Polygon", "coordinates": [[[85.3018102, 28.183474], [85.3017925, 28.1833836], [85.3018477, 28.1833811], [85.3018686, 28.1834647], [85.3018102, 28.183474]]]}, "properties": {"building": "yes", "osm_id": "way/1154989023", "status": "possibly hit", "affected_frac": 0.0}}, {"type": "Feature", "geometry": {"type": "Polygon", "coordinates": [[[85.3018633, 28.1831777], [85.3018155, 28.1831168], [85.3018579, 28.1830934], [85.3019022, 28.1831574], [85.3018633, 28.1831777]]]}, "properties": {"building": "yes", "osm_id": "way/1154989035", "status": "possibly hit", "affected_frac": 0.0}}, {"type": "Feature", "geometry": {"type": "Polygon", "coordinates": [[[85.3013837, 28.1829452], [85.3014421, 28.1830373], [85.3015076, 28.1830092], [85.3014651, 28.1829], [85.3013837, 28.1829452]]]}, "properties": {"building": "yes", "osm_id": "way/1154989043", "status": "possibly hit", "affected_frac": 0.0}}, {"type": "Feature", "geometry": {"type": "Polygon", "coordinates": [[[85.2996043, 28.18618], [85.2994416, 28.1861191], [85.2996368, 28.1857356], [85.2997872, 28.1858001], [85.2996043, 28.18618]]]}, "properties": {"building": "yes", "osm_id": "way/1154990604", "status": "possibly hit", "affected_frac": 0.47}}, {"type": "Feature", "geometry": {"type": "Polygon", "coordinates": [[[85.3413475, 28.1669092], [85.3413984, 28.1669076], [85.3414, 28.1669461], [85.3413491, 28.1669477], [85.3413475, 28.1669092]]]}, "properties": {"building": "yes", "osm_id": "way/1162337470", "status": "hit", "affected_frac": 0.5}}, {"type": "Feature", "geometry": {"type": "Polygon", "coordinates": [[[85.3425834, 28.1643751], [85.3426022, 28.1643325], [85.3426766, 28.164358], [85.3426579, 28.1644005], [85.3425834, 28.1643751]]]}, "properties": {"building": "yes", "osm_id": "way/1162337471", "status": "hit", "affected_frac": 1.0}}, {"type": "Feature", "geometry": {"type": "Polygon", "coordinates": [[[85.3424121, 28.1644153], [85.3424517, 28.164378], [85.3424094, 28.1643432], [85.3423699, 28.1643804], [85.3424121, 28.1644153]]]}, "properties": {"building": "yes", "osm_id": "way/1162337472", "status": "hit", "affected_frac": 1.0}}, {"type": "Feature", "geometry": {"type": "Polygon", "coordinates": [[[85.3426392, 28.1648468], [85.3426573, 28.1648233], [85.3426215, 28.164802], [85.3426035, 28.1648255], [85.3426392, 28.1648468]]]}, "properties": {"building": "yes", "osm_id": "way/1162337473", "status": "hit", "affected_frac": 1.0}}, {"type": "Feature", "geometry": {"type": "Polygon", "coordinates": [[[85.3428675, 28.1650999], [85.3428779, 28.1650599], [85.3429056, 28.1650655], [85.3428951, 28.1651055], [85.3428675, 28.1650999]]]}, "properties": {"building": "yes", "osm_id": "way/1162337474", "status": "hit", "affected_frac": 1.0}}, {"type": "Feature", "geometry": {"type": "Polygon", "coordinates": [[[85.3428196, 28.165083], [85.3428248, 28.1650445], [85.3428589, 28.1650481], [85.3428537, 28.1650866], [85.3428196, 28.165083]]]}, "properties": {"building": "yes", "osm_id": "way/1162337475", "status": "hit", "affected_frac": 1.0}}, {"type": "Feature", "geometry": {"type": "Polygon", "coordinates": [[[85.3428418, 28.1652503], [85.3428708, 28.1652525], [85.3428743, 28.1652172], [85.3428453, 28.165215], [85.3428418, 28.1652503]]]}, "properties": {"building": "yes", "osm_id": "way/1162337476", "status": "hit", "affected_frac": 1.0}}, {"type": "Feature", "geometry": {"type": "Polygon", "coordinates": [[[85.3426954, 28.1648665], [85.3427815, 28.1648598], [85.3427866, 28.1649111], [85.3427006, 28.1649178], [85.3426954, 28.1648665]]]}, "properties": {"building": "yes", "osm_id": "way/1162337477", "status": "hit", "affected_frac": 1.0}}, {"type": "Feature", "geometry": {"type": "Polygon", "coordinates": [[[85.3672887, 28.2577304], [85.3673316, 28.2577209], [85.3673718, 28.2578201], [85.3673236, 28.2578296], [85.3672887, 28.2577304]]]}, "properties": {"building": "yes", "osm_id": "way/340606191", "status": "possibly hit", "affected_frac": 0.33}}, {"type": "Feature", "geometry": {"type": "Polygon", "coordinates": [[[85.3674416, 28.2577611], [85.3674925, 28.2577445], [85.3675274, 28.257839], [85.3674765, 28.2578556], [85.3674416, 28.2577611]]]}, "properties": {"building": "yes", "osm_id": "way/340606192", "status": "hit", "affected_frac": 1.0}}, {"type": "Feature", "geometry": {"type": "Polygon", "coordinates": [[[85.3674148, 28.257969], [85.3675006, 28.2579123], [85.3675825, 28.2579939], [85.3674872, 28.2580587], [85.3674148, 28.257969]]]}, "properties": {"building": "yes", "osm_id": "way/340606193", "status": "hit", "affected_frac": 1.0}}, {"type": "Feature", "geometry": {"type": "Polygon", "coordinates": [[[85.3669507, 28.254486], [85.3669467, 28.2544022], [85.3670366, 28.2543998], [85.3670393, 28.254486], [85.3669507, 28.254486]]]}, "properties": {"building": "yes", "osm_id": "way/340615900", "status": "hit", "affected_frac": 1.0}}, {"type": "Feature", "geometry": {"type": "Polygon", "coordinates": [[[85.3667874, 28.2545086], [85.3667854, 28.2544519], [85.366876, 28.2544494], [85.366878, 28.2545061], [85.3667874, 28.2545086]]]}, "properties": {"building": "yes", "osm_id": "way/340615904", "status": "possibly hit", "affected_frac": 0.0}}, {"type": "Feature", "geometry": {"type": "Polygon", "coordinates": [[[85.3664897, 28.2540706], [85.3664885, 28.2539551], [85.3665626, 28.2539545], [85.3665638, 28.2540699], [85.3664897, 28.2540706]]]}, "properties": {"building": "yes", "osm_id": "way/340615907", "status": "hit", "affected_frac": 1.0}}, {"type": "Feature", "geometry": {"type": "Polygon", "coordinates": [[[85.366481, 28.2538859], [85.366462, 28.2537701], [85.3665645, 28.2537571], [85.3665834, 28.253873], [85.366481, 28.2538859]]]}, "properties": {"building": "yes", "osm_id": "way/340615912", "status": "hit", "affected_frac": 1.0}}, {"type": "Feature", "geometry": {"type": "Polygon", "coordinates": [[[85.3662801, 28.2540431], [85.3663472, 28.254036], [85.3663556, 28.2541083], [85.3662912, 28.2541131], [85.3662801, 28.2540431]]]}, "properties": {"building": "yes", "osm_id": "way/340615913", "status": "hit", "affected_frac": 1.0}}, {"type": "Feature", "geometry": {"type": "Polygon", "coordinates": [[[85.3668877, 28.2539698], [85.3668877, 28.2539155], [85.3669682, 28.2539178], [85.3669668, 28.2539722], [85.3668877, 28.2539698]]]}, "properties": {"building": "yes", "osm_id": "way/340615914", "status": "hit", "affected_frac": 1.0}}, {"type": "Feature", "geometry": {"type": "Polygon", "coordinates": [[[85.3667636, 28.2541022], [85.366756, 28.2540416], [85.3668117, 28.2540361], [85.3668193, 28.2540968], [85.3667636, 28.2541022]]]}, "properties": {"building": "yes", "osm_id": "way/340615915", "status": "hit", "affected_frac": 1.0}}, {"type": "Feature", "geometry": {"type": "Polygon", "coordinates": [[[85.3666732, 28.2540135], [85.3667426, 28.2540057], [85.3667538, 28.2540892], [85.366683, 28.2540935], [85.3666732, 28.2540135]]]}, "properties": {"building": "yes", "osm_id": "way/340615916", "status": "hit", "affected_frac": 1.0}}, {"type": "Feature", "geometry": {"type": "Polygon", "coordinates": [[[85.3664746, 28.2530047], [85.3664559, 28.252935], [85.3665658, 28.2529149], [85.3665819, 28.252987], [85.3664746, 28.2530047]]]}, "properties": {"building": "yes", "osm_id": "way/340615917", "status": "hit", "affected_frac": 1.0}}, {"type": "Feature", "geometry": {"type": "Polygon", "coordinates": [[[85.3665082, 28.2530708], [85.3664921, 28.2530094], [85.3665806, 28.2529976], [85.3665873, 28.253059], [85.3665082, 28.2530708]]]}, "properties": {"building": "yes", "osm_id": "way/340615918", "status": "hit", "affected_frac": 1.0}}, {"type": "Feature", "geometry": {"type": "Polygon", "coordinates": [[[85.366189, 28.2529527], [85.3661702, 28.2528358], [85.3662641, 28.252824], [85.3662896, 28.2529421], [85.366189, 28.2529527]]]}, "properties": {"building": "yes", "osm_id": "way/340615919", "status": "hit", "affected_frac": 1.0}}, {"type": "Feature", "geometry": {"type": "Polygon", "coordinates": [[[85.3660951, 28.253248], [85.3660361, 28.2531358], [85.3661045, 28.2531027], [85.3661635, 28.2532256], [85.3660951, 28.253248]]]}, "properties": {"building": "yes", "osm_id": "way/340615920", "status": "hit", "affected_frac": 0.67}}, {"type": "Feature", "geometry": {"type": "Polygon", "coordinates": [[[85.3659382, 28.252551], [85.3659542, 28.2526278], [85.3661889, 28.2525971], [85.3661702, 28.252512], [85.3661286, 28.2525179], [85.3661366, 28.2525628], [85.3659958, 28.2525841], [85.3659864, 28.2525404], [85.3659382, 28.252551]]]}, "properties": {"building": "yes", "osm_id": "way/340615924", "status": "hit", "affected_frac": 1.0}}, {"type": "Feature", "geometry": {"type": "Polygon", "coordinates": [[[85.3661863, 28.251404], [85.3662614, 28.2514524], [85.3663057, 28.2513933], [85.3663236, 28.2513678], [85.3662458, 28.2513194], [85.3661863, 28.251404]]]}, "properties": {"building": "retail", "osm_id": "way/340615925", "status": "hit", "affected_frac": 1.0}}, {"type": "Feature", "geometry": {"type": "Polygon", "coordinates": [[[85.3659153, 28.2515363], [85.3659556, 28.2514607], [85.3659917, 28.2513884], [85.3660354, 28.2514057], [85.3659609, 28.2515551], [85.3659153, 28.2515363]]]}, "properties": {"building": "yes", "osm_id": "way/340615926", "status": "hit", "affected_frac": 1.0}}, {"type": "Feature", "geometry": {"type": "Polygon", "coordinates": [[[85.3663593, 28.2517017], [85.3664143, 28.2516532], [85.3664572, 28.2516922], [85.3663995, 28.2517418], [85.3663593, 28.2517017]]]}, "properties": {"building": "yes", "osm_id": "way/340615927", "status": "hit", "affected_frac": 1.0}}, {"type": "Feature", "geometry": {"type": "Polygon", "coordinates": [[[85.3670153, 28.2534042], [85.3670654, 28.2534058], [85.36707, 28.2532917], [85.36702, 28.2532901], [85.3670153, 28.2534042]]]}, "properties": {"building": "yes", "osm_id": "way/340624499", "status": "possibly hit", "affected_frac": 0.0}}, {"type": "Feature", "geometry": {"type": "Polygon", "coordinates": [[[85.3663868, 28.253959], [85.3664805, 28.2539484], [85.3664742, 28.2539049], [85.3663804, 28.2539155], [85.3663868, 28.253959]]]}, "properties": {"building": "yes", "osm_id": "way/340624500", "status": "hit", "affected_frac": 1.0}}, {"type": "Feature", "geometry": {"type": "Polygon", "coordinates": [[[85.3663681, 28.2537028], [85.3664661, 28.2537039], [85.3664668, 28.2536594], [85.3663688, 28.2536583], [85.3663681, 28.2537028]]]}, "properties": {"building": "yes", "osm_id": "way/340624502", "status": "hit", "affected_frac": 1.0}}, {"type": "Feature", "geometry": {"type": "Polygon", "coordinates": [[[85.3661644, 28.2520858], [85.3662371, 28.2521086], [85.3662681, 28.2520323], [85.3661953, 28.2520094], [85.3661644, 28.2520858]]]}, "properties": {"building": "yes", "osm_id": "way/340624503", "status": "hit", "affected_frac": 1.0}}, {"type": "Feature", "geometry": {"type": "Polygon", "coordinates": [[[85.366271, 28.2521984], [85.3661999, 28.252187], [85.3661721, 28.2523212], [85.3662431, 28.2523326], [85.366271, 28.2521984]]]}, "properties": {"building": "yes", "osm_id": "way/340624508", "status": "hit", "affected_frac": 1.0}}, {"type": "Feature", "geometry": {"type": "Polygon", "coordinates": [[[85.3664526, 28.2542882], [85.3665354, 28.2542815], [85.366528, 28.2542107], [85.3664452, 28.2542174], [85.3664526, 28.2542882]]]}, "properties": {"building": "yes", "osm_id": "way/340624512", "status": "hit", "affected_frac": 1.0}}, {"type": "Feature", "geometry": {"type": "Polygon", "coordinates": [[[85.3666211, 28.254075], [85.3666679, 28.2540644], [85.3666526, 28.2540119], [85.3666058, 28.2540225], [85.3666211, 28.254075]]]}, "properties": {"building": "yes", "osm_id": "way/340624516", "status": "hit", "affected_frac": 1.0}}, {"type": "Feature", "geometry": {"type": "Polygon", "coordinates": [[[85.3662863, 28.2512758], [85.366396, 28.2513066], [85.366419, 28.2512432], [85.3663094, 28.2512122], [85.3662863, 28.2512758]]]}, "properties": {"building": "retail", "osm_id": "way/340624523", "status": "hit", "affected_frac": 1.0}}, {"type": "Feature", "geometry": {"type": "Polygon", "coordinates": [[[85.3667708, 28.2539912], [85.3668129, 28.2539876], [85.3668079, 28.253943], [85.3668049, 28.253915], [85.3667628, 28.2539186], [85.3667708, 28.2539912]]]}, "properties": {"building": "yes", "osm_id": "way/340624524", "status": "hit", "affected_frac": 1.0}}, {"type": "Feature", "geometry": {"type": "Polygon", "coordinates": [[[85.3661449, 28.2522401], [85.36607, 28.2522242], [85.3660454, 28.2523138], [85.3661203, 28.2523298], [85.3661449, 28.2522401]]]}, "properties": {"building": "yes", "osm_id": "way/340624527", "status": "hit", "affected_frac": 1.0}}, {"type": "Feature", "geometry": {"type": "Polygon", "coordinates": [[[85.3667179, 28.2538281], [85.3667749, 28.2538226], [85.3667683, 28.2537687], [85.3667101, 28.2537746], [85.3667179, 28.2538281]]]}, "properties": {"building": "yes", "osm_id": "way/340624533", "status": "hit", "affected_frac": 1.0}}, {"type": "Feature", "geometry": {"type": "Polygon", "coordinates": [[[85.3665154, 28.2531586], [85.3666111, 28.253146], [85.3665979, 28.2530686], [85.3665022, 28.2530812], [85.3665154, 28.2531586]]]}, "properties": {"building": "yes", "osm_id": "way/340624535", "status": "hit", "affected_frac": 1.0}}, {"type": "Feature", "geometry": {"type": "Polygon", "coordinates": [[[85.3666928, 28.2536989], [85.3667731, 28.2536911], [85.3667653, 28.2536294], [85.366685, 28.2536372], [85.3666928, 28.2536989]]]}, "properties": {"building": "yes", "osm_id": "way/340624536", "status": "hit", "affected_frac": 1.0}}, {"type": "Feature", "geometry": {"type": "Polygon", "coordinates": [[[85.3667797, 28.2542628], [85.3668657, 28.2542578], [85.3668603, 28.2541851], [85.3667743, 28.2541901], [85.3667797, 28.2542628]]]}, "properties": {"building": "yes", "osm_id": "way/340624537", "status": "hit", "affected_frac": 1.0}}, {"type": "Feature", "geometry": {"type": "Polygon", "coordinates": [[[85.3661211, 28.2528226], [85.3662065, 28.252817], [85.3662005, 28.252746], [85.3661152, 28.2527515], [85.3661211, 28.2528226]]]}, "properties": {"building": "yes", "osm_id": "way/340624538", "status": "hit", "affected_frac": 1.0}}, {"type": "Feature", "geometry": {"type": "Polygon", "coordinates": [[[85.3660457, 28.2527234], [85.3662101, 28.2527072], [85.3661983, 28.252614], [85.3660339, 28.2526302], [85.3660457, 28.2527234]]]}, "properties": {"building": "yes", "osm_id": "way/340624545", "status": "hit", "affected_frac": 1.0}}, {"type": "Feature", "geometry": {"type": "Polygon", "coordinates": [[[85.3667578, 28.2535759], [85.3668428, 28.2535759], [85.3668428, 28.2533798], [85.3667578, 28.2533798], [85.3667578, 28.2535759]]]}, "properties": {"building": "yes", "osm_id": "way/340624546", "status": "hit", "affected_frac": 1.0}}, {"type": "Feature", "geometry": {"type": "Polygon", "coordinates": [[[85.3665729, 28.2544289], [85.3666835, 28.254421], [85.3666727, 28.2543053], [85.3665623, 28.2543132], [85.3665729, 28.2544289]]]}, "properties": {"building": "yes", "osm_id": "way/340624547", "status": "hit", "affected_frac": 1.0}}, {"type": "Feature", "geometry": {"type": "Polygon", "coordinates": [[[85.3664092, 28.2540715], [85.3664805, 28.2540728], [85.3664817, 28.2540211], [85.3664105, 28.2540197], [85.3664092, 28.2540715]]]}, "properties": {"building": "yes", "osm_id": "way/340624548", "status": "hit", "affected_frac": 1.0}}, {"type": "Feature", "geometry": {"type": "Polygon", "coordinates": [[[85.3664573, 28.2542007], [85.3665211, 28.2541873], [85.3665096, 28.2541445], [85.3664457, 28.2541579], [85.3664573, 28.2542007]]]}, "properties": {"building": "yes", "osm_id": "way/340624549", "status": "hit", "affected_frac": 1.0}}, {"type": "Feature", "geometry": {"type": "Polygon", "coordinates": [[[85.3662535, 28.25235], [85.3663416, 28.252364], [85.3663693, 28.2522293], [85.3662812, 28.2522153], [85.3662535, 28.25235]]]}, "properties": {"building": "yes", "osm_id": "way/340624550", "status": "hit", "affected_frac": 1.0}}, {"type": "Feature", "geometry": {"type": "Polygon", "coordinates": [[[85.3660752, 28.252216], [85.3661416, 28.2522311], [85.3661529, 28.2521922], [85.3660865, 28.2521772], [85.3660752, 28.252216]]]}, "properties": {"building": "yes", "osm_id": "way/340624552", "status": "hit", "affected_frac": 1.0}}, {"type": "Feature", "geometry": {"type": "Polygon", "coordinates": [[[85.3667091, 28.2539816], [85.3667572, 28.2539744], [85.3667477, 28.2539258], [85.3666997, 28.2539331], [85.3667091, 28.2539816]]]}, "properties": {"building": "yes", "osm_id": "way/340624553", "status": "hit", "affected_frac": 1.0}}, {"type": "Feature", "geometry": {"type": "Polygon", "coordinates": [[[85.3665315, 28.2532665], [85.3666017, 28.2532578], [85.3665877, 28.2531703], [85.3665175, 28.2531789], [85.3665315, 28.2532665]]]}, "properties": {"building": "yes", "osm_id": "way/340624554", "status": "hit", "affected_frac": 1.0}}, {"type": "Feature", "geometry": {"type": "Polygon", "coordinates": [[[85.366756, 28.2541649], [85.36683, 28.2541621], [85.3668273, 28.2541072], [85.3667534, 28.25411], [85.366756, 28.2541649]]]}, "properties": {"building": "yes", "osm_id": "way/340624555", "status": "hit", "affected_frac": 1.0}}, {"type": "Feature", "geometry": {"type": "Polygon", "coordinates": [[[85.3667031, 28.2542802], [85.3667726, 28.254274], [85.3667629, 28.2541884], [85.3666933, 28.2541945], [85.3667031, 28.2542802]]]}, "properties": {"building": "yes", "osm_id": "way/340624557", "status": "hit", "affected_frac": 1.0}}, {"type": "Feature", "geometry": {"type": "Polygon", "coordinates": [[[85.3660075, 28.2522336], [85.3660284, 28.2521739], [85.365955, 28.2521538], [85.365934, 28.2522135], [85.3660075, 28.2522336]]]}, "properties": {"building": "yes", "osm_id": "way/340624558", "status": "hit", "affected_frac": 1.0}}, {"type": "Feature", "geometry": {"type": "Polygon", "coordinates": [[[85.3669606, 28.2550565], [85.3670616, 28.2550397], [85.3670174, 28.2548335], [85.3669164, 28.2548503], [85.3669606, 28.2550565]]]}, "properties": {"building": "yes", "osm_id": "way/340624563", "status": "possibly hit", "affected_frac": 0.0}}, {"type": "Feature", "geometry": {"type": "Polygon", "coordinates": [[[85.3577735, 28.2393854], [85.3577465, 28.2393411], [85.3577729, 28.2393286], [85.3577999, 28.2393729], [85.3577735, 28.2393854]]]}, "properties": {"building": "yes", "osm_id": "way/341463014", "status": "hit", "affected_frac": 1.0}}, {"type": "Feature", "geometry": {"type": "Polygon", "coordinates": [[[85.3577852, 28.2391811], [85.3578096, 28.2391808], [85.3578562, 28.2391802], [85.3578558, 28.2391541], [85.3578114, 28.2391547], [85.3577848, 28.239155], [85.3577852, 28.2391811]]]}, "properties": {"building": "yes", "osm_id": "way/341463015", "status": "hit", "affected_frac": 1.0}}, {"type": "Feature", "geometry": {"type": "Polygon", "coordinates": [[[85.3576448, 28.2392896], [85.3576271, 28.2392576], [85.3576554, 28.2392444], [85.3576722, 28.2392794], [85.3576448, 28.2392896]]]}, "properties": {"building": "yes", "osm_id": "way/341463016", "status": "hit", "affected_frac": 1.0}}, {"type": "Feature", "geometry": {"type": "Polygon", "coordinates": [[[85.3671318, 28.2560893], [85.3671506, 28.2560547], [85.3671202, 28.2560419], [85.3671014, 28.2560765], [85.3671318, 28.2560893]]]}, "properties": {"building": "yes", "osm_id": "way/341558535", "status": "possibly hit", "affected_frac": 0.0}}, {"type": "Feature", "geometry": {"type": "Polygon", "coordinates": [[[85.3579555, 28.2425859], [85.3579948, 28.2425772], [85.3579857, 28.2425451], [85.3579463, 28.2425538], [85.3579555, 28.2425859]]]}, "properties": {"building": "yes", "osm_id": "way/341558553", "status": "hit", "affected_frac": 1.0}}, {"type": "Feature", "geometry": {"type": "Polygon", "coordinates": [[[85.3664865, 28.25337], [85.3665485, 28.2533611], [85.3665395, 28.2533124], [85.3664775, 28.2533213], [85.3664865, 28.25337]]]}, "properties": {"building": "yes", "osm_id": "way/341558554", "status": "hit", "affected_frac": 1.0}}, {"type": "Feature", "geometry": {"type": "Polygon", "coordinates": [[[85.3548119, 28.2106395], [85.3548541, 28.2106374], [85.3548483, 28.2105476], [85.3548061, 28.2105497], [85.3548119, 28.2106395]]]}, "properties": {"building": "yes", "osm_id": "way/342039387", "status": "hit", "affected_frac": 1.0}}, {"type": "Feature", "geometry": {"type": "Polygon", "coordinates": [[[85.3549983, 28.2131139], [85.3550396, 28.2130975], [85.35502, 28.2130592], [85.3549787, 28.2130756], [85.3549983, 28.2131139]]]}, "properties": {"building": "yes", "osm_id": "way/342634634", "status": "hit", "affected_frac": 1.0}}, {"type": "Feature", "geometry": {"type": "Polygon", "coordinates": [[[85.3549619, 28.2130607], [85.355004, 28.2130539], [85.3549982, 28.2130262], [85.3549561, 28.2130329], [85.3549619, 28.2130607]]]}, "properties": {"building": "yes", "osm_id": "way/342634635", "status": "hit", "affected_frac": 1.0}}, {"type": "Feature", "geometry": {"type": "Polygon", "coordinates": [[[85.3549541, 28.2130216], [85.3549925, 28.2130182], [85.3549898, 28.2129942], [85.3549513, 28.2129976], [85.3549541, 28.2130216]]]}, "properties": {"building": "yes", "osm_id": "way/342634636", "status": "hit", "affected_frac": 1.0}}, {"type": "Feature", "geometry": {"type": "Polygon", "coordinates": [[[85.3550677, 28.2073121], [85.3550958, 28.2073268], [85.355118, 28.2072937], [85.35509, 28.207279], [85.3550677, 28.2073121]]]}, "properties": {"building": "yes", "osm_id": "way/342634637", "status": "hit", "affected_frac": 1.0}}, {"type": "Feature", "geometry": {"type": "Polygon", "coordinates": [[[85.3550947, 28.2072729], [85.3551204, 28.2072837], [85.3551381, 28.2072513], [85.3551124, 28.2072404], [85.3550947, 28.2072729]]]}, "properties": {"building": "yes", "osm_id": "way/342634638", "status": "hit", "affected_frac": 1.0}}, {"type": "Feature", "geometry": {"type": "Polygon", "coordinates": [[[85.3584768, 28.2411774], [85.3585272, 28.2411769], [85.3585251, 28.2410202], [85.3584747, 28.2410207], [85.3584768, 28.2411774]]]}, "properties": {"building": "yes", "osm_id": "way/846885638", "status": "possibly hit", "affected_frac": 0.0}}, {"type": "Feature", "geometry": {"type": "Polygon", "coordinates": [[[85.3587515, 28.2420659], [85.3586622, 28.2420709], [85.3586803, 28.2423266], [85.3587697, 28.2423217], [85.3587515, 28.2420659]]]}, "properties": {"building": "yes", "osm_id": "way/846885644", "status": "possibly hit", "affected_frac": 0.0}}, {"type": "Feature", "geometry": {"type": "Polygon", "coordinates": [[[85.3584561, 28.2422071], [85.3585231, 28.2422048], [85.3585123, 28.2419673], [85.3584453, 28.2419696], [85.3584561, 28.2422071]]]}, "properties": {"building": "yes", "osm_id": "way/846885645", "status": "possibly hit", "affected_frac": 0.38}}, {"type": "Feature", "geometry": {"type": "Polygon", "coordinates": [[[85.3585954, 28.2424424], [85.358647, 28.2424049], [85.3585139, 28.2422625], [85.3584623, 28.2423], [85.3585954, 28.2424424]]]}, "properties": {"building": "yes", "osm_id": "way/846885646", "status": "possibly hit", "affected_frac": 0.0}}, {"type": "Feature", "geometry": {"type": "Polygon", "coordinates": [[[85.3587789, 28.2428539], [85.3588614, 28.2428353], [85.3587359, 28.2424022], [85.3586533, 28.2424208], [85.3587789, 28.2428539]]]}, "properties": {"building": "yes", "osm_id": "way/846885648", "status": "hit", "affected_frac": 0.78}}, {"type": "Feature", "geometry": {"type": "Polygon", "coordinates": [[[85.3587106, 28.2428944], [85.3587792, 28.2428778], [85.3586861, 28.2425778], [85.3586176, 28.2425943], [85.3587106, 28.2428944]]]}, "properties": {"building": "yes", "osm_id": "way/846885649", "status": "hit", "affected_frac": 1.0}}, {"type": "Feature", "geometry": {"type": "Polygon", "coordinates": [[[85.3577211, 28.2392476], [85.357748, 28.2392594], [85.3577718, 28.2392173], [85.357745, 28.2392055], [85.3577211, 28.2392476]]]}, "properties": {"building": "yes", "osm_id": "way/846885654", "status": "hit", "affected_frac": 1.0}}, {"type": "Feature", "geometry": {"type": "Polygon", "coordinates": [[[85.3578003, 28.2389026], [85.3578351, 28.2389014], [85.3578327, 28.2388447], [85.3577978, 28.2388459], [85.3578003, 28.2389026]]]}, "properties": {"building": "yes", "osm_id": "way/846885655", "status": "hit", "affected_frac": 1.0}}, {"type": "Feature", "geometry": {"type": "Polygon", "coordinates": [[[85.3577346, 28.2388376], [85.3577694, 28.2388435], [85.3577803, 28.2387936], [85.3577455, 28.2387877], [85.3577346, 28.2388376]]]}, "properties": {"building": "yes", "osm_id": "way/846885656", "status": "hit", "affected_frac": 1.0}}, {"type": "Feature", "geometry": {"type": "Polygon", "coordinates": [[[85.3577171, 28.2389238], [85.357756, 28.2389238], [85.357756, 28.2388624], [85.3577171, 28.2388624], [85.3577171, 28.2389238]]]}, "properties": {"building": "yes", "osm_id": "way/846885657", "status": "hit", "affected_frac": 1.0}}, {"type": "Feature", "geometry": {"type": "Polygon", "coordinates": [[[85.3576259, 28.2388872], [85.3576836, 28.2388955], [85.3576981, 28.2388172], [85.3576404, 28.2388089], [85.3576259, 28.2388872]]]}, "properties": {"building": "yes", "osm_id": "way/846885658", "status": "possibly hit", "affected_frac": 0.0}}, {"type": "Feature", "geometry": {"type": "Polygon", "coordinates": [[[85.3575665, 28.2390518], [85.3576553, 28.2390625], [85.3576657, 28.2389953], [85.357577, 28.2389846], [85.3575665, 28.2390518]]]}, "properties": {"building": "yes", "osm_id": "way/846885659", "status": "possibly hit", "affected_frac": 0.0}}, {"type": "Feature", "geometry": {"type": "Polygon", "coordinates": [[[85.3577963, 28.239104], [85.3578754, 28.2391082], [85.3578786, 28.23906], [85.3577995, 28.2390558], [85.3577963, 28.239104]]]}, "properties": {"building": "yes", "osm_id": "way/846885660", "status": "hit", "affected_frac": 1.0}}, {"type": "Feature", "geometry": {"type": "Polygon", "coordinates": [[[85.3578794, 28.2386178], [85.3579277, 28.2386202], [85.3579353, 28.2384993], [85.357887, 28.2384969], [85.3578794, 28.2386178]]]}, "properties": {"building": "yes", "osm_id": "way/846885661", "status": "hit", "affected_frac": 1.0}}, {"type": "Feature", "geometry": {"type": "Polygon", "coordinates": [[[85.3583273, 28.2361627], [85.3583676, 28.2361863], [85.3583993, 28.2361443], [85.3583591, 28.2361207], [85.3583273, 28.2361627]]]}, "properties": {"building": "yes", "osm_id": "way/846885668", "status": "hit", "affected_frac": 1.0}}, {"type": "Feature", "geometry": {"type": "Polygon", "coordinates": [[[85.3580001, 28.236614], [85.3580564, 28.2366542], [85.3581209, 28.236584], [85.3580646, 28.2365438], [85.3580001, 28.236614]]]}, "properties": {"building": "yes", "osm_id": "way/846885669", "status": "hit", "affected_frac": 1.0}}, {"type": "Feature", "geometry": {"type": "Polygon", "coordinates": [[[85.3583246, 28.2359736], [85.3584507, 28.2360374], [85.3585802, 28.2358388], [85.3584542, 28.235775], [85.3583246, 28.2359736]]]}, "properties": {"building": "yes", "osm_id": "way/846885670", "status": "hit", "affected_frac": 1.0}}, {"type": "Feature", "geometry": {"type": "Polygon", "coordinates": [[[85.3589898, 28.2345794], [85.3590086, 28.234596], [85.3590555, 28.2345546], [85.3590368, 28.2345381], [85.3589898, 28.2345794]]]}, "properties": {"building": "yes", "osm_id": "way/846885671", "status": "hit", "affected_frac": 1.0}}, {"type": "Feature", "geometry": {"type": "Polygon", "coordinates": [[[85.3554889, 28.2160838], [85.3555526, 28.2161441], [85.3555914, 28.2161122], [85.3555277, 28.2160519], [85.3554889, 28.2160838]]]}, "properties": {"building": "yes", "osm_id": "way/847869348", "status": "hit", "affected_frac": 1.0}}, {"type": "Feature", "geometry": {"type": "Polygon", "coordinates": [[[85.3553917, 28.2149393], [85.3553917, 28.2149783], [85.3554533, 28.2149783], [85.3554533, 28.2149393], [85.3553917, 28.2149393]]]}, "properties": {"building": "yes", "osm_id": "way/847869349", "status": "hit", "affected_frac": 1.0}}, {"type": "Feature", "geometry": {"type": "Polygon", "coordinates": [[[85.355444, 28.2147916], [85.3554292, 28.2148436], [85.3554611, 28.2148506], [85.3554758, 28.2147986], [85.355444, 28.2147916]]]}, "properties": {"building": "yes", "osm_id": "way/847869350", "status": "hit", "affected_frac": 1.0}}, {"type": "Feature", "geometry": {"type": "Polygon", "coordinates": [[[85.3553957, 28.2121657], [85.3554007, 28.2122163], [85.3554463, 28.2122128], [85.3554413, 28.2121621], [85.3553957, 28.2121657]]]}, "properties": {"building": "yes", "osm_id": "way/847869361", "status": "hit", "affected_frac": 1.0}}, {"type": "Feature", "geometry": {"type": "Polygon", "coordinates": [[[85.3554507, 28.2120782], [85.3554319, 28.2121467], [85.3554816, 28.2121573], [85.3555003, 28.2120888], [85.3554507, 28.2120782]]]}, "properties": {"building": "yes", "osm_id": "way/847869362", "status": "hit", "affected_frac": 1.0}}, {"type": "Feature", "geometry": {"type": "Polygon", "coordinates": [[[85.3552844, 28.2119423], [85.355279, 28.2120534], [85.3553376, 28.2120556], [85.3553429, 28.2119445], [85.3552844, 28.2119423]]]}, "properties": {"building": "yes", "osm_id": "way/847869363", "status": "hit", "affected_frac": 1.0}}, {"type": "Feature", "geometry": {"type": "Polygon", "coordinates": [[[85.3669225, 28.2521651], [85.3669198, 28.2523388], [85.367026, 28.2523401], [85.3670287, 28.2521664], [85.3669225, 28.2521651]]]}, "properties": {"building": "yes", "osm_id": "way/851367089", "status": "hit", "affected_frac": 1.0}}, {"type": "Feature", "geometry": {"type": "Polygon", "coordinates": [[[85.3647821, 28.252881], [85.3647847, 28.2529188], [85.3648292, 28.2529164], [85.3648266, 28.2528786], [85.3647821, 28.252881]]]}, "properties": {"building": "yes", "osm_id": "way/851367090", "status": "hit", "affected_frac": 1.0}}, {"type": "Feature", "geometry": {"type": "Polygon", "coordinates": [[[85.3645205, 28.2532094], [85.3645353, 28.2532756], [85.3645969, 28.2532649], [85.3645822, 28.2531988], [85.3645205, 28.2532094]]]}, "properties": {"building": "yes", "osm_id": "way/851367091", "status": "hit", "affected_frac": 1.0}}, {"type": "Feature", "geometry": {"type": "Polygon", "coordinates": [[[85.3646667, 28.2531244], [85.3646721, 28.2532472], [85.3647856, 28.2532434], [85.3647802, 28.2531205], [85.3646667, 28.2531244]]]}, "properties": {"building": "yes", "osm_id": "way/851367092", "status": "hit", "affected_frac": 1.0}}, {"type": "Feature", "geometry": {"type": "Polygon", "coordinates": [[[85.3645138, 28.2530299], [85.3645127, 28.2531019], [85.3647997, 28.2531055], [85.3648008, 28.2530334], [85.3645138, 28.2530299]]]}, "properties": {"building": "yes", "osm_id": "way/851367093", "status": "hit", "affected_frac": 1.0}}, {"type": "Feature", "geometry": {"type": "Polygon", "coordinates": [[[85.3644817, 28.2529342], [85.3644819, 28.2529802], [85.3647702, 28.2529791], [85.36477, 28.252933], [85.3644817, 28.2529342]]]}, "properties": {"building": "yes", "osm_id": "way/851367094", "status": "hit", "affected_frac": 1.0}}, {"type": "Feature", "geometry": {"type": "Polygon", "coordinates": [[[85.364491, 28.2528621], [85.3644888, 28.2529097], [85.3647449, 28.2529192], [85.3647472, 28.2528716], [85.364491, 28.2528621]]]}, "properties": {"building": "yes", "osm_id": "way/851367095", "status": "hit", "affected_frac": 1.0}}, {"type": "Feature", "geometry": {"type": "Polygon", "coordinates": [[[85.3644436, 28.2527171], [85.3644433, 28.2527557], [85.3646756, 28.2527571], [85.3646753, 28.2527873], [85.3644437, 28.2527858], [85.3644432, 28.2528389], [85.3647286, 28.2528407], [85.3647296, 28.2527189], [85.3644436, 28.2527171]]]}, "properties": {"building": "yes", "osm_id": "way/851367096", "status": "hit", "affected_frac": 1.0}}, {"type": "Feature", "geometry": {"type": "Polygon", "coordinates": [[[85.3643864, 28.2526176], [85.3643842, 28.2526823], [85.3647302, 28.2526918], [85.3647324, 28.252627], [85.3643864, 28.2526176]]]}, "properties": {"building": "yes", "osm_id": "way/851367097", "status": "hit", "affected_frac": 1.0}}, {"type": "Feature", "geometry": {"type": "Polygon", "coordinates": [[[85.3644012, 28.2524298], [85.3643958, 28.2525621], [85.3644613, 28.2525641], [85.3644667, 28.2524318], [85.3644012, 28.2524298]]]}, "properties": {"building": "yes", "osm_id": "way/851367098", "status": "hit", "affected_frac": 1.0}}, {"type": "Feature", "geometry": {"type": "Polygon", "coordinates": [[[85.3644964, 28.2525136], [85.364507, 28.2525735], [85.3646706, 28.2525511], [85.36466, 28.2524912], [85.3644964, 28.2525136]]]}, "properties": {"building": "yes", "osm_id": "way/851367099", "status": "hit", "affected_frac": 1.0}}, {"type": "Feature", "geometry": {"type": "Polygon", "coordinates": [[[85.3645366, 28.2524002], [85.3645554, 28.2524806], [85.3646453, 28.2524643], [85.3646266, 28.2523839], [85.3645366, 28.2524002]]]}, "properties": {"building": "yes", "osm_id": "way/851367100", "status": "hit", "affected_frac": 1.0}}, {"type": "Feature", "geometry": {"type": "Polygon", "coordinates": [[[85.3644454, 28.2522856], [85.3644446, 28.2523601], [85.3645814, 28.2523613], [85.3645822, 28.2522868], [85.3644454, 28.2522856]]]}, "properties": {"building": "yes", "osm_id": "way/851367101", "status": "hit", "affected_frac": 1.0}}, {"type": "Feature", "geometry": {"type": "Polygon", "coordinates": [[[85.3660333, 28.2534221], [85.3660481, 28.253526], [85.3661151, 28.2535187], [85.3661003, 28.2534147], [85.3660333, 28.2534221]]]}, "properties": {"building": "retail", "osm_id": "way/851367102", "status": "hit", "affected_frac": 1.0}}, {"type": "Feature", "geometry": {"type": "Polygon", "coordinates": [[[85.3660266, 28.2535461], [85.36604, 28.2536513], [85.3661068, 28.2536447], [85.3660934, 28.2535395], [85.3660266, 28.2535461]]]}, "properties": {"building": "retail", "osm_id": "way/851367103", "status": "hit", "affected_frac": 1.0}}, {"type": "Feature", "geometry": {"type": "Polygon", "coordinates": [[[85.3661503, 28.2537791], [85.3662247, 28.2537762], [85.3662225, 28.2537313], [85.36631, 28.2537279], [85.3663064, 28.2536543], [85.3661444, 28.2536605], [85.3661503, 28.2537791]]]}, "properties": {"building": "yes", "osm_id": "way/851367104", "status": "hit", "affected_frac": 1.0}}, {"type": "Feature", "geometry": {"type": "Polygon", "coordinates": [[[85.3662787, 28.2538698], [85.3662726, 28.2540163], [85.366335, 28.2540183], [85.3663411, 28.2538718], [85.3662787, 28.2538698]]]}, "properties": {"building": "yes", "osm_id": "way/851367105", "status": "hit", "affected_frac": 1.0}}, {"type": "Feature", "geometry": {"type": "Polygon", "coordinates": [[[85.366213, 28.2538344], [85.3662103, 28.2540033], [85.3662556, 28.2540039], [85.3662582, 28.2538349], [85.366213, 28.2538344]]]}, "properties": {"building": "yes", "osm_id": "way/851367106", "status": "hit", "affected_frac": 1.0}}, {"type": "Feature", "geometry": {"type": "Polygon", "coordinates": [[[85.366842, 28.2545337], [85.3668621, 28.2546601], [85.3669653, 28.2546474], [85.3669452, 28.254521], [85.366842, 28.2545337]]]}, "properties": {"building": "yes", "osm_id": "way/851367107", "status": "hit", "affected_frac": 0.5}}, {"type": "Feature", "geometry": {"type": "Polygon", "coordinates": [[[85.3669721, 28.2559265], [85.3669801, 28.2560222], [85.3670226, 28.2560194], [85.3670145, 28.2559237], [85.3669721, 28.2559265]]]}, "properties": {"building": "yes", "osm_id": "way/851367111", "status": "possibly hit", "affected_frac": 0.33}}, {"type": "Feature", "geometry": {"type": "Polygon", "coordinates": [[[85.366937, 28.2557301], [85.3669519, 28.2559074], [85.367017, 28.2559032], [85.3670021, 28.2557258], [85.366937, 28.2557301]]]}, "properties": {"building": "yes", "osm_id": "way/851367112", "status": "hit", "affected_frac": 0.5}}, {"type": "Feature", "geometry": {"type": "Polygon", "coordinates": [[[85.367133, 28.2576441], [85.3671934, 28.2576913], [85.3672257, 28.2576593], [85.3671654, 28.257612], [85.367133, 28.2576441]]]}, "properties": {"building": "yes", "osm_id": "way/851367124", "status": "hit", "affected_frac": 0.5}}, {"type": "Feature", "geometry": {"type": "Polygon", "coordinates": [[[85.3619832, 28.2460303], [85.362073, 28.2460917], [85.3621335, 28.246023], [85.3620437, 28.2459616], [85.3619832, 28.2460303]]]}, "properties": {"building": "yes", "osm_id": "way/851368419", "status": "hit", "affected_frac": 1.0}}, {"type": "Feature", "geometry": {"type": "Polygon", "coordinates": [[[85.3621374, 28.2461449], [85.3621992, 28.2461971], [85.3622649, 28.2461369], [85.3622031, 28.2460846], [85.3621374, 28.2461449]]]}, "properties": {"building": "yes", "osm_id": "way/851368420", "status": "hit", "affected_frac": 1.0}}, {"type": "Feature", "geometry": {"type": "Polygon", "coordinates": [[[85.362246, 28.2462287], [85.3623962, 28.2463658], [85.3624663, 28.2463062], [85.3623161, 28.2461692], [85.362246, 28.2462287]]]}, "properties": {"building": "yes", "osm_id": "way/851368421", "status": "hit", "affected_frac": 1.0}}, {"type": "Feature", "geometry": {"type": "Polygon", "coordinates": [[[85.3626215, 28.2465737], [85.3629461, 28.2468691], [85.3630698, 28.2467636], [85.3627452, 28.2464682], [85.3626215, 28.2465737]]]}, "properties": {"building": "yes", "osm_id": "way/851368422", "status": "hit", "affected_frac": 1.0}}, {"type": "Feature", "geometry": {"type": "Polygon", "coordinates": [[[85.3642282, 28.2559643], [85.3642349, 28.2560647], [85.3642917, 28.2560617], [85.364285, 28.2559613], [85.3642282, 28.2559643]]]}, "properties": {"building": "yes", "osm_id": "way/851368423", "status": "hit", "affected_frac": 1.0}}, {"type": "Feature", "geometry": {"type": "Polygon", "coordinates": [[[85.3641585, 28.2554681], [85.3641558, 28.2556441], [85.3642344, 28.2556451], [85.3642371, 28.2554691], [85.3641585, 28.2554681]]]}, "properties": {"building": "yes", "osm_id": "way/851368424", "status": "hit", "affected_frac": 1.0}}, {"type": "Feature", "geometry": {"type": "Polygon", "coordinates": [[[85.3641571, 28.255233], [85.3641585, 28.2554433], [85.3642394, 28.2554429], [85.3642381, 28.2552326], [85.3641571, 28.255233]]]}, "properties": {"building": "yes", "osm_id": "way/851368425", "status": "hit", "affected_frac": 1.0}}, {"type": "Feature", "geometry": {"type": "Polygon", "coordinates": [[[85.3642813, 28.2551572], [85.3642971, 28.2552486], [85.3643701, 28.2552389], [85.3643543, 28.2551474], [85.3642813, 28.2551572]]]}, "properties": {"building": "yes", "osm_id": "way/851368426", "status": "hit", "affected_frac": 1.0}}, {"type": "Feature", "geometry": {"type": "Polygon", "coordinates": [[[85.3647472, 28.2542236], [85.3647559, 28.2542726], [85.3648111, 28.254265], [85.3648024, 28.254216], [85.3647472, 28.2542236]]]}, "properties": {"building": "yes", "osm_id": "way/851368427", "status": "hit", "affected_frac": 1.0}}, {"type": "Feature", "geometry": {"type": "Polygon", "coordinates": [[[85.3646667, 28.2537605], [85.3646741, 28.2538497], [85.3647651, 28.2538439], [85.3647577, 28.2537547], [85.3646667, 28.2537605]]]}, "properties": {"building": "yes", "osm_id": "way/851368428", "status": "hit", "affected_frac": 1.0}}, {"type": "Feature", "geometry": {"type": "Polygon", "coordinates": [[[85.3664665, 28.2519856], [85.366496, 28.2521061], [85.3666203, 28.2520825], [85.3665908, 28.251962], [85.3664665, 28.2519856]]]}, "properties": {"building": "yes", "osm_id": "way/851368430", "status": "hit", "affected_frac": 1.0}}, {"type": "Feature", "geometry": {"type": "Polygon", "coordinates": [[[85.3666717, 28.2520706], [85.3666744, 28.2521403], [85.3667242, 28.2521388], [85.3667215, 28.2520692], [85.3666717, 28.2520706]]]}, "properties": {"building": "yes", "osm_id": "way/851368431", "status": "hit", "affected_frac": 1.0}}, {"type": "Feature", "geometry": {"type": "Polygon", "coordinates": [[[85.3662935, 28.2516926], [85.3662238, 28.2517481], [85.3662541, 28.2517777], [85.3663239, 28.2517222], [85.3662935, 28.2516926]]]}, "properties": {"building": "yes", "osm_id": "way/851368432", "status": "hit", "affected_frac": 1.0}}, {"type": "Feature", "geometry": {"type": "Polygon", "coordinates": [[[85.3662935, 28.2519927], [85.3662693, 28.2520966], [85.3663087, 28.2521037], [85.3663328, 28.2519997], [85.3662935, 28.2519927]]]}, "properties": {"building": "yes", "osm_id": "way/851368433", "status": "hit", "affected_frac": 1.0}}, {"type": "Feature", "geometry": {"type": "Polygon", "coordinates": [[[85.3662592, 28.2518095], [85.3662056, 28.2519098], [85.3662579, 28.2519315], [85.3663115, 28.2518312], [85.3662592, 28.2518095]]]}, "properties": {"building": "yes", "osm_id": "way/851368434", "status": "hit", "affected_frac": 1.0}}, {"type": "Feature", "geometry": {"type": "Polygon", "coordinates": [[[85.3663372, 28.2514081], [85.3662941, 28.251447], [85.3663365, 28.2514834], [85.3662318, 28.251578], [85.3662946, 28.251632], [85.3664424, 28.2514985], [85.3663372, 28.2514081]]]}, "properties": {"building": "yes", "osm_id": "way/851368435", "status": "hit", "affected_frac": 1.0}}, {"type": "Feature", "geometry": {"type": "Polygon", "coordinates": [[[85.3664303, 28.2512874], [85.3663833, 28.2514398], [85.3664549, 28.2514569], [85.3665018, 28.2513045], [85.3664303, 28.2512874]]]}, "properties": {"building": "yes", "osm_id": "way/851368436", "status": "hit", "affected_frac": 1.0}}, {"type": "Feature", "geometry": {"type": "Polygon", "coordinates": [[[85.3668554, 28.2528728], [85.3668687, 28.2529559], [85.3669639, 28.2529441], [85.3669506, 28.252861], [85.3668554, 28.2528728]]]}, "properties": {"building": "yes", "osm_id": "way/851368438", "status": "hit", "affected_frac": 0.75}}, {"type": "Feature", "geometry": {"type": "Polygon", "coordinates": [[[85.3663619, 28.2528048], [85.3663767, 28.2528878], [85.3665476, 28.2528641], [85.3665329, 28.2527812], [85.3663619, 28.2528048]]]}, "properties": {"building": "yes", "osm_id": "way/851368439", "status": "hit", "affected_frac": 1.0}}, {"type": "Feature", "geometry": {"type": "Polygon", "coordinates": [[[85.3665932, 28.2526607], [85.3666167, 28.2527304], [85.3666827, 28.2527132], [85.3666592, 28.2526435], [85.3665932, 28.2526607]]]}, "properties": {"building": "yes", "osm_id": "way/851368440", "status": "hit", "affected_frac": 1.0}}, {"type": "Feature", "geometry": {"type": "Polygon", "coordinates": [[[85.3667065, 28.2526265], [85.3667468, 28.2527481], [85.3668356, 28.2527254], [85.3667954, 28.2526037], [85.3667065, 28.2526265]]]}, "properties": {"building": "yes", "osm_id": "way/851368441", "status": "hit", "affected_frac": 1.0}}, {"type": "Feature", "geometry": {"type": "Polygon", "coordinates": [[[85.3664303, 28.2524008], [85.3664886, 28.2525172], [85.3665675, 28.2524865], [85.3665092, 28.2523701], [85.3664303, 28.2524008]]]}, "properties": {"building": "yes", "osm_id": "way/851368442", "status": "hit", "affected_frac": 1.0}}, {"type": "Feature", "geometry": {"type": "Polygon", "coordinates": [[[85.3665832, 28.2522904], [85.3665966, 28.2524321], [85.3666557, 28.2524278], [85.3666423, 28.252286], [85.3665832, 28.2522904]]]}, "properties": {"building": "yes", "osm_id": "way/851368443", "status": "hit", "affected_frac": 1.0}}, {"type": "Feature", "geometry": {"type": "Polygon", "coordinates": [[[85.3657477, 28.2519383], [85.3657316, 28.2519773], [85.3657775, 28.251992], [85.3657936, 28.2519531], [85.3657477, 28.2519383]]]}, "properties": {"building": "yes", "osm_id": "way/851368444", "status": "hit", "affected_frac": 1.0}}, {"type": "Feature", "geometry": {"type": "Polygon", "coordinates": [[[85.3656521, 28.2523944], [85.3656323, 28.2525077], [85.3656874, 28.2525152], [85.3657072, 28.2524019], [85.3656521, 28.2523944]]]}, "properties": {"building": "yes", "osm_id": "way/851368445", "status": "hit", "affected_frac": 1.0}}, {"type": "Feature", "geometry": {"type": "Polygon", "coordinates": [[[85.3659084, 28.2532026], [85.3659447, 28.2531924], [85.3659191, 28.2531219], [85.3659797, 28.2531048], [85.366023, 28.2532241], [85.3659261, 28.2532514], [85.3659084, 28.2532026]]]}, "properties": {"building": "apartments", "osm_id": "way/851369397", "status": "hit", "affected_frac": 1.0}}, {"type": "Feature", "geometry": {"type": "Polygon", "coordinates": [[[85.3660186, 28.252933], [85.3660728, 28.2529261], [85.3660447, 28.2527548], [85.3659904, 28.2527617], [85.3660186, 28.252933]]]}, "properties": {"building": "yes", "osm_id": "way/851369398", "status": "hit", "affected_frac": 1.0}}, {"type": "Feature", "geometry": {"type": "Polygon", "coordinates": [[[85.3658566, 28.2530955], [85.365918, 28.2531034], [85.3659628, 28.2528354], [85.3658649, 28.2528227], [85.3658552, 28.2528812], [85.3658915, 28.2528859], [85.3658566, 28.2530955]]]}, "properties": {"building": "apartments", "osm_id": "way/851369399", "status": "hit", "affected_frac": 1.0}}, {"type": "Feature", "geometry": {"type": "Polygon", "coordinates": [[[85.3656471, 28.2531055], [85.3657074, 28.2531043], [85.3657047, 28.2529957], [85.3656444, 28.2529968], [85.3656471, 28.2531055]]]}, "properties": {"building": "yes", "osm_id": "way/851369400", "status": "hit", "affected_frac": 1.0}}, {"type": "Feature", "geometry": {"type": "Polygon", "coordinates": [[[85.3660937, 28.251708], [85.3661538, 28.2517174], [85.3661686, 28.2516441], [85.3661084, 28.2516347], [85.3660937, 28.251708]]]}, "properties": {"building": "apartments", "osm_id": "way/851369401", "status": "hit", "affected_frac": 1.0}}, {"type": "Feature", "geometry": {"type": "Polygon", "coordinates": [[[85.3661473, 28.2514906], [85.3662115, 28.2515316], [85.3662679, 28.251463], [85.3662036, 28.2514221], [85.3661473, 28.2514906]]]}, "properties": {"building": "government", "osm_id": "way/851369402", "status": "hit", "affected_frac": 1.0}}, {"type": "Feature", "geometry": {"type": "Polygon", "coordinates": [[[85.3660481, 28.2518568], [85.3661492, 28.2518758], [85.3661787, 28.2517542], [85.3660776, 28.2517351], [85.3660481, 28.2518568]]]}, "properties": {"building": "apartments", "osm_id": "way/851369403", "status": "hit", "affected_frac": 1.0}}, {"type": "Feature", "geometry": {"type": "Polygon", "coordinates": [[[85.3667468, 28.2520246], [85.3667923, 28.2520342], [85.3668191, 28.2519362], [85.3667736, 28.2519265], [85.3667468, 28.2520246]]]}, "properties": {"building": "yes", "osm_id": "way/851369404", "status": "hit", "affected_frac": 1.0}}, {"type": "Feature", "geometry": {"type": "Polygon", "coordinates": [[[85.3665859, 28.2518048], [85.3666172, 28.2518149], [85.3666413, 28.2517564], [85.36661, 28.2517464], [85.3665859, 28.2518048]]]}, "properties": {"building": "yes", "osm_id": "way/851508429", "status": "hit", "affected_frac": 1.0}}, {"type": "Feature", "geometry": {"type": "Polygon", "coordinates": [[[85.366331, 28.2511167], [85.3663351, 28.2512106], [85.3665273, 28.2512042], [85.3665232, 28.2511103], [85.366331, 28.2511167]]]}, "properties": {"building": "retail", "osm_id": "way/851508430", "status": "hit", "affected_frac": 1.0}}, {"type": "Feature", "geometry": {"type": "Polygon", "coordinates": [[[85.3668279, 28.2562761], [85.3668293, 28.2564037], [85.3668813, 28.2564033], [85.36688, 28.2562757], [85.3668279, 28.2562761]]]}, "properties": {"building": "yes", "osm_id": "way/851508431", "status": "hit", "affected_frac": 1.0}}, {"type": "Feature", "geometry": {"type": "Polygon", "coordinates": [[[85.3665919, 28.2562171], [85.3666241, 28.256262], [85.3666677, 28.2562377], [85.3666355, 28.2561928], [85.3665919, 28.2562171]]]}, "properties": {"building": "yes", "osm_id": "way/851508432", "status": "hit", "affected_frac": 1.0}}, {"type": "Feature", "geometry": {"type": "Polygon", "coordinates": [[[85.3665899, 28.2560984], [85.3666227, 28.2561468], [85.3666741, 28.2561197], [85.3666413, 28.2560713], [85.3665899, 28.2560984]]]}, "properties": {"building": "yes", "osm_id": "way/851508433", "status": "hit", "affected_frac": 1.0}}, {"type": "Feature", "geometry": {"type": "Polygon", "coordinates": [[[85.366494, 28.2560653], [85.3666328, 28.2560546], [85.3666272, 28.2559976], [85.3664884, 28.2560082], [85.366494, 28.2560653]]]}, "properties": {"building": "yes", "osm_id": "way/851508434", "status": "hit", "affected_frac": 1.0}}, {"type": "Feature", "geometry": {"type": "Polygon", "coordinates": [[[85.3660873, 28.2569985], [85.3663686, 28.2574037], [85.3665017, 28.257332], [85.3662202, 28.2569269], [85.3660873, 28.2569985]]]}, "properties": {"building": "yes", "osm_id": "way/851508435", "status": "hit", "affected_frac": 1.0}}, {"type": "Feature", "geometry": {"type": "Polygon", "coordinates": [[[85.3664638, 28.2555154], [85.3664229, 28.2555804], [85.3664548, 28.2555959], [85.3664957, 28.255531], [85.3664638, 28.2555154]]]}, "properties": {"building": "yes", "osm_id": "way/851966251", "status": "hit", "affected_frac": 1.0}}, {"type": "Feature", "geometry": {"type": "Polygon", "coordinates": [[[85.3664558, 28.2557381], [85.3664745, 28.2558213], [85.3665261, 28.2558123], [85.3665073, 28.255729], [85.3664558, 28.2557381]]]}, "properties": {"building": "yes", "osm_id": "way/851966252", "status": "hit", "affected_frac": 1.0}}, {"type": "Feature", "geometry": {"type": "Polygon", "coordinates": [[[85.3664424, 28.2556264], [85.3664774, 28.2557203], [85.366653, 28.2556696], [85.366618, 28.2555756], [85.3664424, 28.2556264]]]}, "properties": {"building": "retail", "osm_id": "way/851966253", "status": "hit", "affected_frac": 0.71}}, {"type": "Feature", "geometry": {"type": "Polygon", "coordinates": [[[85.3665362, 28.2554918], [85.3665523, 28.2555426], [85.3666032, 28.2555301], [85.3665871, 28.2554793], [85.3665362, 28.2554918]]]}, "properties": {"building": "retail", "osm_id": "way/851966254", "status": "hit", "affected_frac": 1.0}}, {"type": "Feature", "geometry": {"type": "Polygon", "coordinates": [[[85.3665094, 28.2553228], [85.3665134, 28.2554362], [85.3665852, 28.2554343], [85.3665811, 28.2553209], [85.3665094, 28.2553228]]]}, "properties": {"building": "retail", "osm_id": "way/851966255", "status": "hit", "affected_frac": 1.0}}, {"type": "Feature", "geometry": {"type": "Polygon", "coordinates": [[[85.3575025, 28.2391956], [85.3575455, 28.2392263], [85.3575663, 28.2392037], [85.3575233, 28.239173], [85.3575025, 28.2391956]]]}, "properties": {"building": "yes", "osm_id": "way/851966263", "status": "possibly hit", "affected_frac": 0.0}}, {"type": "Feature", "geometry": {"type": "Polygon", "coordinates": [[[85.3574663, 28.2391554], [85.3574878, 28.2391885], [85.3575155, 28.2391745], [85.3574941, 28.2391414], [85.3574663, 28.2391554]]]}, "properties": {"building": "yes", "osm_id": "way/851966264", "status": "possibly hit", "affected_frac": 0.0}}, {"type": "Feature", "geometry": {"type": "Polygon", "coordinates": [[[85.3578874, 28.2394331], [85.3579009, 28.2394768], [85.3579361, 28.2394684], [85.3579227, 28.2394247], [85.3578874, 28.2394331]]]}, "properties": {"building": "yes", "osm_id": "way/851966265", "status": "hit", "affected_frac": 1.0}}, {"type": "Feature", "geometry": {"type": "Polygon", "coordinates": [[[85.3578271, 28.2394401], [85.3578547, 28.239514], [85.3578933, 28.2395028], [85.3578657, 28.239429], [85.3578271, 28.2394401]]]}, "properties": {"building": "yes", "osm_id": "way/851966266", "status": "hit", "affected_frac": 1.0}}, {"type": "Feature", "geometry": {"type": "Polygon", "coordinates": [[[85.3580879, 28.2365419], [85.3581432, 28.2365614], [85.3582082, 28.2364185], [85.358153, 28.236399], [85.3580879, 28.2365419]]]}, "properties": {"building": "yes", "osm_id": "way/851966268", "status": "hit", "affected_frac": 1.0}}, {"type": "Feature", "geometry": {"type": "Polygon", "coordinates": [[[85.3667374, 28.2559844], [85.3667546, 28.2560175], [85.3667868, 28.2560045], [85.3667696, 28.2559714], [85.3667374, 28.2559844]]]}, "properties": {"building": "yes", "osm_id": "way/853711502", "status": "hit", "affected_frac": 1.0}}, {"type": "Feature", "geometry": {"type": "Polygon", "coordinates": [[[85.3664491, 28.2560446], [85.3664807, 28.2560388], [85.366466, 28.2559762], [85.3664343, 28.255982], [85.3664491, 28.2560446]]]}, "properties": {"building": "yes", "osm_id": "way/853711503", "status": "hit", "affected_frac": 1.0}}, {"type": "Feature", "geometry": {"type": "Polygon", "coordinates": [[[85.3667817, 28.2562785], [85.3668188, 28.2562723], [85.3667973, 28.2561721], [85.366796, 28.256166], [85.3667589, 28.2561722], [85.3667817, 28.2562785]]]}, "properties": {"building": "yes", "osm_id": "way/853711504", "status": "hit", "affected_frac": 1.0}}, {"type": "Feature", "geometry": {"type": "Polygon", "coordinates": [[[85.3667213, 28.2562419], [85.3667466, 28.2562364], [85.3667238, 28.2561549], [85.3666985, 28.2561604], [85.3667213, 28.2562419]]]}, "properties": {"building": "yes", "osm_id": "way/853711505", "status": "hit", "affected_frac": 1.0}}, {"type": "Feature", "geometry": {"type": "Polygon", "coordinates": [[[85.366724, 28.2559017], [85.3667332, 28.2559273], [85.3668056, 28.2559073], [85.3667964, 28.2558816], [85.366724, 28.2559017]]]}, "properties": {"building": "yes", "osm_id": "way/853711506", "status": "hit", "affected_frac": 1.0}}, {"type": "Feature", "geometry": {"type": "Polygon", "coordinates": [[[85.3668889, 28.2557835], [85.3668702, 28.2556689], [85.3668307, 28.255674], [85.3668495, 28.2557885], [85.3668889, 28.2557835]]]}, "properties": {"building": "yes", "osm_id": "way/853711507", "status": "possibly hit", "affected_frac": 0.0}}, {"type": "Feature", "geometry": {"type": "Polygon", "coordinates": [[[85.3667106, 28.2551876], [85.3667326, 28.2553102], [85.3667851, 28.2553028], [85.366763, 28.2551803], [85.3667106, 28.2551876]]]}, "properties": {"building": "house", "osm_id": "way/853711509", "status": "hit", "affected_frac": 0.67}}, {"type": "Feature", "geometry": {"type": "Polygon", "coordinates": [[[85.3666046, 28.2550322], [85.3666306, 28.2551095], [85.3666668, 28.2551], [85.3666408, 28.2550228], [85.3666046, 28.2550322]]]}, "properties": {"building": "yes", "osm_id": "way/853711510", "status": "hit", "affected_frac": 1.0}}, {"type": "Feature", "geometry": {"type": "Polygon", "coordinates": [[[85.3666569, 28.2550098], [85.3666905, 28.2550932], [85.3667321, 28.2550802], [85.3666985, 28.2549968], [85.3666569, 28.2550098]]]}, "properties": {"building": "yes", "osm_id": "way/853711511", "status": "possibly hit", "affected_frac": 0.0}}, {"type": "Feature", "geometry": {"type": "Polygon", "coordinates": [[[85.3668165, 28.255239], [85.366923, 28.2552198], [85.3669034, 28.2551351], [85.3667968, 28.2551542], [85.3668165, 28.255239]]]}, "properties": {"building": "yes", "osm_id": "way/853711512", "status": "possibly hit", "affected_frac": 0.0}}, {"type": "Feature", "geometry": {"type": "Polygon", "coordinates": [[[85.366559, 28.2552153], [85.3665362, 28.2551279], [85.3664903, 28.2551372], [85.3665131, 28.2552246], [85.366559, 28.2552153]]]}, "properties": {"building": "retail", "osm_id": "way/853711513", "status": "hit", "affected_frac": 1.0}}, {"type": "Feature", "geometry": {"type": "Polygon", "coordinates": [[[85.3665416, 28.2548928], [85.3665616, 28.254938], [85.3666233, 28.2549167], [85.3666033, 28.2548716], [85.3665416, 28.2548928]]]}, "properties": {"building": "yes", "osm_id": "way/853711514", "status": "hit", "affected_frac": 1.0}}, {"type": "Feature", "geometry": {"type": "Polygon", "coordinates": [[[85.3665885, 28.2547936], [85.3665631, 28.2547227], [85.3665198, 28.2547348], [85.3665453, 28.2548057], [85.3665885, 28.2547936]]]}, "properties": {"building": "yes", "osm_id": "way/853711516", "status": "possibly hit", "affected_frac": 0.33}}, {"type": "Feature", "geometry": {"type": "Polygon", "coordinates": [[[85.366661, 28.2545254], [85.3667293, 28.2545265], [85.3667307, 28.2544592], [85.3666623, 28.2544581], [85.366661, 28.2545254]]]}, "properties": {"building": "yes", "osm_id": "way/853711517", "status": "hit", "affected_frac": 1.0}}, {"type": "Feature", "geometry": {"type": "Polygon", "coordinates": [[[85.3665979, 28.2545325], [85.3666408, 28.2545319], [85.3666395, 28.2544645], [85.3665966, 28.2544652], [85.3665979, 28.2545325]]]}, "properties": {"building": "yes", "osm_id": "way/853711518", "status": "hit", "affected_frac": 1.0}}, {"type": "Feature", "geometry": {"type": "Polygon", "coordinates": [[[85.3665751, 28.254659], [85.3666327, 28.2546571], [85.36663, 28.2545933], [85.3665724, 28.2545952], [85.3665751, 28.254659]]]}, "properties": {"building": "yes", "osm_id": "way/853711519", "status": "possibly hit", "affected_frac": 0.25}}, {"type": "Feature", "geometry": {"type": "Polygon", "coordinates": [[[85.366441, 28.2545656], [85.3664826, 28.2545526], [85.3664657, 28.2545108], [85.3664242, 28.2545238], [85.366441, 28.2545656]]]}, "properties": {"building": "yes", "osm_id": "way/853711520", "status": "hit", "affected_frac": 1.0}}, {"type": "Feature", "geometry": {"type": "Polygon", "coordinates": [[[85.3664504, 28.2545762], [85.3664641, 28.2546579], [85.3665003, 28.2546532], [85.3664866, 28.2545715], [85.3664504, 28.2545762]]]}, "properties": {"building": "yes", "osm_id": "way/853711521", "status": "hit", "affected_frac": 1.0}}, {"type": "Feature", "geometry": {"type": "Polygon", "coordinates": [[[85.3664128, 28.2545136], [85.3664536, 28.2545005], [85.3664335, 28.254452], [85.3663927, 28.2544652], [85.3664128, 28.2545136]]]}, "properties": {"building": "yes", "osm_id": "way/853711522", "status": "hit", "affected_frac": 1.0}}, {"type": "Feature", "geometry": {"type": "Polygon", "coordinates": [[[85.3663632, 28.2544262], [85.366386, 28.2544505], [85.3664168, 28.254428], [85.3663941, 28.2544038], [85.3663632, 28.2544262]]]}, "properties": {"building": "yes", "osm_id": "way/853711523", "status": "hit", "affected_frac": 1.0}}, {"type": "Feature", "geometry": {"type": "Polygon", "coordinates": [[[85.3669842, 28.2541332], [85.3670364, 28.254135], [85.3670431, 28.2539791], [85.3669909, 28.2539773], [85.3669842, 28.2541332]]]}, "properties": {"building": "yes", "osm_id": "way/853711524", "status": "hit", "affected_frac": 1.0}}, {"type": "Feature", "geometry": {"type": "Polygon", "coordinates": [[[85.3663807, 28.2542963], [85.3664228, 28.2542805], [85.3663772, 28.254186], [85.3663351, 28.2542018], [85.3663807, 28.2542963]]]}, "properties": {"building": "yes", "osm_id": "way/853711525", "status": "hit", "affected_frac": 1.0}}, {"type": "Feature", "geometry": {"type": "Polygon", "coordinates": [[[85.3662787, 28.2542242], [85.3662787, 28.2541876], [85.3662425, 28.2541876], [85.3662425, 28.2542242], [85.3662787, 28.2542242]]]}, "properties": {"building": "yes", "osm_id": "way/853711526", "status": "hit", "affected_frac": 1.0}}, {"type": "Feature", "geometry": {"type": "Polygon", "coordinates": [[[85.3662492, 28.254164], [85.3662798, 28.2541606], [85.366269, 28.254085], [85.3662385, 28.2540884], [85.3662492, 28.254164]]]}, "properties": {"building": "yes", "osm_id": "way/853711527", "status": "hit", "affected_frac": 1.0}}, {"type": "Feature", "geometry": {"type": "Polygon", "coordinates": [[[85.366205, 28.2540364], [85.3662018, 28.2540597], [85.3662567, 28.2540656], [85.36626, 28.2540423], [85.366205, 28.2540364]]]}, "properties": {"building": "yes", "osm_id": "way/853711528", "status": "hit", "affected_frac": 1.0}}, {"type": "Feature", "geometry": {"type": "Polygon", "coordinates": [[[85.3661245, 28.2539242], [85.3661308, 28.2539758], [85.3661805, 28.2539711], [85.3661741, 28.2539194], [85.3661245, 28.2539242]]]}, "properties": {"building": "yes", "osm_id": "way/853711529", "status": "hit", "affected_frac": 1.0}}, {"type": "Feature", "geometry": {"type": "Polygon", "coordinates": [[[85.3660963, 28.2538568], [85.3661056, 28.2538975], [85.3661458, 28.2538904], [85.3661366, 28.2538497], [85.3660963, 28.2538568]]]}, "properties": {"building": "yes", "osm_id": "way/853711530", "status": "hit", "affected_frac": 1.0}}, {"type": "Feature", "geometry": {"type": "Polygon", "coordinates": [[[85.3666013, 28.2536241], [85.366663, 28.2536247], [85.3666634, 28.253591], [85.3666017, 28.2535904], [85.3666013, 28.2536241]]]}, "properties": {"building": "yes", "osm_id": "way/853711531", "status": "hit", "affected_frac": 1.0}}, {"type": "Feature", "geometry": {"type": "Polygon", "coordinates": [[[85.3663605, 28.2533914], [85.3664326, 28.2533709], [85.3664058, 28.2532977], [85.3663337, 28.2533181], [85.3663605, 28.2533914]]]}, "properties": {"building": "yes", "osm_id": "way/853711532", "status": "hit", "affected_frac": 1.0}}, {"type": "Feature", "geometry": {"type": "Polygon", "coordinates": [[[85.3662506, 28.2535036], [85.3662576, 28.2535321], [85.3663381, 28.2535168], [85.366331, 28.2534882], [85.3662506, 28.2535036]]]}, "properties": {"building": "yes", "osm_id": "way/853711533", "status": "hit", "affected_frac": 1.0}}, {"type": "Feature", "geometry": {"type": "Polygon", "coordinates": [[[85.366272, 28.2534481], [85.3662815, 28.2534782], [85.3663204, 28.2534688], [85.3663109, 28.2534386], [85.366272, 28.2534481]]]}, "properties": {"building": "yes", "osm_id": "way/853711534", "status": "hit", "affected_frac": 1.0}}, {"type": "Feature", "geometry": {"type": "Polygon", "coordinates": [[[85.3664383, 28.2535178], [85.3664665, 28.2535143], [85.3664585, 28.2534635], [85.3664303, 28.253467], [85.3664383, 28.2535178]]]}, "properties": {"building": "yes", "osm_id": "way/853711535", "status": "hit", "affected_frac": 1.0}}, {"type": "Feature", "geometry": {"type": "Polygon", "coordinates": [[[85.366374, 28.2535887], [85.3663769, 28.2536322], [85.3664453, 28.2536287], [85.3664424, 28.2535851], [85.366374, 28.2535887]]]}, "properties": {"building": "yes", "osm_id": "way/853711536", "status": "hit", "affected_frac": 1.0}}, {"type": "Feature", "geometry": {"type": "Polygon", "coordinates": [[[85.3663123, 28.2536383], [85.3663525, 28.2536377], [85.3663511, 28.2535691], [85.3663109, 28.2535698], [85.3663123, 28.2536383]]]}, "properties": {"building": "yes", "osm_id": "way/853711537", "status": "hit", "affected_frac": 1.0}}, {"type": "Feature", "geometry": {"type": "Polygon", "coordinates": [[[85.3661272, 28.2535568], [85.3661302, 28.253577], [85.3661717, 28.2535722], [85.3661688, 28.253552], [85.3661272, 28.2535568]]]}, "properties": {"building": "yes", "osm_id": "way/853711538", "status": "hit", "affected_frac": 1.0}}, {"type": "Feature", "geometry": {"type": "Polygon", "coordinates": [[[85.3662305, 28.2535414], [85.3662036, 28.2534646], [85.3661651, 28.2534751], [85.3661919, 28.2535518], [85.3662305, 28.2535414]]]}, "properties": {"building": "yes", "osm_id": "way/853711539", "status": "hit", "affected_frac": 1.0}}, {"type": "Feature", "geometry": {"type": "Polygon", "coordinates": [[[85.3660199, 28.2533677], [85.3660695, 28.2533677], [85.3660695, 28.2533465], [85.3660199, 28.2533465], [85.3660199, 28.2533677]]]}, "properties": {"building": "yes", "osm_id": "way/853711540", "status": "hit", "affected_frac": 1.0}}, {"type": "Feature", "geometry": {"type": "Polygon", "coordinates": [[[85.3660132, 28.2533063], [85.3660615, 28.2533028], [85.3660585, 28.2532711], [85.3660102, 28.2532746], [85.3660132, 28.2533063]]]}, "properties": {"building": "yes", "osm_id": "way/853711541", "status": "hit", "affected_frac": 1.0}}, {"type": "Feature", "geometry": {"type": "Polygon", "coordinates": [[[85.3661339, 28.2533288], [85.3661609, 28.253425], [85.3662695, 28.2534014], [85.3662425, 28.2533051], [85.3661339, 28.2533288]]]}, "properties": {"building": "yes", "osm_id": "way/853711542", "status": "hit", "affected_frac": 1.0}}, {"type": "Feature", "geometry": {"type": "Polygon", "coordinates": [[[85.3661782, 28.2530712], [85.3662195, 28.2530685], [85.3662141, 28.2530059], [85.3661728, 28.2530086], [85.3661782, 28.2530712]]]}, "properties": {"building": "yes", "osm_id": "way/853711543", "status": "hit", "affected_frac": 1.0}}, {"type": "Feature", "geometry": {"type": "Polygon", "coordinates": [[[85.3666985, 28.2526022], [85.3667548, 28.2525833], [85.3667361, 28.25254], [85.3666798, 28.2525589], [85.3666985, 28.2526022]]]}, "properties": {"building": "yes", "osm_id": "way/853711544", "status": "hit", "affected_frac": 1.0}}, {"type": "Feature", "geometry": {"type": "Polygon", "coordinates": [[[85.3664759, 28.2527109], [85.3665157, 28.2527051], [85.3664969, 28.2526058], [85.3664571, 28.2526117], [85.3664759, 28.2527109]]]}, "properties": {"building": "yes", "osm_id": "way/853711545", "status": "hit", "affected_frac": 1.0}}, {"type": "Feature", "geometry": {"type": "Polygon", "coordinates": [[[85.366378, 28.2521817], [85.3664284, 28.2521771], [85.3664217, 28.2521204], [85.3663713, 28.252125], [85.366378, 28.2521817]]]}, "properties": {"building": "yes", "osm_id": "way/853711546", "status": "hit", "affected_frac": 1.0}}, {"type": "Feature", "geometry": {"type": "Polygon", "coordinates": [[[85.3669171, 28.2524357], [85.3669507, 28.2524465], [85.3669708, 28.2523981], [85.3669372, 28.2523872], [85.3669171, 28.2524357]]]}, "properties": {"building": "yes", "osm_id": "way/853711547", "status": "hit", "affected_frac": 1.0}}, {"type": "Feature", "geometry": {"type": "Polygon", "coordinates": [[[85.3659522, 28.2524858], [85.3660314, 28.2524836], [85.3660271, 28.2523654], [85.3659791, 28.2523667], [85.3659818, 28.2524399], [85.3659506, 28.2524408], [85.3659522, 28.2524858]]]}, "properties": {"building": "yes", "osm_id": "way/853711548", "status": "hit", "affected_frac": 1.0}}, {"type": "Feature", "geometry": {"type": "Polygon", "coordinates": [[[85.3660695, 28.252503], [85.3661304, 28.2524969], [85.366121, 28.2524248], [85.3660601, 28.2524309], [85.3660695, 28.252503]]]}, "properties": {"building": "yes", "osm_id": "way/853711549", "status": "hit", "affected_frac": 1.0}}, {"type": "Feature", "geometry": {"type": "Polygon", "coordinates": [[[85.3659327, 28.2525325], [85.3660534, 28.2525266], [85.3660516, 28.2524984], [85.3659309, 28.2525043], [85.3659327, 28.2525325]]]}, "properties": {"building": "yes", "osm_id": "way/853711550", "status": "hit", "affected_frac": 1.0}}, {"type": "Feature", "geometry": {"type": "Polygon", "coordinates": [[[85.3658885, 28.2525219], [85.3659099, 28.252366], [85.3658552, 28.2523601], [85.3658338, 28.2525161], [85.3658885, 28.2525219]]]}, "properties": {"building": "yes", "osm_id": "way/853711551", "status": "hit", "affected_frac": 1.0}}, {"type": "Feature", "geometry": {"type": "Polygon", "coordinates": [[[85.3658804, 28.2523081], [85.3659071, 28.25231], [85.3659111, 28.2522663], [85.3658845, 28.2522644], [85.3658804, 28.2523081]]]}, "properties": {"building": "yes", "osm_id": "way/853711552", "status": "hit", "affected_frac": 1.0}}, {"type": "Feature", "geometry": {"type": "Polygon", "coordinates": [[[85.3659153, 28.2523376], [85.3659681, 28.2523544], [85.3659909, 28.2522989], [85.3659381, 28.2522821], [85.3659153, 28.2523376]]]}, "properties": {"building": "yes", "osm_id": "way/853711553", "status": "hit", "affected_frac": 1.0}}, {"type": "Feature", "geometry": {"type": "Polygon", "coordinates": [[[85.3659797, 28.2521392], [85.366036, 28.2521498], [85.3660655, 28.2520281], [85.3660092, 28.2520175], [85.3659797, 28.2521392]]]}, "properties": {"building": "yes", "osm_id": "way/853711554", "status": "hit", "affected_frac": 1.0}}, {"type": "Feature", "geometry": {"type": "Polygon", "coordinates": [[[85.3658885, 28.2521592], [85.3659342, 28.2521706], [85.3659839, 28.2520159], [85.3659381, 28.2520045], [85.3658885, 28.2521592]]]}, "properties": {"building": "apartments", "osm_id": "way/853711555", "status": "hit", "affected_frac": 1.0}}, {"type": "Feature", "geometry": {"type": "Polygon", "coordinates": [[[85.3659394, 28.2519702], [85.3659718, 28.2519813], [85.3659946, 28.2519293], [85.3659622, 28.2519182], [85.3659394, 28.2519702]]]}, "properties": {"building": "house", "osm_id": "way/853711556", "status": "hit", "affected_frac": 1.0}}, {"type": "Feature", "geometry": {"type": "Polygon", "coordinates": [[[85.3659783, 28.2518993], [85.3660452, 28.2519194], [85.3660654, 28.2518675], [85.3659984, 28.2518474], [85.3659783, 28.2518993]]]}, "properties": {"building": "yes", "osm_id": "way/853711557", "status": "hit", "affected_frac": 1.0}}, {"type": "Feature", "geometry": {"type": "Polygon", "coordinates": [[[85.3661178, 28.2508208], [85.3661281, 28.2508638], [85.3662045, 28.2508496], [85.3661755, 28.2507943], [85.3661178, 28.2508208]]]}, "properties": {"building": "yes", "osm_id": "way/853711558", "status": "hit", "affected_frac": 1.0}}, {"type": "Feature", "geometry": {"type": "Polygon", "coordinates": [[[85.3660762, 28.2506766], [85.3660788, 28.2507347], [85.3661472, 28.2507324], [85.3661446, 28.2506743], [85.3660762, 28.2506766]]]}, "properties": {"building": "yes", "osm_id": "way/853711559", "status": "hit", "affected_frac": 1.0}}, {"type": "Feature", "geometry": {"type": "Polygon", "coordinates": [[[85.3588624, 28.2430714], [85.3589049, 28.2430504], [85.3588674, 28.2429914], [85.3588248, 28.2430123], [85.3588624, 28.2430714]]]}, "properties": {"building": "yes", "osm_id": "way/853711560", "status": "hit", "affected_frac": 1.0}}, {"type": "Feature", "geometry": {"type": "Polygon", "coordinates": [[[85.3587404, 28.2429101], [85.3587745, 28.2429607], [85.3588603, 28.2429158], [85.3588262, 28.2428652], [85.3587404, 28.2429101]]]}, "properties": {"building": "yes", "osm_id": "way/853711561", "status": "hit", "affected_frac": 1.0}}, {"type": "Feature", "geometry": {"type": "Polygon", "coordinates": [[[85.3584976, 28.2424363], [85.3584681, 28.2423643], [85.358403, 28.242385], [85.3584326, 28.242457], [85.3584976, 28.2424363]]]}, "properties": {"building": "yes", "osm_id": "way/853711562", "status": "hit", "affected_frac": 1.0}}, {"type": "Feature", "geometry": {"type": "Polygon", "coordinates": [[[85.3586787, 28.2379574], [85.3586639, 28.2378818], [85.3586259, 28.2378875], [85.3586407, 28.2379631], [85.3586787, 28.2379574]]]}, "properties": {"building": "yes", "osm_id": "way/853711566", "status": "possibly hit", "affected_frac": 0.33}}, {"type": "Feature", "geometry": {"type": "Polygon", "coordinates": [[[85.3590167, 28.2370311], [85.3590395, 28.2370396], [85.3590583, 28.2370006], [85.3590354, 28.2369921], [85.3590167, 28.2370311]]]}, "properties": {"building": "yes", "osm_id": "way/853711570", "status": "hit", "affected_frac": 1.0}}, {"type": "Feature", "geometry": {"type": "Polygon", "coordinates": [[[85.3589362, 28.2371327], [85.3589591, 28.2371499], [85.358998, 28.2371097], [85.3589751, 28.2370925], [85.3589362, 28.2371327]]]}, "properties": {"building": "yes", "osm_id": "way/853711571", "status": "possibly hit", "affected_frac": 0.0}}, {"type": "Feature", "geometry": {"type": "Polygon", "coordinates": [[[85.3583595, 28.2360516], [85.3584077, 28.2360714], [85.3584265, 28.236036], [85.3583783, 28.2360162], [85.3583595, 28.2360516]]]}, "properties": {"building": "yes", "osm_id": "way/853711580", "status": "hit", "affected_frac": 1.0}}, {"type": "Feature", "geometry": {"type": "Polygon", "coordinates": [[[85.3591079, 28.234401], [85.3591282, 28.2344148], [85.359151, 28.2343888], [85.3591306, 28.234375], [85.3591079, 28.234401]]]}, "properties": {"building": "yes", "osm_id": "way/853711581", "status": "hit", "affected_frac": 1.0}}, {"type": "Feature", "geometry": {"type": "Polygon", "coordinates": [[[85.3588611, 28.2345062], [85.3589147, 28.2345014], [85.3589094, 28.2344546], [85.3588558, 28.2344594], [85.3588611, 28.2345062]]]}, "properties": {"building": "yes", "osm_id": "way/853711582", "status": "hit", "affected_frac": 0.75}}, {"type": "Feature", "geometry": {"type": "Polygon", "coordinates": [[[85.3588926, 28.2430005], [85.3591038, 28.2432911], [85.3591764, 28.2432502], [85.3589652, 28.2429596], [85.3588926, 28.2430005]]]}, "properties": {"building": "yes", "osm_id": "way/886474955", "status": "hit", "affected_frac": 1.0}}, {"type": "Feature", "geometry": {"type": "Polygon", "coordinates": [[[85.3662653, 28.2530618], [85.3663069, 28.2531858], [85.3663748, 28.2531682], [85.3663332, 28.2530441], [85.3662653, 28.2530618]]]}, "properties": {"building": "yes", "osm_id": "way/886474959", "status": "hit", "affected_frac": 1.0}}, {"type": "Feature", "geometry": {"type": "Polygon", "coordinates": [[[85.3666918, 28.2537647], [85.3668471, 28.2537562], [85.3668554, 28.2538748], [85.3668959, 28.2538726], [85.366884, 28.2537027], [85.3666882, 28.2537133], [85.3666918, 28.2537647]]]}, "properties": {"building": "yes", "osm_id": "way/886474961", "status": "hit", "affected_frac": 1.0}}, {"type": "Feature", "geometry": {"type": "Polygon", "coordinates": [[[85.3666431, 28.2531397], [85.3666455, 28.2531836], [85.3667392, 28.2531797], [85.366732, 28.2530448], [85.3666758, 28.2530472], [85.3666807, 28.2531382], [85.3666431, 28.2531397]]]}, "properties": {"building": "yes", "osm_id": "way/966745826", "status": "hit", "affected_frac": 1.0}}, {"type": "Feature", "geometry": {"type": "Polygon", "coordinates": [[[85.3659522, 28.255117], [85.3657237, 28.2544596], [85.3655501, 28.2545064], [85.3657785, 28.2551638], [85.3659522, 28.255117]]]}, "properties": {"building": "yes", "osm_id": "way/1390896614", "status": "hit", "affected_frac": 0.69}}, {"type": "Feature", "geometry": {"type": "Polygon", "coordinates": [[[85.3659537, 28.2574526], [85.3662171, 28.2573101], [85.3661383, 28.257197], [85.3660701, 28.2572339], [85.3661058, 28.2572851], [85.3659101, 28.257391], [85.365893, 28.2573664], [85.3658466, 28.2573915], [85.3659186, 28.2574946], [85.3659653, 28.2574693], [85.3659537, 28.2574526]]]}, "properties": {"building": "yes", "osm_id": "way/1390896615", "status": "hit", "affected_frac": 1.0}}, {"type": "Feature", "geometry": {"type": "Polygon", "coordinates": [[[85.3977035, 28.1552198], [85.3977692, 28.1552186], [85.3977682, 28.1551761], [85.3977025, 28.1551772], [85.3977035, 28.1552198]]]}, "properties": {"building": "yes", "osm_id": "way/541983562", "status": "possibly hit", "affected_frac": 0.0}}, {"type": "Feature", "geometry": {"type": "Polygon", "coordinates": [[[85.3978363, 28.1551559], [85.397906, 28.1551573], [85.3979081, 28.1550857], [85.3978417, 28.1550767], [85.3978363, 28.1551559]]]}, "properties": {"building": "yes", "osm_id": "way/541983564", "status": "possibly hit", "affected_frac": 0.0}}, {"type": "Feature", "geometry": {"type": "Polygon", "coordinates": [[[85.3976445, 28.1550394], [85.3977532, 28.1550394], [85.3977532, 28.1549909], [85.3976445, 28.1549909], [85.3976445, 28.1550394]]]}, "properties": {"building": "yes", "osm_id": "way/541983566", "status": "possibly hit", "affected_frac": 0.0}}, {"type": "Feature", "geometry": {"type": "Polygon", "coordinates": [[[85.3780241, 28.1523181], [85.3779433, 28.1522395], [85.3779853, 28.152206], [85.378066, 28.1522846], [85.3780241, 28.1523181]]]}, "properties": {"building": "yes", "osm_id": "way/847077531", "status": "hit", "affected_frac": 0.5}}, {"type": "Feature", "geometry": {"type": "Polygon", "coordinates": [[[85.3781812, 28.1522681], [85.3781448, 28.1522384], [85.3781753, 28.1522092], [85.3782244, 28.1522491], [85.3781812, 28.1522681]]]}, "properties": {"building": "yes", "osm_id": "way/847077532", "status": "possibly hit", "affected_frac": 0.33}}, {"type": "Feature", "geometry": {"type": "Polygon", "coordinates": [[[85.3781099, 28.1523151], [85.3781277, 28.1522582], [85.3781631, 28.1522668], [85.3781452, 28.1523237], [85.3781099, 28.1523151]]]}, "properties": {"building": "yes", "osm_id": "way/847077533", "status": "hit", "affected_frac": 1.0}}, {"type": "Feature", "geometry": {"type": "Polygon", "coordinates": [[[85.3777325, 28.2808545], [85.3777729, 28.2808714], [85.3777969, 28.280827], [85.3777565, 28.2808101], [85.3777325, 28.2808545]]]}, "properties": {"building": "yes", "osm_id": "way/262207904", "status": "hit", "affected_frac": 1.0}}, {"type": "Feature", "geometry": {"type": "Polygon", "coordinates": [[[85.3798066, 28.2804338], [85.3798733, 28.2805034], [85.3799117, 28.2804749], [85.379845, 28.2804053], [85.3798066, 28.2804338]]]}, "properties": {"building": "yes", "osm_id": "way/262207908", "status": "hit", "affected_frac": 1.0}}, {"type": "Feature", "geometry": {"type": "Polygon", "coordinates": [[[85.3796305, 28.2803589], [85.3797468, 28.2804685], [85.379838, 28.2803934], [85.3797217, 28.2802839], [85.3796305, 28.2803589]]]}, "properties": {"building": "yes", "osm_id": "way/262207911", "status": "hit", "affected_frac": 1.0}}, {"type": "Feature", "geometry": {"type": "Polygon", "coordinates": [[[85.3701059, 28.2597375], [85.3701536, 28.259827], [85.370181, 28.2598163], [85.3702122, 28.259804], [85.3701675, 28.2597131], [85.3701059, 28.2597375]]]}, "properties": {"building": "yes", "osm_id": "way/340605193", "status": "possibly hit", "affected_frac": 0.0}}, {"type": "Feature", "geometry": {"type": "Polygon", "coordinates": [[[85.3737897, 28.2637327], [85.373913, 28.2638009], [85.3740165, 28.2636557], [85.3738932, 28.2635876], [85.3737897, 28.2637327]]]}, "properties": {"building": "construction", "osm_id": "way/340605194", "status": "hit", "affected_frac": 0.8}}, {"type": "Feature", "geometry": {"type": "Polygon", "coordinates": [[[85.3740564, 28.2636502], [85.3740714, 28.2636759], [85.3741139, 28.2636549], [85.374098, 28.2636284], [85.3740564, 28.2636502]]]}, "properties": {"building": "yes", "osm_id": "way/340605195", "status": "hit", "affected_frac": 1.0}}, {"type": "Feature", "geometry": {"type": "Polygon", "coordinates": [[[85.3740141, 28.2644993], [85.3740603, 28.2645136], [85.3740826, 28.2644577], [85.3741158, 28.264468], [85.3741345, 28.2644212], [85.374055, 28.2643966], [85.3740141, 28.2644993]]]}, "properties": {"building": "yes", "osm_id": "way/340605196", "status": "hit", "affected_frac": 1.0}}, {"type": "Feature", "geometry": {"type": "Polygon", "coordinates": [[[85.3743674, 28.2643055], [85.3743943, 28.2643154], [85.374388, 28.2643287], [85.3744349, 28.2643459], [85.3744705, 28.2642705], [85.3743968, 28.2642434], [85.3743674, 28.2643055]]]}, "properties": {"building": "yes", "osm_id": "way/340605197", "status": "hit", "affected_frac": 1.0}}, {"type": "Feature", "geometry": {"type": "Polygon", "coordinates": [[[85.3764698, 28.2650189], [85.3764931, 28.2650929], [85.3765982, 28.2650682], [85.3765755, 28.264994], [85.3764698, 28.2650189]]]}, "properties": {"building": "yes", "osm_id": "way/340605204", "status": "hit", "affected_frac": 1.0}}, {"type": "Feature", "geometry": {"type": "Polygon", "coordinates": [[[85.3767198, 28.2651324], [85.3767675, 28.2651229], [85.376756, 28.2650653], [85.3767329, 28.26507], [85.3767275, 28.2650517], [85.3767028, 28.2650565], [85.3767198, 28.2651324]]]}, "properties": {"building": "yes", "osm_id": "way/340605205", "status": "hit", "affected_frac": 1.0}}, {"type": "Feature", "geometry": {"type": "Polygon", "coordinates": [[[85.3760597, 28.2648828], [85.3760689, 28.2649425], [85.3761482, 28.2649309], [85.3761405, 28.2648679], [85.3760597, 28.2648828]]]}, "properties": {"building": "yes", "osm_id": "way/340605206", "status": "hit", "affected_frac": 1.0}}, {"type": "Feature", "geometry": {"type": "Polygon", "coordinates": [[[85.3760572, 28.2654198], [85.3760938, 28.2654711], [85.37615, 28.26544], [85.3761134, 28.2653887], [85.3760572, 28.2654198]]]}, "properties": {"building": "yes", "osm_id": "way/340605207", "status": "hit", "affected_frac": 1.0}}, {"type": "Feature", "geometry": {"type": "Polygon", "coordinates": [[[85.3760858, 28.2654896], [85.3761085, 28.2655262], [85.3761481, 28.2655071], [85.3761594, 28.2655253], [85.3762274, 28.2654925], [85.3761935, 28.2654378], [85.3760858, 28.2654896]]]}, "properties": {"building": "yes", "osm_id": "way/340605208", "status": "hit", "affected_frac": 1.0}}, {"type": "Feature", "geometry": {"type": "Polygon", "coordinates": [[[85.376181, 28.265287], [85.3762281, 28.2653218], [85.3762841, 28.2652669], [85.3762379, 28.2652307], [85.376181, 28.265287]]]}, "properties": {"building": "yes", "osm_id": "way/340605209", "status": "hit", "affected_frac": 1.0}}, {"type": "Feature", "geometry": {"type": "Polygon", "coordinates": [[[85.3760526, 28.265101], [85.3760717, 28.2651569], [85.3761101, 28.2651467], [85.3761218, 28.2651436], [85.3761027, 28.2650878], [85.3760526, 28.265101]]]}, "properties": {"building": "yes", "osm_id": "way/340605210", "status": "hit", "affected_frac": 1.0}}, {"type": "Feature", "geometry": {"type": "Polygon", "coordinates": [[[85.3761048, 28.2652462], [85.3761507, 28.265234], [85.3761281, 28.2651683], [85.3760822, 28.2651806], [85.3761048, 28.2652462]]]}, "properties": {"building": "yes", "osm_id": "way/340605211", "status": "hit", "affected_frac": 1.0}}, {"type": "Feature", "geometry": {"type": "Polygon", "coordinates": [[[85.3751464, 28.2653313], [85.3750971, 28.2653516], [85.3751398, 28.2654008], [85.3751759, 28.2653892], [85.3751464, 28.2653313]]]}, "properties": {"building": "yes", "osm_id": "way/340608972", "status": "hit", "affected_frac": 1.0}}, {"type": "Feature", "geometry": {"type": "Polygon", "coordinates": [[[85.3751004, 28.2652011], [85.3751299, 28.2651664], [85.3751957, 28.2652069], [85.3751661, 28.2652474], [85.3751004, 28.2652011]]]}, "properties": {"building": "yes", "osm_id": "way/340608974", "status": "hit", "affected_frac": 1.0}}, {"type": "Feature", "geometry": {"type": "Polygon", "coordinates": [[[85.3750346, 28.2653082], [85.3750675, 28.2652763], [85.3751036, 28.2652966], [85.3750741, 28.2653255], [85.3750346, 28.2653082]]]}, "properties": {"building": "yes", "osm_id": "way/340608975", "status": "hit", "affected_frac": 1.0}}, {"type": "Feature", "geometry": {"type": "Polygon", "coordinates": [[[85.376764, 28.2812295], [85.3768542, 28.2812576], [85.3768776, 28.2811991], [85.3767875, 28.281171], [85.376764, 28.2812295]]]}, "properties": {"building": "yes", "osm_id": "way/340629645", "status": "hit", "affected_frac": 1.0}}, {"type": "Feature", "geometry": {"type": "Polygon", "coordinates": [[[85.3780169, 28.2805003], [85.3781672, 28.2805045], [85.3781691, 28.2804507], [85.3780188, 28.2804466], [85.3780169, 28.2805003]]]}, "properties": {"building": "yes", "osm_id": "way/340629647", "status": "hit", "affected_frac": 1.0}}, {"type": "Feature", "geometry": {"type": "Polygon", "coordinates": [[[85.3763838, 28.2818703], [85.3764363, 28.2818026], [85.3763892, 28.2817742], [85.3763367, 28.281842], [85.3763838, 28.2818703]]]}, "properties": {"building": "yes", "osm_id": "way/340629649", "status": "hit", "affected_frac": 1.0}}, {"type": "Feature", "geometry": {"type": "Polygon", "coordinates": [[[85.3799444, 28.2806162], [85.3799806, 28.2806366], [85.3800153, 28.2805887], [85.3799791, 28.2805684], [85.3799444, 28.2806162]]]}, "properties": {"building": "yes", "osm_id": "way/341558525", "status": "hit", "affected_frac": 1.0}}, {"type": "Feature", "geometry": {"type": "Polygon", "coordinates": [[[85.3761268, 28.2657985], [85.3761611, 28.2657596], [85.3761044, 28.2657209], [85.3760701, 28.2657598], [85.3761268, 28.2657985]]]}, "properties": {"building": "yes", "osm_id": "way/341558538", "status": "hit", "affected_frac": 1.0}}, {"type": "Feature", "geometry": {"type": "Polygon", "coordinates": [[[85.3761616, 28.2651596], [85.3762137, 28.265146], [85.376201, 28.2651083], [85.3761489, 28.2651219], [85.3761616, 28.2651596]]]}, "properties": {"building": "yes", "osm_id": "way/341558543", "status": "hit", "affected_frac": 1.0}}, {"type": "Feature", "geometry": {"type": "Polygon", "coordinates": [[[85.3789037, 28.2799857], [85.3789644, 28.2800349], [85.3790397, 28.2799629], [85.3789789, 28.2799136], [85.3789037, 28.2799857]]]}, "properties": {"building": "yes", "osm_id": "way/341558545", "status": "hit", "affected_frac": 1.0}}, {"type": "Feature", "geometry": {"type": "Polygon", "coordinates": [[[85.3761397, 28.2651077], [85.3761878, 28.2650764], [85.3761358, 28.2650142], [85.3760876, 28.2650455], [85.3761397, 28.2651077]]]}, "properties": {"building": "yes", "osm_id": "way/341558547", "status": "hit", "affected_frac": 1.0}}, {"type": "Feature", "geometry": {"type": "Polygon", "coordinates": [[[85.3788472, 28.2800743], [85.3788939, 28.2801088], [85.3789585, 28.2800411], [85.3789118, 28.2800066], [85.3788472, 28.2800743]]]}, "properties": {"building": "yes", "osm_id": "way/341558548", "status": "hit", "affected_frac": 1.0}}, {"type": "Feature", "geometry": {"type": "Polygon", "coordinates": [[[85.3789912, 28.2799079], [85.379043, 28.2799448], [85.3791117, 28.2798699], [85.3790599, 28.279833], [85.3789912, 28.2799079]]]}, "properties": {"building": "yes", "osm_id": "way/341558551", "status": "hit", "affected_frac": 1.0}}, {"type": "Feature", "geometry": {"type": "Polygon", "coordinates": [[[85.3787709, 28.270768], [85.3788131, 28.2707812], [85.378827, 28.2707468], [85.3787848, 28.2707336], [85.3787709, 28.270768]]]}, "properties": {"building": "yes", "osm_id": "way/341571460", "status": "hit", "affected_frac": 1.0}}, {"type": "Feature", "geometry": {"type": "Polygon", "coordinates": [[[85.3785284, 28.2721514], [85.3785774, 28.2721419], [85.3785226, 28.2719215], [85.3784736, 28.2719309], [85.3785284, 28.2721514]]]}, "properties": {"building": "yes", "osm_id": "way/341571472", "status": "possibly hit", "affected_frac": 0.0}}, {"type": "Feature", "geometry": {"type": "Polygon", "coordinates": [[[85.3790012, 28.2713033], [85.379051, 28.2713181], [85.3790652, 28.271281], [85.3790154, 28.2712662], [85.3790012, 28.2713033]]]}, "properties": {"building": "yes", "osm_id": "way/341571474", "status": "hit", "affected_frac": 1.0}}, {"type": "Feature", "geometry": {"type": "Polygon", "coordinates": [[[85.3790105, 28.2712503], [85.3790672, 28.2712717], [85.3790848, 28.2712356], [85.3790281, 28.2712142], [85.3790105, 28.2712503]]]}, "properties": {"building": "yes", "osm_id": "way/341571479", "status": "hit", "affected_frac": 1.0}}, {"type": "Feature", "geometry": {"type": "Polygon", "coordinates": [[[85.3792989, 28.2709672], [85.3793393, 28.2709524], [85.3793147, 28.2709005], [85.3792743, 28.2709153], [85.3792989, 28.2709672]]]}, "properties": {"building": "yes", "osm_id": "way/341571497", "status": "hit", "affected_frac": 0.67}}, {"type": "Feature", "geometry": {"type": "Polygon", "coordinates": [[[85.378043, 28.2780573], [85.3780888, 28.2780589], [85.3780864, 28.2781128], [85.3781288, 28.2781143], [85.3781223, 28.2782571], [85.3780341, 28.278254], [85.378043, 28.2780573]]]}, "properties": {"building": "yes", "osm_id": "way/806977546", "status": "hit", "affected_frac": 1.0}}, {"type": "Feature", "geometry": {"type": "Polygon", "coordinates": [[[85.3779345, 28.2780665], [85.3780044, 28.2780511], [85.3780244, 28.2781216], [85.3779546, 28.2781369], [85.3779345, 28.2780665]]]}, "properties": {"building": "yes", "osm_id": "way/806977548", "status": "hit", "affected_frac": 0.5}}, {"type": "Feature", "geometry": {"type": "Polygon", "coordinates": [[[85.3771483, 28.2798724], [85.3774782, 28.2799479], [85.3771027, 28.2811266], [85.3767996, 28.2810557], [85.3771483, 28.2798724]]]}, "properties": {"building": "yes", "osm_id": "way/806977550", "status": "hit", "affected_frac": 0.88}}, {"type": "Feature", "geometry": {"type": "Polygon", "coordinates": [[[85.3784791, 28.2795853], [85.3788502, 28.2798909], [85.3787709, 28.2799656], [85.3783998, 28.27966], [85.3784791, 28.2795853]]]}, "properties": {"building": "yes", "osm_id": "way/806977551", "status": "hit", "affected_frac": 1.0}}, {"type": "Feature", "geometry": {"type": "Polygon", "coordinates": [[[85.3779725, 28.2781775], [85.3780188, 28.2781828], [85.3780254, 28.2781383], [85.3779791, 28.2781329], [85.3779725, 28.2781775]]]}, "properties": {"building": "yes", "osm_id": "way/846902588", "status": "hit", "affected_frac": 1.0}}, {"type": "Feature", "geometry": {"type": "Polygon", "coordinates": [[[85.3713327, 28.2852175], [85.3713609, 28.2852441], [85.371382, 28.2852267], [85.3713538, 28.2852001], [85.3713327, 28.2852175]]]}, "properties": {"building": "yes", "osm_id": "way/846902591", "status": "hit", "affected_frac": 1.0}}, {"type": "Feature", "geometry": {"type": "Polygon", "coordinates": [[[85.3713642, 28.2851685], [85.3714165, 28.285214], [85.3714609, 28.2851744], [85.3714086, 28.2851289], [85.3713642, 28.2851685]]]}, "properties": {"building": "yes", "osm_id": "way/846902592", "status": "hit", "affected_frac": 1.0}}, {"type": "Feature", "geometry": {"type": "Polygon", "coordinates": [[[85.3840128, 28.2834579], [85.3840329, 28.2834714], [85.3840542, 28.283447], [85.3840341, 28.2834334], [85.3840128, 28.2834579]]]}, "properties": {"building": "yes", "osm_id": "way/846902595", "status": "hit", "affected_frac": 0.5}}, {"type": "Feature", "geometry": {"type": "Polygon", "coordinates": [[[85.3839719, 28.2834], [85.3840095, 28.2834272], [85.3840449, 28.2833892], [85.3840074, 28.283362], [85.3839719, 28.2834]]]}, "properties": {"building": "yes", "osm_id": "way/846902596", "status": "hit", "affected_frac": 0.5}}, {"type": "Feature", "geometry": {"type": "Polygon", "coordinates": [[[85.3838781, 28.2833451], [85.3839169, 28.2833652], [85.383944, 28.2833245], [85.3839051, 28.2833044], [85.3838781, 28.2833451]]]}, "properties": {"building": "yes", "osm_id": "way/846902597", "status": "possibly hit", "affected_frac": 0.0}}, {"type": "Feature", "geometry": {"type": "Polygon", "coordinates": [[[85.3838217, 28.2833102], [85.3838613, 28.2833344], [85.383893, 28.2832942], [85.3838535, 28.28327], [85.3838217, 28.2833102]]]}, "properties": {"building": "yes", "osm_id": "way/846902598", "status": "possibly hit", "affected_frac": 0.0}}, {"type": "Feature", "geometry": {"type": "Polygon", "coordinates": [[[85.3838378, 28.2832476], [85.383874, 28.2832736], [85.3839064, 28.2832386], [85.3838702, 28.2832126], [85.3838378, 28.2832476]]]}, "properties": {"building": "yes", "osm_id": "way/846902599", "status": "possibly hit", "affected_frac": 0.0}}, {"type": "Feature", "geometry": {"type": "Polygon", "coordinates": [[[85.3837647, 28.2832282], [85.3838026, 28.2832479], [85.3838296, 28.2832079], [85.3837917, 28.2831881], [85.3837647, 28.2832282]]]}, "properties": {"building": "yes", "osm_id": "way/846902600", "status": "possibly hit", "affected_frac": 0.0}}, {"type": "Feature", "geometry": {"type": "Polygon", "coordinates": [[[85.3836913, 28.283175], [85.3837208, 28.2831918], [85.3837442, 28.2831601], [85.3837147, 28.2831432], [85.3836913, 28.283175]]]}, "properties": {"building": "yes", "osm_id": "way/846902601", "status": "hit", "affected_frac": 0.5}}, {"type": "Feature", "geometry": {"type": "Polygon", "coordinates": [[[85.3833175, 28.2832063], [85.3833671, 28.283237], [85.383391, 28.2831971], [85.3833441, 28.2831729], [85.3833175, 28.2832063]]]}, "properties": {"building": "yes", "osm_id": "way/846902602", "status": "hit", "affected_frac": 1.0}}, {"type": "Feature", "geometry": {"type": "Polygon", "coordinates": [[[85.3833577, 28.2829382], [85.3833993, 28.2829736], [85.3834318, 28.2829441], [85.3833902, 28.2829086], [85.3833577, 28.2829382]]]}, "properties": {"building": "yes", "osm_id": "way/846902603", "status": "hit", "affected_frac": 1.0}}, {"type": "Feature", "geometry": {"type": "Polygon", "coordinates": [[[85.3832933, 28.2829347], [85.3833416, 28.2829406], [85.3833482, 28.2828989], [85.3832999, 28.282893], [85.3832933, 28.2829347]]]}, "properties": {"building": "yes", "osm_id": "way/846902604", "status": "hit", "affected_frac": 1.0}}, {"type": "Feature", "geometry": {"type": "Polygon", "coordinates": [[[85.3834033, 28.2830209], [85.3836098, 28.2831567], [85.3836758, 28.2830789], [85.3834693, 28.2829431], [85.3834033, 28.2830209]]]}, "properties": {"building": "yes", "osm_id": "way/846902605", "status": "hit", "affected_frac": 0.57}}, {"type": "Feature", "geometry": {"type": "Polygon", "coordinates": [[[85.3764512, 28.2816432], [85.3765451, 28.2816905], [85.3768031, 28.2812928], [85.3767093, 28.2812455], [85.3764512, 28.2816432]]]}, "properties": {"building": "yes", "osm_id": "way/846902607", "status": "hit", "affected_frac": 1.0}}, {"type": "Feature", "geometry": {"type": "Polygon", "coordinates": [[[85.3788909, 28.2804978], [85.3791614, 28.280627], [85.3792178, 28.2805353], [85.3789473, 28.2804061], [85.3788909, 28.2804978]]]}, "properties": {"building": "yes", "osm_id": "way/846902608", "status": "hit", "affected_frac": 1.0}}, {"type": "Feature", "geometry": {"type": "Polygon", "coordinates": [[[85.3785377, 28.2803293], [85.3787096, 28.2804045], [85.3786814, 28.2804546], [85.3788556, 28.2805307], [85.3788873, 28.2804744], [85.3789276, 28.2804031], [85.3785814, 28.2802518], [85.3785377, 28.2803293]]]}, "properties": {"building": "yes", "osm_id": "way/846902609", "status": "hit", "affected_frac": 1.0}}, {"type": "Feature", "geometry": {"type": "Polygon", "coordinates": [[[85.3778069, 28.2801534], [85.3784975, 28.2802916], [85.3785153, 28.2802229], [85.3778246, 28.2800847], [85.3778069, 28.2801534]]]}, "properties": {"building": "yes", "osm_id": "way/846902610", "status": "hit", "affected_frac": 1.0}}, {"type": "Feature", "geometry": {"type": "Polygon", "coordinates": [[[85.3772899, 28.2772445], [85.3773133, 28.2772805], [85.3773627, 28.2772556], [85.3773392, 28.2772195], [85.3772899, 28.2772445]]]}, "properties": {"building": "yes", "osm_id": "way/846902611", "status": "hit", "affected_frac": 0.5}}, {"type": "Feature", "geometry": {"type": "Polygon", "coordinates": [[[85.3772369, 28.2773336], [85.3772644, 28.2773697], [85.3773124, 28.2773412], [85.3772849, 28.2773052], [85.3772369, 28.2773336]]]}, "properties": {"building": "yes", "osm_id": "way/846902612", "status": "hit", "affected_frac": 1.0}}, {"type": "Feature", "geometry": {"type": "Polygon", "coordinates": [[[85.3772704, 28.2774104], [85.3773301, 28.2774866], [85.3773765, 28.2774584], [85.3773168, 28.2773822], [85.3772704, 28.2774104]]]}, "properties": {"building": "yes", "osm_id": "way/846902613", "status": "hit", "affected_frac": 1.0}}, {"type": "Feature", "geometry": {"type": "Polygon", "coordinates": [[[85.3779034, 28.2725904], [85.3780107, 28.2726022], [85.3780201, 28.2725364], [85.3779128, 28.2725246], [85.3779034, 28.2725904]]]}, "properties": {"building": "yes", "osm_id": "way/846902614", "status": "possibly hit", "affected_frac": 0.33}}, {"type": "Feature", "geometry": {"type": "Polygon", "coordinates": [[[85.3779081, 28.2724404], [85.3779623, 28.2724398], [85.377961, 28.2723377], [85.3779068, 28.2723382], [85.3779081, 28.2724404]]]}, "properties": {"building": "yes", "osm_id": "way/846902619", "status": "possibly hit", "affected_frac": 0.0}}, {"type": "Feature", "geometry": {"type": "Polygon", "coordinates": [[[85.3780469, 28.2721445], [85.3781214, 28.2721449], [85.378122, 28.272054], [85.3780476, 28.2720536], [85.3780469, 28.2721445]]]}, "properties": {"building": "yes", "osm_id": "way/846902620", "status": "possibly hit", "affected_frac": 0.0}}, {"type": "Feature", "geometry": {"type": "Polygon", "coordinates": [[[85.3785753, 28.2719473], [85.3786299, 28.2719389], [85.3786031, 28.2718031], [85.3785485, 28.2718114], [85.3785753, 28.2719473]]]}, "properties": {"building": "yes", "osm_id": "way/846902621", "status": "hit", "affected_frac": 1.0}}, {"type": "Feature", "geometry": {"type": "Polygon", "coordinates": [[[85.3788543, 28.2720512], [85.3788861, 28.2720528], [85.3788888, 28.2720127], [85.378857, 28.272011], [85.3788543, 28.2720512]]]}, "properties": {"building": "yes", "osm_id": "way/846902622", "status": "hit", "affected_frac": 1.0}}, {"type": "Feature", "geometry": {"type": "Polygon", "coordinates": [[[85.3788248, 28.2721882], [85.3788947, 28.2721934], [85.3789068, 28.2720682], [85.3788368, 28.272063], [85.3788248, 28.2721882]]]}, "properties": {"building": "yes", "osm_id": "way/846902623", "status": "hit", "affected_frac": 1.0}}, {"type": "Feature", "geometry": {"type": "Polygon", "coordinates": [[[85.3778726, 28.2723087], [85.3779678, 28.2723099], [85.3779745, 28.2718906], [85.3778793, 28.2718894], [85.3778726, 28.2723087]]]}, "properties": {"building": "yes", "osm_id": "way/846902624", "status": "hit", "affected_frac": 0.83}}, {"type": "Feature", "geometry": {"type": "Polygon", "coordinates": [[[85.3781824, 28.2716472], [85.3781743, 28.2722236], [85.3782556, 28.2722245], [85.3782637, 28.2716481], [85.3781824, 28.2716472]]]}, "properties": {"building": "yes", "osm_id": "way/846902625", "status": "possibly hit", "affected_frac": 0.36}}, {"type": "Feature", "geometry": {"type": "Polygon", "coordinates": [[[85.3787778, 28.2715835], [85.3788905, 28.2715409], [85.3788394, 28.271436], [85.3787268, 28.2714786], [85.3787778, 28.2715835]]]}, "properties": {"building": "yes", "osm_id": "way/846902626", "status": "hit", "affected_frac": 1.0}}, {"type": "Feature", "geometry": {"type": "Polygon", "coordinates": [[[85.3789213, 28.2713992], [85.378987, 28.2713791], [85.3789695, 28.2713347], [85.3789038, 28.2713548], [85.3789213, 28.2713992]]]}, "properties": {"building": "yes", "osm_id": "way/846902627", "status": "hit", "affected_frac": 1.0}}, {"type": "Feature", "geometry": {"type": "Polygon", "coordinates": [[[85.3781167, 28.2711665], [85.3781475, 28.2711819], [85.3781763, 28.2711371], [85.3781454, 28.2711217], [85.3781167, 28.2711665]]]}, "properties": {"building": "yes", "osm_id": "way/846902628", "status": "hit", "affected_frac": 1.0}}, {"type": "Feature", "geometry": {"type": "Polygon", "coordinates": [[[85.3785083, 28.2711252], [85.3786182, 28.2710838], [85.3785572, 28.2709579], [85.3784472, 28.2709993], [85.3785083, 28.2711252]]]}, "properties": {"building": "yes", "osm_id": "way/846902629", "status": "hit", "affected_frac": 1.0}}, {"type": "Feature", "geometry": {"type": "Polygon", "coordinates": [[[85.3784466, 28.2703976], [85.3785391, 28.2703941], [85.3785323, 28.2702556], [85.3784397, 28.2702592], [85.3784466, 28.2703976]]]}, "properties": {"building": "yes", "osm_id": "way/846902630", "status": "hit", "affected_frac": 1.0}}, {"type": "Feature", "geometry": {"type": "Polygon", "coordinates": [[[85.376498, 28.2743602], [85.3766833, 28.2744514], [85.3767865, 28.2742888], [85.3767015, 28.274247], [85.3767404, 28.2741858], [85.3766401, 28.2741364], [85.376498, 28.2743602]]]}, "properties": {"building": "yes", "osm_id": "way/846902631", "status": "hit", "affected_frac": 0.64}}, {"type": "Feature", "geometry": {"type": "Polygon", "coordinates": [[[85.3769298, 28.2739941], [85.3769667, 28.2739994], [85.3769707, 28.2739779], [85.3769338, 28.2739725], [85.3769298, 28.2739941]]]}, "properties": {"building": "yes", "osm_id": "way/846902632", "status": "hit", "affected_frac": 1.0}}, {"type": "Feature", "geometry": {"type": "Polygon", "coordinates": [[[85.3768701, 28.2740526], [85.3769117, 28.2740797], [85.3769573, 28.2740256], [85.3769157, 28.2739985], [85.3768701, 28.2740526]]]}, "properties": {"building": "yes", "osm_id": "way/846902633", "status": "hit", "affected_frac": 1.0}}, {"type": "Feature", "geometry": {"type": "Polygon", "coordinates": [[[85.3764651, 28.2733085], [85.3765684, 28.2733173], [85.3765752, 28.2732556], [85.3764719, 28.2732468], [85.3764651, 28.2733085]]]}, "properties": {"building": "yes", "osm_id": "way/846902634", "status": "hit", "affected_frac": 1.0}}, {"type": "Feature", "geometry": {"type": "Polygon", "coordinates": [[[85.3766475, 28.2733049], [85.3767112, 28.2733014], [85.376695, 28.2730751], [85.3766313, 28.2730786], [85.3766475, 28.2733049]]]}, "properties": {"building": "yes", "osm_id": "way/846902635", "status": "hit", "affected_frac": 1.0}}, {"type": "Feature", "geometry": {"type": "Polygon", "coordinates": [[[85.3765161, 28.2735701], [85.376603, 28.2735339], [85.3765514, 28.2734377], [85.3764644, 28.2734738], [85.3765161, 28.2735701]]]}, "properties": {"building": "yes", "osm_id": "way/846902636", "status": "hit", "affected_frac": 1.0}}, {"type": "Feature", "geometry": {"type": "Polygon", "coordinates": [[[85.3768641, 28.2735022], [85.3769211, 28.2735229], [85.3769443, 28.2734733], [85.3768873, 28.2734526], [85.3768641, 28.2735022]]]}, "properties": {"building": "yes", "osm_id": "way/846902637", "status": "hit", "affected_frac": 1.0}}, {"type": "Feature", "geometry": {"type": "Polygon", "coordinates": [[[85.376907, 28.2733528], [85.3769895, 28.2733516], [85.3769878, 28.2732601], [85.3769053, 28.2732613], [85.376907, 28.2733528]]]}, "properties": {"building": "yes", "osm_id": "way/846902638", "status": "hit", "affected_frac": 1.0}}, {"type": "Feature", "geometry": {"type": "Polygon", "coordinates": [[[85.3768869, 28.273452], [85.3769854, 28.2734526], [85.3769862, 28.2733605], [85.3768876, 28.2733599], [85.3768869, 28.273452]]]}, "properties": {"building": "yes", "osm_id": "way/846902639", "status": "hit", "affected_frac": 1.0}}, {"type": "Feature", "geometry": {"type": "Polygon", "coordinates": [[[85.3769325, 28.27324], [85.3769982, 28.2732382], [85.3769926, 28.2730776], [85.3769269, 28.2730794], [85.3769325, 28.27324]]]}, "properties": {"building": "yes", "osm_id": "way/846902640", "status": "hit", "affected_frac": 1.0}}, {"type": "Feature", "geometry": {"type": "Polygon", "coordinates": [[[85.376791, 28.273253], [85.3769197, 28.2732459], [85.3769091, 28.2730954], [85.3767803, 28.2731025], [85.376791, 28.273253]]]}, "properties": {"building": "yes", "osm_id": "way/846902641", "status": "hit", "affected_frac": 1.0}}, {"type": "Feature", "geometry": {"type": "Polygon", "coordinates": [[[85.3768238, 28.2730876], [85.3768963, 28.2730847], [85.3768923, 28.2730099], [85.3768199, 28.2730129], [85.3768238, 28.2730876]]]}, "properties": {"building": "yes", "osm_id": "way/846902642", "status": "hit", "affected_frac": 1.0}}, {"type": "Feature", "geometry": {"type": "Polygon", "coordinates": [[[85.3768996, 28.2730457], [85.376974, 28.2730386], [85.3769613, 28.2729344], [85.3768868, 28.2729415], [85.3768996, 28.2730457]]]}, "properties": {"building": "yes", "osm_id": "way/846902643", "status": "hit", "affected_frac": 1.0}}, {"type": "Feature", "geometry": {"type": "Polygon", "coordinates": [[[85.3768379, 28.2722354], [85.3769108, 28.2722122], [85.3768826, 28.2721437], [85.3768098, 28.2721669], [85.3768379, 28.2722354]]]}, "properties": {"building": "yes", "osm_id": "way/846902644", "status": "hit", "affected_frac": 1.0}}, {"type": "Feature", "geometry": {"type": "Polygon", "coordinates": [[[85.3765851, 28.2723152], [85.3766938, 28.2723624], [85.3767221, 28.2723119], [85.3766135, 28.2722647], [85.3765851, 28.2723152]]]}, "properties": {"building": "yes", "osm_id": "way/846902645", "status": "hit", "affected_frac": 1.0}}, {"type": "Feature", "geometry": {"type": "Polygon", "coordinates": [[[85.3765865, 28.2721351], [85.3766596, 28.2721209], [85.3766334, 28.2720162], [85.3765603, 28.2720304], [85.3765865, 28.2721351]]]}, "properties": {"building": "yes", "osm_id": "way/846902646", "status": "hit", "affected_frac": 1.0}}, {"type": "Feature", "geometry": {"type": "Polygon", "coordinates": [[[85.3770512, 28.2712905], [85.3770545, 28.2713472], [85.3771451, 28.2713431], [85.3771418, 28.2712864], [85.3770512, 28.2712905]]]}, "properties": {"building": "yes", "osm_id": "way/846902647", "status": "hit", "affected_frac": 1.0}}, {"type": "Feature", "geometry": {"type": "Polygon", "coordinates": [[[85.3766495, 28.2714199], [85.3767065, 28.2714246], [85.3767197, 28.2713011], [85.3766627, 28.2712964], [85.3766495, 28.2714199]]]}, "properties": {"building": "yes", "osm_id": "way/846902648", "status": "hit", "affected_frac": 1.0}}, {"type": "Feature", "geometry": {"type": "Polygon", "coordinates": [[[85.3767454, 28.2710868], [85.376736, 28.2712705], [85.377098, 28.2712848], [85.3771074, 28.2711012], [85.3767454, 28.2710868]]]}, "properties": {"building": "yes", "osm_id": "way/846902649", "status": "hit", "affected_frac": 1.0}}, {"type": "Feature", "geometry": {"type": "Polygon", "coordinates": [[[85.376628, 28.2708482], [85.3766388, 28.2709421], [85.3769101, 28.2709181], [85.3768994, 28.2708242], [85.376628, 28.2708482]]]}, "properties": {"building": "yes", "osm_id": "way/846902650", "status": "hit", "affected_frac": 1.0}}, {"type": "Feature", "geometry": {"type": "Polygon", "coordinates": [[[85.3766059, 28.2705269], [85.3766099, 28.2705559], [85.3766593, 28.2705506], [85.3766553, 28.2705216], [85.3766059, 28.2705269]]]}, "properties": {"building": "yes", "osm_id": "way/846902651", "status": "hit", "affected_frac": 1.0}}, {"type": "Feature", "geometry": {"type": "Polygon", "coordinates": [[[85.376504, 28.2705287], [85.3765174, 28.2705653], [85.3765678, 28.270551], [85.3765544, 28.2705144], [85.376504, 28.2705287]]]}, "properties": {"building": "yes", "osm_id": "way/846902652", "status": "hit", "affected_frac": 1.0}}, {"type": "Feature", "geometry": {"type": "Polygon", "coordinates": [[[85.3763055, 28.2700687], [85.3763518, 28.2702813], [85.3764819, 28.2702593], [85.3764356, 28.2700467], [85.3763055, 28.2700687]]]}, "properties": {"building": "yes", "osm_id": "way/846902653", "status": "hit", "affected_frac": 1.0}}, {"type": "Feature", "geometry": {"type": "Polygon", "coordinates": [[[85.3766482, 28.270182], [85.3766944, 28.2703439], [85.3768221, 28.2703155], [85.3767759, 28.2701537], [85.3766482, 28.270182]]]}, "properties": {"building": "yes", "osm_id": "way/846902654", "status": "hit", "affected_frac": 1.0}}, {"type": "Feature", "geometry": {"type": "Polygon", "coordinates": [[[85.376736, 28.2700114], [85.3767467, 28.2701], [85.3768059, 28.2700944], [85.3767951, 28.2700058], [85.376736, 28.2700114]]]}, "properties": {"building": "yes", "osm_id": "way/846902655", "status": "hit", "affected_frac": 1.0}}, {"type": "Feature", "geometry": {"type": "Polygon", "coordinates": [[[85.3766736, 28.2698307], [85.3767199, 28.2699753], [85.3767719, 28.2699625], [85.3767256, 28.2698178], [85.3766736, 28.2698307]]]}, "properties": {"building": "yes", "osm_id": "way/846902656", "status": "hit", "affected_frac": 1.0}}, {"type": "Feature", "geometry": {"type": "Polygon", "coordinates": [[[85.3765838, 28.2698248], [85.3766388, 28.2700126], [85.3767064, 28.2699972], [85.3766514, 28.2698094], [85.3765838, 28.2698248]]]}, "properties": {"building": "yes", "osm_id": "way/846902657", "status": "hit", "affected_frac": 1.0}}, {"type": "Feature", "geometry": {"type": "Polygon", "coordinates": [[[85.376571, 28.2700078], [85.3766203, 28.2699955], [85.376564, 28.2698207], [85.3765147, 28.269833], [85.376571, 28.2700078]]]}, "properties": {"building": "yes", "osm_id": "way/846902658", "status": "hit", "affected_frac": 1.0}}, {"type": "Feature", "geometry": {"type": "Polygon", "coordinates": [[[85.3764879, 28.2700285], [85.3765574, 28.2700119], [85.3764991, 28.2698223], [85.3764296, 28.2698389], [85.3764879, 28.2700285]]]}, "properties": {"building": "yes", "osm_id": "way/846902659", "status": "hit", "affected_frac": 1.0}}, {"type": "Feature", "geometry": {"type": "Polygon", "coordinates": [[[85.3763437, 28.2699063], [85.3764195, 28.2698892], [85.376341, 28.2696187], [85.3762653, 28.2696358], [85.3763437, 28.2699063]]]}, "properties": {"building": "yes", "osm_id": "way/846902660", "status": "hit", "affected_frac": 1.0}}, {"type": "Feature", "geometry": {"type": "Polygon", "coordinates": [[[85.3764168, 28.2698112], [85.3767112, 28.2697716], [85.3767027, 28.2697224], [85.3764083, 28.269762], [85.3764168, 28.2698112]]]}, "properties": {"building": "yes", "osm_id": "way/846902661", "status": "hit", "affected_frac": 1.0}}, {"type": "Feature", "geometry": {"type": "Polygon", "coordinates": [[[85.3763987, 28.2697415], [85.3766247, 28.2697244], [85.3766199, 28.2696758], [85.376394, 28.269693], [85.3763987, 28.2697415]]]}, "properties": {"building": "yes", "osm_id": "way/846902662", "status": "hit", "affected_frac": 1.0}}, {"type": "Feature", "geometry": {"type": "Polygon", "coordinates": [[[85.3763913, 28.2696818], [85.3765268, 28.269673], [85.3765231, 28.2696298], [85.3763877, 28.2696386], [85.3763913, 28.2696818]]]}, "properties": {"building": "yes", "osm_id": "way/846902663", "status": "hit", "affected_frac": 1.0}}, {"type": "Feature", "geometry": {"type": "Polygon", "coordinates": [[[85.3765556, 28.2696724], [85.3766917, 28.2696505], [85.3766823, 28.2696049], [85.3765462, 28.2696268], [85.3765556, 28.2696724]]]}, "properties": {"building": "yes", "osm_id": "way/846902664", "status": "hit", "affected_frac": 1.0}}, {"type": "Feature", "geometry": {"type": "Polygon", "coordinates": [[[85.3764765, 28.2696145], [85.3766173, 28.2696033], [85.3766124, 28.2695559], [85.3764716, 28.2695671], [85.3764765, 28.2696145]]]}, "properties": {"building": "yes", "osm_id": "way/846902665", "status": "hit", "affected_frac": 1.0}}, {"type": "Feature", "geometry": {"type": "Polygon", "coordinates": [[[85.3763625, 28.2696228], [85.376457, 28.2696192], [85.3764547, 28.2695706], [85.3763602, 28.2695741], [85.3763625, 28.2696228]]]}, "properties": {"building": "yes", "osm_id": "way/846902666", "status": "hit", "affected_frac": 1.0}}, {"type": "Feature", "geometry": {"type": "Polygon", "coordinates": [[[85.376398, 28.2695643], [85.3765845, 28.2695484], [85.3765795, 28.2695033], [85.3763931, 28.2695193], [85.376398, 28.2695643]]]}, "properties": {"building": "yes", "osm_id": "way/846902667", "status": "hit", "affected_frac": 1.0}}, {"type": "Feature", "geometry": {"type": "Polygon", "coordinates": [[[85.3764128, 28.2695035], [85.3765409, 28.2694946], [85.3765371, 28.2694524], [85.376409, 28.2694613], [85.3764128, 28.2695035]]]}, "properties": {"building": "yes", "osm_id": "way/846902668", "status": "hit", "affected_frac": 1.0}}, {"type": "Feature", "geometry": {"type": "Polygon", "coordinates": [[[85.37639, 28.269458], [85.3764644, 28.2694539], [85.3764614, 28.2694113], [85.3763869, 28.2694154], [85.37639, 28.269458]]]}, "properties": {"building": "yes", "osm_id": "way/846902669", "status": "hit", "affected_frac": 1.0}}, {"type": "Feature", "geometry": {"type": "Polygon", "coordinates": [[[85.3770009, 28.2676065], [85.3770511, 28.2675829], [85.3769773, 28.2674613], [85.3769271, 28.2674849], [85.3770009, 28.2676065]]]}, "properties": {"building": "yes", "osm_id": "way/846902670", "status": "hit", "affected_frac": 1.0}}, {"type": "Feature", "geometry": {"type": "Polygon", "coordinates": [[[85.3769278, 28.2674447], [85.3769611, 28.2674275], [85.3769108, 28.2673519], [85.3768775, 28.2673691], [85.3769278, 28.2674447]]]}, "properties": {"building": "yes", "osm_id": "way/846902671", "status": "hit", "affected_frac": 1.0}}, {"type": "Feature", "geometry": {"type": "Polygon", "coordinates": [[[85.3764282, 28.2662919], [85.3764966, 28.2663657], [85.3765873, 28.2663005], [85.3765189, 28.2662267], [85.3764282, 28.2662919]]]}, "properties": {"building": "yes", "osm_id": "way/846902672", "status": "hit", "affected_frac": 1.0}}, {"type": "Feature", "geometry": {"type": "Polygon", "coordinates": [[[85.3764805, 28.2665606], [85.3765073, 28.2665978], [85.3765931, 28.2665498], [85.3765663, 28.2665126], [85.3764805, 28.2665606]]]}, "properties": {"building": "yes", "osm_id": "way/846902673", "status": "hit", "affected_frac": 1.0}}, {"type": "Feature", "geometry": {"type": "Polygon", "coordinates": [[[85.3760011, 28.2658082], [85.3760547, 28.2658525], [85.3760916, 28.2658178], [85.376038, 28.2657735], [85.3760011, 28.2658082]]]}, "properties": {"building": "yes", "osm_id": "way/846902674", "status": "hit", "affected_frac": 1.0}}, {"type": "Feature", "geometry": {"type": "Polygon", "coordinates": [[[85.3761593, 28.2657479], [85.3762425, 28.2657474], [85.376242, 28.265696], [85.3761589, 28.2656966], [85.3761593, 28.2657479]]]}, "properties": {"building": "yes", "osm_id": "way/846902675", "status": "hit", "affected_frac": 1.0}}, {"type": "Feature", "geometry": {"type": "Polygon", "coordinates": [[[85.3812173, 28.2812281], [85.3813413, 28.2812272], [85.38134, 28.281089], [85.381216, 28.2810899], [85.3812173, 28.2812281]]]}, "properties": {"building": "yes", "osm_id": "way/846902676", "status": "hit", "affected_frac": 1.0}}, {"type": "Feature", "geometry": {"type": "Polygon", "coordinates": [[[85.3809115, 28.2812187], [85.3809712, 28.2811919], [85.380931, 28.2811223], [85.3808713, 28.281149], [85.3809115, 28.2812187]]]}, "properties": {"building": "yes", "osm_id": "way/846902677", "status": "hit", "affected_frac": 1.0}}, {"type": "Feature", "geometry": {"type": "Polygon", "coordinates": [[[85.3808552, 28.2811372], [85.3809191, 28.2811009], [85.3807394, 28.2808553], [85.3806755, 28.2808915], [85.3808552, 28.2811372]]]}, "properties": {"building": "yes", "osm_id": "way/846902678", "status": "hit", "affected_frac": 1.0}}, {"type": "Feature", "geometry": {"type": "Polygon", "coordinates": [[[85.3799151, 28.2808207], [85.3802611, 28.2809907], [85.3802833, 28.2809558], [85.3800187, 28.2808257], [85.3800459, 28.2807828], [85.3799645, 28.2807428], [85.3799151, 28.2808207]]]}, "properties": {"building": "yes", "osm_id": "way/846902679", "status": "hit", "affected_frac": 1.0}}, {"type": "Feature", "geometry": {"type": "Polygon", "coordinates": [[[85.3783165, 28.2804829], [85.3784922, 28.2804923], [85.3784967, 28.2804277], [85.378321, 28.2804183], [85.3783165, 28.2804829]]]}, "properties": {"building": "yes", "osm_id": "way/846902680", "status": "hit", "affected_frac": 1.0}}, {"type": "Feature", "geometry": {"type": "Polygon", "coordinates": [[[85.3778431, 28.2809069], [85.3779034, 28.2809399], [85.3779785, 28.2808337], [85.3779181, 28.2808006], [85.3778431, 28.2809069]]]}, "properties": {"building": "yes", "osm_id": "way/846902681", "status": "hit", "affected_frac": 1.0}}, {"type": "Feature", "geometry": {"type": "Polygon", "coordinates": [[[85.3778458, 28.2805041], [85.3779852, 28.2804959], [85.3779821, 28.2804548], [85.3778426, 28.280463], [85.3778458, 28.2805041]]]}, "properties": {"building": "yes", "osm_id": "way/846902683", "status": "hit", "affected_frac": 1.0}}, {"type": "Feature", "geometry": {"type": "Polygon", "coordinates": [[[85.3779175, 28.2806264], [85.3779799, 28.2806299], [85.3779827, 28.2805912], [85.3779203, 28.2805877], [85.3779175, 28.2806264]]]}, "properties": {"building": "yes", "osm_id": "way/846902684", "status": "hit", "affected_frac": 1.0}}, {"type": "Feature", "geometry": {"type": "Polygon", "coordinates": [[[85.3778015, 28.2805998], [85.3778438, 28.2806116], [85.3778599, 28.2805668], [85.3778177, 28.280555], [85.3778015, 28.2805998]]]}, "properties": {"building": "yes", "osm_id": "way/846902685", "status": "hit", "affected_frac": 1.0}}, {"type": "Feature", "geometry": {"type": "Polygon", "coordinates": [[[85.3768507, 28.2675132], [85.3768775, 28.2675723], [85.3769233, 28.2675562], [85.3768964, 28.2674971], [85.3768507, 28.2675132]]]}, "properties": {"building": "yes", "osm_id": "way/849463386", "status": "hit", "affected_frac": 1.0}}, {"type": "Feature", "geometry": {"type": "Polygon", "coordinates": [[[85.3766415, 28.2669628], [85.3766278, 28.2669763], [85.3766761, 28.2670141], [85.3766897, 28.2670006], [85.3766415, 28.2669628]]]}, "properties": {"building": "yes", "osm_id": "way/849463387", "status": "hit", "affected_frac": 1.0}}, {"type": "Feature", "geometry": {"type": "Polygon", "coordinates": [[[85.3765167, 28.2668128], [85.3765489, 28.2668801], [85.3765809, 28.2668683], [85.3765487, 28.2668009], [85.3765167, 28.2668128]]]}, "properties": {"building": "yes", "osm_id": "way/849463388", "status": "hit", "affected_frac": 1.0}}, {"type": "Feature", "geometry": {"type": "Polygon", "coordinates": [[[85.3764537, 28.2666746], [85.3764845, 28.2667537], [85.3765209, 28.2667427], [85.37649, 28.2666636], [85.3764537, 28.2666746]]]}, "properties": {"building": "yes", "osm_id": "way/849463389", "status": "hit", "affected_frac": 1.0}}, {"type": "Feature", "geometry": {"type": "Polygon", "coordinates": [[[85.3761265, 28.2662305], [85.3761895, 28.2662848], [85.3762183, 28.2662589], [85.3761553, 28.2662046], [85.3761265, 28.2662305]]]}, "properties": {"building": "yes", "osm_id": "way/849463390", "status": "hit", "affected_frac": 1.0}}, {"type": "Feature", "geometry": {"type": "Polygon", "coordinates": [[[85.3762901, 28.2662564], [85.3763102, 28.2662773], [85.3763719, 28.2662313], [85.3763518, 28.2662104], [85.3762901, 28.2662564]]]}, "properties": {"building": "yes", "osm_id": "way/849463391", "status": "hit", "affected_frac": 0.5}}, {"type": "Feature", "geometry": {"type": "Polygon", "coordinates": [[[85.3761962, 28.2663049], [85.3762324, 28.2663828], [85.3762728, 28.2663683], [85.3762366, 28.2662903], [85.3761962, 28.2663049]]]}, "properties": {"building": "yes", "osm_id": "way/849463392", "status": "hit", "affected_frac": 0.67}}, {"type": "Feature", "geometry": {"type": "Polygon", "coordinates": [[[85.3764121, 28.2665801], [85.3764524, 28.2666533], [85.3764779, 28.2666424], [85.3764377, 28.2665692], [85.3764121, 28.2665801]]]}, "properties": {"building": "yes", "osm_id": "way/849463393", "status": "hit", "affected_frac": 0.67}}, {"type": "Feature", "geometry": {"type": "Polygon", "coordinates": [[[85.3762901, 28.2664797], [85.3763276, 28.2665482], [85.3763559, 28.2665362], [85.3763183, 28.2664677], [85.3762901, 28.2664797]]]}, "properties": {"building": "yes", "osm_id": "way/849463394", "status": "hit", "affected_frac": 0.67}}, {"type": "Feature", "geometry": {"type": "Polygon", "coordinates": [[[85.3765623, 28.2668907], [85.3765932, 28.2669652], [85.3766173, 28.2669574], [85.3765865, 28.266883], [85.3765623, 28.2668907]]]}, "properties": {"building": "yes", "osm_id": "way/849463395", "status": "hit", "affected_frac": 1.0}}, {"type": "Feature", "geometry": {"type": "Polygon", "coordinates": [[[85.3766213, 28.2670242], [85.3766575, 28.2670927], [85.3766837, 28.267082], [85.3766475, 28.2670135], [85.3766213, 28.2670242]]]}, "properties": {"building": "yes", "osm_id": "way/849463396", "status": "hit", "affected_frac": 1.0}}, {"type": "Feature", "geometry": {"type": "Polygon", "coordinates": [[[85.3766763, 28.2671093], [85.3767152, 28.2671825], [85.3767482, 28.2671689], [85.3767093, 28.2670957], [85.3766763, 28.2671093]]]}, "properties": {"building": "yes", "osm_id": "way/849463397", "status": "hit", "affected_frac": 1.0}}, {"type": "Feature", "geometry": {"type": "Polygon", "coordinates": [[[85.3767139, 28.2672085], [85.3767461, 28.2672734], [85.3767828, 28.2672593], [85.3767507, 28.2671943], [85.3767139, 28.2672085]]]}, "properties": {"building": "yes", "osm_id": "way/849463398", "status": "hit", "affected_frac": 1.0}}, {"type": "Feature", "geometry": {"type": "Polygon", "coordinates": [[[85.3767957, 28.267414], [85.3768493, 28.2674636], [85.3768894, 28.26743], [85.3768358, 28.2673804], [85.3767957, 28.267414]]]}, "properties": {"building": "yes", "osm_id": "way/849463399", "status": "hit", "affected_frac": 1.0}}, {"type": "Feature", "geometry": {"type": "Polygon", "coordinates": [[[85.376903, 28.2675853], [85.3769311, 28.2676538], [85.3769671, 28.2676423], [85.3769389, 28.2675738], [85.376903, 28.2675853]]]}, "properties": {"building": "yes", "osm_id": "way/849463400", "status": "hit", "affected_frac": 1.0}}, {"type": "Feature", "geometry": {"type": "Polygon", "coordinates": [[[85.3769325, 28.2676963], [85.3770076, 28.2677128], [85.3770165, 28.2676814], [85.3769414, 28.2676649], [85.3769325, 28.2676963]]]}, "properties": {"building": "yes", "osm_id": "way/849463401", "status": "hit", "affected_frac": 1.0}}, {"type": "Feature", "geometry": {"type": "Polygon", "coordinates": [[[85.3769526, 28.2677554], [85.3769808, 28.2678298], [85.3770125, 28.2678204], [85.3769844, 28.267746], [85.3769526, 28.2677554]]]}, "properties": {"building": "yes", "osm_id": "way/849463402", "status": "hit", "affected_frac": 1.0}}, {"type": "Feature", "geometry": {"type": "Polygon", "coordinates": [[[85.3769888, 28.267851], [85.3770022, 28.2679231], [85.3770365, 28.2679181], [85.3770231, 28.2678461], [85.3769888, 28.267851]]]}, "properties": {"building": "yes", "osm_id": "way/849463403", "status": "hit", "affected_frac": 1.0}}, {"type": "Feature", "geometry": {"type": "Polygon", "coordinates": [[[85.3769915, 28.2680483], [85.377029, 28.268052], [85.3770411, 28.2679575], [85.3770035, 28.2679538], [85.3769915, 28.2680483]]]}, "properties": {"building": "yes", "osm_id": "way/849463404", "status": "hit", "affected_frac": 1.0}}, {"type": "Feature", "geometry": {"type": "Polygon", "coordinates": [[[85.3769747, 28.2683194], [85.3770053, 28.2683182], [85.3770006, 28.2682219], [85.37697, 28.2682231], [85.3769747, 28.2683194]]]}, "properties": {"building": "yes", "osm_id": "way/849463405", "status": "hit", "affected_frac": 1.0}}, {"type": "Feature", "geometry": {"type": "Polygon", "coordinates": [[[85.37697, 28.2684759], [85.377, 28.2684717], [85.3769853, 28.2683902], [85.3769553, 28.2683944], [85.37697, 28.2684759]]]}, "properties": {"building": "yes", "osm_id": "way/849463406", "status": "hit", "affected_frac": 1.0}}, {"type": "Feature", "geometry": {"type": "Polygon", "coordinates": [[[85.3770679, 28.2685775], [85.377031, 28.2685911], [85.3770659, 28.2686643], [85.3771028, 28.2686507], [85.3770679, 28.2685775]]]}, "properties": {"building": "yes", "osm_id": "way/849463407", "status": "hit", "affected_frac": 1.0}}, {"type": "Feature", "geometry": {"type": "Polygon", "coordinates": [[[85.377135, 28.2687286], [85.3771095, 28.2687402], [85.3771538, 28.2688158], [85.3771792, 28.2688042], [85.377135, 28.2687286]]]}, "properties": {"building": "yes", "osm_id": "way/849463408", "status": "hit", "affected_frac": 1.0}}, {"type": "Feature", "geometry": {"type": "Polygon", "coordinates": [[[85.3771926, 28.2688196], [85.377166, 28.2688325], [85.3772023, 28.2688904], [85.3772289, 28.2688775], [85.3771926, 28.2688196]]]}, "properties": {"building": "yes", "osm_id": "way/849463409", "status": "hit", "affected_frac": 1.0}}, {"type": "Feature", "geometry": {"type": "Polygon", "coordinates": [[[85.3775561, 28.269135], [85.3776245, 28.2691456], [85.3776303, 28.2691168], [85.3775619, 28.2691061], [85.3775561, 28.269135]]]}, "properties": {"building": "yes", "osm_id": "way/849463410", "status": "hit", "affected_frac": 1.0}}, {"type": "Feature", "geometry": {"type": "Polygon", "coordinates": [[[85.3775547, 28.2690676], [85.3775511, 28.2690913], [85.3776302, 28.2691008], [85.3776339, 28.2690771], [85.3775547, 28.2690676]]]}, "properties": {"building": "yes", "osm_id": "way/849463411", "status": "hit", "affected_frac": 1.0}}, {"type": "Feature", "geometry": {"type": "Polygon", "coordinates": [[[85.3774743, 28.2690877], [85.3774642, 28.2691246], [85.3775313, 28.2691388], [85.3775413, 28.2691019], [85.3774743, 28.2690877]]]}, "properties": {"building": "yes", "osm_id": "way/849463412", "status": "hit", "affected_frac": 1.0}}, {"type": "Feature", "geometry": {"type": "Polygon", "coordinates": [[[85.3772235, 28.269018], [85.3772677, 28.2690924], [85.3773054, 28.2690751], [85.3772611, 28.2690007], [85.3772235, 28.269018]]]}, "properties": {"building": "yes", "osm_id": "way/849463413", "status": "hit", "affected_frac": 1.0}}, {"type": "Feature", "geometry": {"type": "Polygon", "coordinates": [[[85.377304, 28.2691232], [85.377375, 28.2691491], [85.3773908, 28.2691158], [85.3773197, 28.2690898], [85.377304, 28.2691232]]]}, "properties": {"building": "yes", "osm_id": "way/849463414", "status": "hit", "affected_frac": 1.0}}, {"type": "Feature", "geometry": {"type": "Polygon", "coordinates": [[[85.3783373, 28.2799833], [85.3783536, 28.2799943], [85.3783878, 28.2799547], [85.3783715, 28.2799437], [85.3783373, 28.2799833]]]}, "properties": {"building": "yes", "osm_id": "way/849463421", "status": "hit", "affected_frac": 1.0}}, {"type": "Feature", "geometry": {"type": "Polygon", "coordinates": [[[85.3783078, 28.279991], [85.3783567, 28.2799485], [85.3783377, 28.2799315], [85.3782888, 28.279974], [85.3783078, 28.279991]]]}, "properties": {"building": "yes", "osm_id": "way/849463422", "status": "hit", "affected_frac": 1.0}}, {"type": "Feature", "geometry": {"type": "Polygon", "coordinates": [[[85.3782722, 28.2799514], [85.378289, 28.2799646], [85.3783346, 28.2799198], [85.3783178, 28.2799065], [85.3782722, 28.2799514]]]}, "properties": {"building": "yes", "osm_id": "way/849463423", "status": "hit", "affected_frac": 1.0}}, {"type": "Feature", "geometry": {"type": "Polygon", "coordinates": [[[85.3780818, 28.2798286], [85.3781265, 28.2798603], [85.3781815, 28.2798], [85.3781368, 28.2797684], [85.3780818, 28.2798286]]]}, "properties": {"building": "yes", "osm_id": "way/849463424", "status": "hit", "affected_frac": 1.0}}, {"type": "Feature", "geometry": {"type": "Polygon", "coordinates": [[[85.3787953, 28.2797896], [85.3788182, 28.2798083], [85.3788423, 28.2797852], [85.3788194, 28.2797666], [85.3787953, 28.2797896]]]}, "properties": {"building": "yes", "osm_id": "way/849463474", "status": "hit", "affected_frac": 1.0}}, {"type": "Feature", "geometry": {"type": "Polygon", "coordinates": [[[85.3787416, 28.279766], [85.3787692, 28.2797931], [85.3788081, 28.2797624], [85.3787805, 28.2797353], [85.3787416, 28.279766]]]}, "properties": {"building": "yes", "osm_id": "way/849463475", "status": "hit", "affected_frac": 1.0}}, {"type": "Feature", "geometry": {"type": "Polygon", "coordinates": [[[85.3788288, 28.2798132], [85.3788704, 28.2798451], [85.378897, 28.2798182], [85.3788554, 28.2797863], [85.3788288, 28.2798132]]]}, "properties": {"building": "yes", "osm_id": "way/849463476", "status": "hit", "affected_frac": 1.0}}, {"type": "Feature", "geometry": {"type": "Polygon", "coordinates": [[[85.3786652, 28.2800825], [85.3787143, 28.2801194], [85.378776, 28.2800556], [85.3787269, 28.2800187], [85.3786652, 28.2800825]]]}, "properties": {"building": "yes", "osm_id": "way/849463477", "status": "hit", "affected_frac": 0.67}}, {"type": "Feature", "geometry": {"type": "Polygon", "coordinates": [[[85.3794491, 28.2805443], [85.3795021, 28.2805769], [85.379539, 28.2805302], [85.3794859, 28.2804977], [85.3794491, 28.2805443]]]}, "properties": {"building": "yes", "osm_id": "way/849463478", "status": "hit", "affected_frac": 1.0}}, {"type": "Feature", "geometry": {"type": "Polygon", "coordinates": [[[85.3796113, 28.2804864], [85.3796941, 28.2805452], [85.3797303, 28.2805056], [85.3796475, 28.2804469], [85.3796113, 28.2804864]]]}, "properties": {"building": "yes", "osm_id": "way/849463479", "status": "hit", "affected_frac": 1.0}}, {"type": "Feature", "geometry": {"type": "Polygon", "coordinates": [[[85.3795208, 28.2805709], [85.3796373, 28.280642], [85.3796842, 28.2805823], [85.3795677, 28.2805112], [85.3795208, 28.2805709]]]}, "properties": {"building": "yes", "osm_id": "way/849463480", "status": "hit", "affected_frac": 1.0}}, {"type": "Feature", "geometry": {"type": "Polygon", "coordinates": [[[85.3794216, 28.280386], [85.3794854, 28.2804432], [85.3795658, 28.2803735], [85.379502, 28.2803164], [85.3794216, 28.280386]]]}, "properties": {"building": "yes", "osm_id": "way/849463481", "status": "hit", "affected_frac": 1.0}}, {"type": "Feature", "geometry": {"type": "Polygon", "coordinates": [[[85.3793196, 28.2803022], [85.3793856, 28.2803564], [85.3794607, 28.2802855], [85.3793947, 28.2802313], [85.3793196, 28.2803022]]]}, "properties": {"building": "yes", "osm_id": "way/849463482", "status": "hit", "affected_frac": 1.0}}, {"type": "Feature", "geometry": {"type": "Polygon", "coordinates": [[[85.3792472, 28.2802361], [85.3793077, 28.2802872], [85.3793734, 28.280227], [85.3793129, 28.2801758], [85.3792472, 28.2802361]]]}, "properties": {"building": "yes", "osm_id": "way/849463483", "status": "hit", "affected_frac": 1.0}}, {"type": "Feature", "geometry": {"type": "Polygon", "coordinates": [[[85.3791828, 28.2801829], [85.3792266, 28.2802193], [85.379295, 28.2801555], [85.3792512, 28.2801191], [85.3791828, 28.2801829]]]}, "properties": {"building": "yes", "osm_id": "way/849463484", "status": "hit", "affected_frac": 1.0}}, {"type": "Feature", "geometry": {"type": "Polygon", "coordinates": [[[85.3790045, 28.2801805], [85.3790755, 28.2802453], [85.3792311, 28.280113], [85.37916, 28.2800483], [85.3790045, 28.2801805]]]}, "properties": {"building": "yes", "osm_id": "way/849463485", "status": "hit", "affected_frac": 1.0}}, {"type": "Feature", "geometry": {"type": "Polygon", "coordinates": [[[85.3836682, 28.2831632], [85.3836977, 28.2831213], [85.3836621, 28.2831018], [85.3836326, 28.2831438], [85.3836682, 28.2831632]]]}, "properties": {"building": "yes", "osm_id": "way/849463486", "status": "hit", "affected_frac": 0.5}}, {"type": "Feature", "geometry": {"type": "Polygon", "coordinates": [[[85.3834006, 28.283201], [85.3833802, 28.2832343], [85.3835874, 28.283333], [85.3836078, 28.2832996], [85.3834006, 28.283201]]]}, "properties": {"building": "yes", "osm_id": "way/849463487", "status": "hit", "affected_frac": 1.0}}, {"type": "Feature", "geometry": {"type": "Polygon", "coordinates": [[[85.38314, 28.2830408], [85.3831175, 28.2830677], [85.3833103, 28.283193], [85.3833328, 28.2831661], [85.38314, 28.2830408]]]}, "properties": {"building": "yes", "osm_id": "way/849463488", "status": "hit", "affected_frac": 1.0}}, {"type": "Feature", "geometry": {"type": "Polygon", "coordinates": [[[85.3748766, 28.2650256], [85.3749731, 28.26508], [85.375021, 28.2650139], [85.3749245, 28.2649596], [85.3748766, 28.2650256]]]}, "properties": {"building": "yes", "osm_id": "way/851367125", "status": "hit", "affected_frac": 1.0}}, {"type": "Feature", "geometry": {"type": "Polygon", "coordinates": [[[85.3747559, 28.2644067], [85.3748363, 28.2644492], [85.3748713, 28.2643978], [85.3747909, 28.2643553], [85.3747559, 28.2644067]]]}, "properties": {"building": "yes", "osm_id": "way/851367126", "status": "hit", "affected_frac": 1.0}}, {"type": "Feature", "geometry": {"type": "Polygon", "coordinates": [[[85.3742124, 28.2644967], [85.3741546, 28.2646257], [85.3742283, 28.2646513], [85.3742861, 28.2645223], [85.3742124, 28.2644967]]]}, "properties": {"building": "yes", "osm_id": "way/851367127", "status": "hit", "affected_frac": 1.0}}, {"type": "Feature", "geometry": {"type": "Polygon", "coordinates": [[[85.3739494, 28.2642903], [85.3739017, 28.2644707], [85.3739972, 28.2644904], [85.3740449, 28.2643098], [85.3739494, 28.2642903]]]}, "properties": {"building": "yes", "osm_id": "way/851367128", "status": "hit", "affected_frac": 1.0}}, {"type": "Feature", "geometry": {"type": "Polygon", "coordinates": [[[85.3738868, 28.2642319], [85.3739914, 28.2642579], [85.3740122, 28.2641929], [85.3739076, 28.2641669], [85.3738868, 28.2642319]]]}, "properties": {"building": "yes", "osm_id": "way/851367129", "status": "hit", "affected_frac": 1.0}}, {"type": "Feature", "geometry": {"type": "Polygon", "coordinates": [[[85.3738131, 28.2641327], [85.373738, 28.2642508], [85.3738063, 28.2642845], [85.3738814, 28.2641664], [85.3738131, 28.2641327]]]}, "properties": {"building": "yes", "osm_id": "way/851367130", "status": "hit", "affected_frac": 1.0}}, {"type": "Feature", "geometry": {"type": "Polygon", "coordinates": [[[85.3734416, 28.2631404], [85.3734738, 28.2632373], [85.3735613, 28.2632147], [85.3735291, 28.2631179], [85.3734416, 28.2631404]]]}, "properties": {"building": "yes", "osm_id": "way/851367131", "status": "hit", "affected_frac": 1.0}}, {"type": "Feature", "geometry": {"type": "Polygon", "coordinates": [[[85.3737366, 28.2630743], [85.3737473, 28.2631782], [85.373868, 28.2631686], [85.3738573, 28.2630646], [85.3737366, 28.2630743]]]}, "properties": {"building": "yes", "osm_id": "way/851367132", "status": "possibly hit", "affected_frac": 0.0}}, {"type": "Feature", "geometry": {"type": "Polygon", "coordinates": [[[85.37375, 28.2634074], [85.3737125, 28.2635326], [85.3738114, 28.2635556], [85.373849, 28.2634304], [85.37375, 28.2634074]]]}, "properties": {"building": "yes", "osm_id": "way/851367133", "status": "hit", "affected_frac": 0.5}}, {"type": "Feature", "geometry": {"type": "Polygon", "coordinates": [[[85.3736883, 28.2638563], [85.3737849, 28.2638941], [85.3738273, 28.2638101], [85.3737307, 28.2637723], [85.3736883, 28.2638563]]]}, "properties": {"building": "yes", "osm_id": "way/851367134", "status": "hit", "affected_frac": 1.0}}, {"type": "Feature", "geometry": {"type": "Polygon", "coordinates": [[[85.3764322, 28.2651532], [85.3764725, 28.2652217], [85.3765378, 28.2651919], [85.3764976, 28.2651234], [85.3764322, 28.2651532]]]}, "properties": {"building": "yes", "osm_id": "way/851367135", "status": "hit", "affected_frac": 1.0}}, {"type": "Feature", "geometry": {"type": "Polygon", "coordinates": [[[85.375649, 28.2647091], [85.3757644, 28.2647469], [85.3758224, 28.2646095], [85.3757071, 28.2645717], [85.375649, 28.2647091]]]}, "properties": {"building": "yes", "osm_id": "way/851367136", "status": "hit", "affected_frac": 1.0}}, {"type": "Feature", "geometry": {"type": "Polygon", "coordinates": [[[85.3756034, 28.264754], [85.3756249, 28.2648839], [85.3757195, 28.2648718], [85.3756981, 28.2647418], [85.3756034, 28.264754]]]}, "properties": {"building": "yes", "osm_id": "way/851367137", "status": "hit", "affected_frac": 1.0}}, {"type": "Feature", "geometry": {"type": "Polygon", "coordinates": [[[85.3754184, 28.2646217], [85.3754505, 28.2648343], [85.3755321, 28.2648247], [85.3754999, 28.2646121], [85.3754184, 28.2646217]]]}, "properties": {"building": "yes", "osm_id": "way/851367138", "status": "hit", "affected_frac": 1.0}}, {"type": "Feature", "geometry": {"type": "Polygon", "coordinates": [[[85.3765536, 28.2653209], [85.3765765, 28.2653549], [85.3766523, 28.2653153], [85.3766294, 28.2652814], [85.3765536, 28.2653209]]]}, "properties": {"building": "yes", "osm_id": "way/851966238", "status": "hit", "affected_frac": 1.0}}, {"type": "Feature", "geometry": {"type": "Polygon", "coordinates": [[[85.3768782, 28.2651408], [85.376885, 28.2651969], [85.3769534, 28.2651904], [85.3769466, 28.2651343], [85.3768782, 28.2651408]]]}, "properties": {"building": "yes", "osm_id": "way/851966239", "status": "hit", "affected_frac": 1.0}}, {"type": "Feature", "geometry": {"type": "Polygon", "coordinates": [[[85.3767125, 28.2652146], [85.3767328, 28.2652421], [85.3767938, 28.2652073], [85.3767736, 28.2651798], [85.3767125, 28.2652146]]]}, "properties": {"building": "yes", "osm_id": "way/851966240", "status": "hit", "affected_frac": 1.0}}, {"type": "Feature", "geometry": {"type": "Polygon", "coordinates": [[[85.3762089, 28.2655991], [85.3762465, 28.2655991], [85.3762465, 28.265559], [85.3762089, 28.265559], [85.3762089, 28.2655991]]]}, "properties": {"building": "yes", "osm_id": "way/851966241", "status": "hit", "affected_frac": 1.0}}, {"type": "Feature", "geometry": {"type": "Polygon", "coordinates": [[[85.3759649, 28.2656706], [85.3760467, 28.2657373], [85.3761262, 28.2656617], [85.3760444, 28.2655949], [85.3759649, 28.2656706]]]}, "properties": {"building": "yes", "osm_id": "way/851966242", "status": "hit", "affected_frac": 1.0}}, {"type": "Feature", "geometry": {"type": "Polygon", "coordinates": [[[85.3745707, 28.2646719], [85.3747001, 28.2646849], [85.3747282, 28.2644682], [85.3745989, 28.2644551], [85.3745707, 28.2646719]]]}, "properties": {"building": "yes", "osm_id": "way/851966243", "status": "hit", "affected_frac": 0.75}}, {"type": "Feature", "geometry": {"type": "Polygon", "coordinates": [[[85.3743039, 28.2643081], [85.3743355, 28.2643137], [85.3743509, 28.2642463], [85.3743193, 28.2642407], [85.3743039, 28.2643081]]]}, "properties": {"building": "yes", "osm_id": "way/851966244", "status": "hit", "affected_frac": 1.0}}, {"type": "Feature", "geometry": {"type": "Polygon", "coordinates": [[[85.3740612, 28.2642012], [85.3741003, 28.2642046], [85.374109, 28.2641284], [85.3740699, 28.264125], [85.3740612, 28.2642012]]]}, "properties": {"building": "yes", "osm_id": "way/851966245", "status": "hit", "affected_frac": 1.0}}, {"type": "Feature", "geometry": {"type": "Polygon", "coordinates": [[[85.3740866, 28.2640576], [85.3741277, 28.2640757], [85.3741988, 28.2639505], [85.3741577, 28.2639324], [85.3740866, 28.2640576]]]}, "properties": {"building": "yes", "osm_id": "way/851966246", "status": "hit", "affected_frac": 1.0}}, {"type": "Feature", "geometry": {"type": "Polygon", "coordinates": [[[85.3739311, 28.2641084], [85.3739789, 28.2641348], [85.3740386, 28.264051], [85.3739908, 28.2640246], [85.3739311, 28.2641084]]]}, "properties": {"building": "yes", "osm_id": "way/851966247", "status": "hit", "affected_frac": 1.0}}, {"type": "Feature", "geometry": {"type": "Polygon", "coordinates": [[[85.3739291, 28.2635911], [85.3739499, 28.2636094], [85.3739988, 28.2635663], [85.373978, 28.263548], [85.3739291, 28.2635911]]]}, "properties": {"building": "yes", "osm_id": "way/851966248", "status": "hit", "affected_frac": 1.0}}, {"type": "Feature", "geometry": {"type": "Polygon", "coordinates": [[[85.373522, 28.2633637], [85.3735428, 28.2634381], [85.3735919, 28.2634275], [85.3735711, 28.2633531], [85.373522, 28.2633637]]]}, "properties": {"building": "yes", "osm_id": "way/851966249", "status": "hit", "affected_frac": 0.5}}, {"type": "Feature", "geometry": {"type": "Polygon", "coordinates": [[[85.3735013, 28.2632467], [85.373512, 28.2633253], [85.3735745, 28.2633187], [85.3735638, 28.2632401], [85.3735013, 28.2632467]]]}, "properties": {"building": "yes", "osm_id": "way/851966250", "status": "hit", "affected_frac": 1.0}}, {"type": "Feature", "geometry": {"type": "Polygon", "coordinates": [[[85.3749195, 28.2641019], [85.3749656, 28.264135], [85.3750005, 28.2640972], [85.3749543, 28.2640641], [85.3749195, 28.2641019]]]}, "properties": {"building": "yes", "osm_id": "way/853711495", "status": "possibly hit", "affected_frac": 0.0}}, {"type": "Feature", "geometry": {"type": "Polygon", "coordinates": [[[85.3772449, 28.2796317], [85.3773224, 28.2796548], [85.3773084, 28.279691], [85.3774127, 28.2797223], [85.3774265, 28.2796867], [85.3775175, 28.2797139], [85.3775336, 28.2796722], [85.3777806, 28.2797463], [85.3777653, 28.279786], [85.377851, 28.2798117], [85.3778348, 28.2798535], [85.3779652, 28.2798927], [85.3779814, 28.2798508], [85.3780423, 28.2798691], [85.3781794, 28.2795148], [85.3781079, 28.2794934], [85.3781194, 28.2794637], [85.3780345, 28.2794383], [85.378022, 28.2794705], [85.3775539, 28.2793302], [85.3775675, 28.2792951], [85.3774752, 28.2792675], [85.3774628, 28.2792995], [85.3773825, 28.2792755], [85.3772449, 28.2796317]]]}, "properties": {"building": "yes", "layer": "1", "name": "\u5409\u9686\u53e3\u5cb8\u56fd\u95e8", "osm_id": "way/904894059", "status": "hit", "affected_frac": 1.0}}, {"type": "Feature", "geometry": {"type": "Polygon", "coordinates": [[[85.3775936, 28.2771179], [85.3775516, 28.2770541], [85.3775855, 28.2770335], [85.3776287, 28.2770983], [85.3775936, 28.2771179]]]}, "properties": {"building": "house", "osm_id": "way/951163594", "status": "possibly hit", "affected_frac": 0.0}}, {"type": "Feature", "geometry": {"type": "Polygon", "coordinates": [[[85.3744382, 28.2641487], [85.3743732, 28.2640888], [85.3743976, 28.2640673], [85.3744636, 28.264129], [85.3744382, 28.2641487]]]}, "properties": {"building": "house", "osm_id": "way/951187973", "status": "hit", "affected_frac": 1.0}}, {"type": "Feature", "geometry": {"type": "Polygon", "coordinates": [[[85.3774981, 28.2778494], [85.377583, 28.2777528], [85.377353, 28.277625], [85.377268, 28.2777185], [85.3774981, 28.2778494]]]}, "properties": {"building": "yes", "osm_id": "way/1154989010", "status": "hit", "affected_frac": 1.0}}, {"type": "Feature", "geometry": {"type": "Polygon", "coordinates": [[[85.377491, 28.2779585], [85.3775512, 28.2778743], [85.3777458, 28.2779678], [85.3776927, 28.2780582], [85.377491, 28.2779585]]]}, "properties": {"building": "yes", "osm_id": "way/1154989011", "status": "hit", "affected_frac": 1.0}}, {"type": "Feature", "geometry": {"type": "Polygon", "coordinates": [[[85.3777045, 28.274577], [85.3777107, 28.2744983], [85.3778154, 28.2745119], [85.3778, 28.2746014], [85.3777045, 28.274577]]]}, "properties": {"building": "yes", "osm_id": "way/1154989012", "status": "hit", "affected_frac": 1.0}}, {"type": "Feature", "geometry": {"type": "Polygon", "coordinates": [[[85.3779824, 28.271387], [85.3779859, 28.2712997], [85.3780744, 28.2713091], [85.3780602, 28.271415], [85.3779824, 28.271387]]]}, "properties": {"building": "yes", "osm_id": "way/1154989013", "status": "hit", "affected_frac": 1.0}}]}