{"type": "FeatureCollection", "features": [{"type": "Feature", "geometry": {"type": "LineString", "coordinates": [[85.3544267, 28.15450879999999], [85.35439552781152, 28.1545446446284], [85.35436435560199, 28.15458048924865], [85.35433318337144, 28.154616333860748], [85.35430201111984, 28.154652178464698], [85.35427083884721, 28.154688023060494], [85.35423966655353, 28.15472386764813], [85.35420849423883, 28.154759712227623], [85.35417732190307, 28.154795556798955], [85.35414614954628, 28.15483140136214]]}, "properties": {"highway": "path", "ref": null, "name": "Langtang Trek Trail", "length_m": 50, "blocks": true}}, {"type": "Feature", "geometry": {"type": "LineString", "coordinates": [[85.3538872387057, 28.155111271221013], [85.35385390738513, 28.15514555598513], [85.35382057604318, 28.15517984074007]]}, "properties": {"highway": "path", "ref": null, "name": "Langtang Trek Trail", "length_m": 15, "blocks": false}}, {"type": "Feature", "geometry": {"type": "LineString", "coordinates": [[85.35375391329504, 28.155248410222445], [85.35372058188888, 28.155282694949868], [85.3536872504613, 28.155316979668115], [85.35365391901233, 28.155351264377185], [85.35362058754197, 28.155385549077085], [85.35358725605019, 28.155419833767805], [85.3535367087387, 28.155425277669778], [85.35348597553686, 28.155430410146437], [85.35343524233116, 28.1554355426041], [85.35338450912164, 28.155440675042755], [85.35333617082334, 28.15545126981616], [85.3532948387781, 28.15547784456006], [85.35325350671276, 28.155504419290523], [85.35321217462732, 28.155530994007556], [85.3531670663006, 28.155551923263733], [85.35312092545075, 28.155571308907295], [85.35307478458493, 28.15559069453456], [85.35302864370313, 28.15561008014551], [85.35298250280532, 28.155629465740166], [85.35293636189152, 28.15564885131851], [85.35289022096175, 28.155668236880544], [85.352844080016, 28.15568762242629], [85.35279793905426, 28.155707007955723], [85.35275755767604, 28.155732949115755], [85.3527250437231, 28.155767845087343], [85.35269252974885, 28.15580274105015], [85.35266001575332, 28.15583763700418], [85.35262750173648, 28.155872532949434], [85.35259498769837, 28.155907428885893], [85.35256247363894, 28.155942324813577], [85.35252995955824, 28.155977220732474], [85.35249744545624, 28.15601211664259], [85.35246493133293, 28.15604701254393], [85.35243241718834, 28.15608190843648], [85.35239990302246, 28.156116804320252], [85.35236738883528, 28.15615170019524], [85.3523348746268, 28.156186596061453], [85.35230236039703, 28.156221491918878], [85.35226984614597, 28.156256387767527], [85.35223491291043, 28.156289057673966], [85.35219434683312, 28.156316544238813], [85.35215378073529, 28.156344030790663], [85.35211321461703, 28.15637151732951], [85.35207264847828, 28.15639900385536], [85.3520320823191, 28.15642649036821], [85.35199151613942, 28.156453976868065], [85.35195094993928, 28.15648146335491], [85.35191038371866, 28.15650894982876], [85.35186981747758, 28.156536436289606], [85.35185048018441, 28.156578029098476], [85.35183208139398, 28.15662024553633], [85.35181368258837, 28.156662461970857], [85.35179528376756, 28.156704678402043], [85.35177688493154, 28.156746894829908], [85.35175848608031, 28.156789111254437], [85.3517400872139, 28.156831327675626], [85.35172168833226, 28.156873544093497], [85.35170129598272, 28.15691471166569], [85.35166828786555, 28.15694924153614]]}, "properties": {"highway": "path", "ref": null, "name": "Langtang Trek Trail", "length_m": 295, "blocks": true}}, {"type": "Feature", "geometry": {"type": "LineString", "coordinates": [[85.35140422215908, 28.157225480174944], [85.35137189374804, 28.157260425192746], [85.35134724023912, 28.157300057442797]]}, "properties": {"highway": "path", "ref": null, "name": "Langtang Trek Trail", "length_m": 15, "blocks": false}}, {"type": "Feature", "geometry": {"type": "LineString", "coordinates": [[85.35129793316513, 28.157379321926623], [85.35127327960006, 28.157418954160406]]}, "properties": {"highway": "path", "ref": null, "name": "Langtang Trek Trail", "length_m": 10, "blocks": false}}, {"type": "Feature", "geometry": {"type": "LineString", "coordinates": [[85.35055005909892, 28.158088166600127], [85.3505039621326, 28.158107635984994], [85.35045807166445, 28.158127474027733]]}, "properties": {"highway": "path", "ref": null, "name": "Langtang Trek Trail", "length_m": 15, "blocks": false}}, {"type": "Feature", "geometry": {"type": "LineString", "coordinates": [[85.35036733830043, 28.158169020306516], [85.35032197159303, 28.158189793422153], [85.35027660486868, 28.158210566521966], [85.3502312381274, 28.15823133960594], [85.3501858713692, 28.158252112674077], [85.35014417963907, 28.158277348105766], [85.3501080265061, 28.158309308724963], [85.35007187335165, 28.158341269333576], [85.35003572017571, 28.158373229931584], [85.34999956697828, 28.158405190518994], [85.34996341375938, 28.158437151095804], [85.34992726051898, 28.158469111662015], [85.34989110725708, 28.15850107221763], [85.3498549539737, 28.158533032762655], [85.34981823218578, 28.158564458856727], [85.3497801025262, 28.158594561396075], [85.34974197284538, 28.15862466392377], [85.34970384314335, 28.158654766439824], [85.34966571342008, 28.158684868944224], [85.34962758367557, 28.158714971436986], [85.34958945390983, 28.15874507391809], [85.34955132412287, 28.158775176387547], [85.34951319431468, 28.15880527884535], [85.34947506448526, 28.158835381291514], [85.3494369346346, 28.15886548372603], [85.3493988047627, 28.158895586148883], [85.34936067486959, 28.158925688560103], [85.34932254495524, 28.158955790959666], [85.34929526124286, 28.15899021927135], [85.34929512547637, 28.159035475309057], [85.34929498970874, 28.15908073134648], [85.34929485393998, 28.15912598738361], [85.34929471817007, 28.15917124342045]]}, "properties": {"highway": "path", "ref": null, "name": "Langtang Trek Trail", "length_m": 165, "blocks": true}}, {"type": "Feature", "geometry": {"type": "LineString", "coordinates": [[85.34827228874406, 28.160654081214094], [85.34823918797721, 28.160688542118944]]}, "properties": {"highway": "path", "ref": null, "name": "Langtang Trek Trail", "length_m": 10, "blocks": false}}, {"type": "Feature", "geometry": {"type": "LineString", "coordinates": [[85.3481729863794, 28.160757463901433], [85.34813988554842, 28.16079192477908], [85.34810953381185, 28.160828189184517], [85.34808201040751, 28.16086630910229], [85.34805448698322, 28.160904429013495], [85.34802696353898, 28.160942548918136], [85.34799944007479, 28.16098066881622], [85.34797191659065, 28.161018788707736], [85.34794439308659, 28.16105690859269]]}, "properties": {"highway": "path", "ref": null, "name": "Langtang Trek Trail", "length_m": 45, "blocks": true}}, {"type": "Feature", "geometry": {"type": "LineString", "coordinates": [[85.34786388081211, 28.16111217382284], [85.34782299520187, 28.161139287975573], [85.34778210957128, 28.16116640211511], [85.34774122392037, 28.161193516241475], [85.34770033824914, 28.161220630354652], [85.34765692515253, 28.16124439589408]]}, "properties": {"highway": "path", "ref": null, "name": "Langtang Trek Trail", "length_m": 30, "blocks": true}}, {"type": "Feature", "geometry": {"type": "LineString", "coordinates": [[85.34756915415633, 28.161290675231857], [85.34752526863063, 28.161313814878326], [85.34748138308653, 28.16133695450986]]}, "properties": {"highway": "path", "ref": null, "name": "Langtang Trek Trail", "length_m": 15, "blocks": false}}, {"type": "Feature", "geometry": {"type": "LineString", "coordinates": [[85.34716211628393, 28.161622530131595], [85.3471246915638, 28.161653320635203], [85.34708726682233, 28.16168411112754], [85.34704984205946, 28.161714901608597], [85.34701241727527, 28.16174569207839], [85.3469749924697, 28.161776482536908], [85.34693756764278, 28.161807272984163], [85.34690046691811, 28.161838368336042], [85.34686355480036, 28.161869641127023], [85.3468266426612, 28.161900913907004], [85.34678973050062, 28.161932186675983], [85.34675281831858, 28.161963459433967], [85.34671590611514, 28.16199473218095], [85.34667899389027, 28.162026004916935], [85.34664208164396, 28.16205727764193], [85.34660516937623, 28.16208855035591], [85.34656825708707, 28.162119823058898], [85.34653134477648, 28.16215109575089], [85.34649443244449, 28.162182368431882], [85.34646313943578, 28.162217872807997], [85.34643427298847, 28.162255204539225], [85.34640540652076, 28.16229253626332], [85.34637654003261, 28.162329867980272], [85.34634767352405, 28.162367199690106], [85.34631880699507, 28.16240453139281], [85.34628994044567, 28.16244186308838], [85.34626107387587, 28.16247919477682], [85.34623220728562, 28.162516526458134], [85.34620067467527, 28.16255200083432], [85.34616655825262, 28.162585675175116], [85.3461324418085, 28.16261934950635], [85.34609832534291, 28.16265302382801], [85.34606961843663, 28.162689877011694], [85.34604789560112, 28.162730834301], [85.3460261727484, 28.16277179158593], [85.34600444987849, 28.162812748866465], [85.34598272699135, 28.16285370614263], [85.34594955393007, 28.162885702538823], [85.34590638114719, 28.162909873170282], [85.34586320834532, 28.162934043787235], [85.34582003552448, 28.16295821438967], [85.34577686268469, 28.16298238497757], [85.34572978625637, 28.162999900184584], [85.34568265826525, 28.16301732748786], [85.34563990798367, 28.16304153979111], [85.34559905665594, 28.163068695291752], [85.34555820530787, 28.16309585077923], [85.34551735393946, 28.163123006253528], [85.34547650255068, 28.163150161714672], [85.34543565114157, 28.163177317162635], [85.34539479971211, 28.16320447259744], [85.3453543921813, 28.163232073288476], [85.3453189512589, 28.16326465570582], [85.34528351031499, 28.16329723811292], [85.34524806934955, 28.163329820509798], [85.34521081579514, 28.16335676199308], [85.34516132312285, 28.163345614030444], [85.3451124566105, 28.163342205829583], [85.34506526467385, 28.163359496983883], [85.34501807272277, 28.163376788121223], [85.34497088075723, 28.163394079241602], [85.34492368877724, 28.163411370345035], [85.3448764967828, 28.163428661431514], [85.3448293047739, 28.16344595250104], [85.34478211275055, 28.163463243553608], [85.34473492071274, 28.163480534589223], [85.34468772866049, 28.16349782560788], [85.34464053659379, 28.163515116609585], [85.34459334451262, 28.16353240759433], [85.34455316090722, 28.16355928469773], [85.34451606863149, 28.163590390103554], [85.34447897633434, 28.163621495498287], [85.34444188401578, 28.16365260088193], [85.34440251828241, 28.16367943600251], [85.34435184327978, 28.163685028246466], [85.34430116827289, 28.163690620471424], [85.34425049326173, 28.163696212677394], [85.34419981824628, 28.163701804864388], [85.34414914322655, 28.163707397032375], [85.34409894074454, 28.163715171013827], [85.34404953057283, 28.163726603287806], [85.3440001203915, 28.163738035543506], [85.34395071020055, 28.1637494677809], [85.3439013, 28.1637609]]}, "properties": {"highway": "path", "ref": null, "name": "Langtang Trek Trail", "length_m": 420, "blocks": true}}, {"type": "Feature", "geometry": {"type": "LineString", "coordinates": [[85.3436789, 28.163406699999992], [85.34370314996964, 28.16345350000556], [85.3437273999595, 28.163500300007414], [85.34375164996962, 28.163547100005562], [85.3437759, 28.163593899999995]]}, "properties": {"highway": "path", "ref": null, "name": null, "length_m": 23, "blocks": true}}, {"type": "Feature", "geometry": {"type": "LineString", "coordinates": [[85.3548459026749, 28.15377496536464], [85.35479908038002, 28.153792968691388], [85.35475225807018, 28.15381097200142]]}, "properties": {"highway": "unclassified", "ref": null, "name": null, "length_m": 15, "blocks": false}}, {"type": "Feature", "geometry": {"type": "LineString", "coordinates": [[85.35409966658747, 28.154222317742704], [85.35406315260671, 28.154253715450583], [85.35402050621369, 28.154278567342313], [85.35397785980136, 28.154303419219836], [85.35393521336974, 28.154328271083163]]}, "properties": {"highway": "unclassified", "ref": null, "name": null, "length_m": 25, "blocks": true}}, {"type": "Feature", "geometry": {"type": "LineString", "coordinates": [[85.35386093980904, 28.154389108010253], [85.35382758436067, 28.154423346900685]]}, "properties": {"highway": "unclassified", "ref": null, "name": null, "length_m": 10, "blocks": false}}, {"type": "Feature", "geometry": {"type": "LineString", "coordinates": [[85.35376087339974, 28.15449182465399], [85.3537275178872, 28.154526063516872], [85.35369416235325, 28.154560302370562], [85.35366080679793, 28.154594541215072], [85.35362745122123, 28.154628780050395], [85.35359409562314, 28.154663018876533], [85.35356074000367, 28.154697257693474], [85.3535273843628, 28.154731496501245], [85.35349190146411, 28.154763739112934]]}, "properties": {"highway": "unclassified", "ref": null, "name": null, "length_m": 45, "blocks": true}}, {"type": "Feature", "geometry": {"type": "LineString", "coordinates": [[85.35312358421845, 28.155006383833232], [85.35307934527867, 28.155028943617534]]}, "properties": {"highway": "unclassified", "ref": null, "name": null, "length_m": 10, "blocks": false}}, {"type": "Feature", "geometry": {"type": "LineString", "coordinates": [[85.35247843645324, 28.155362470700936], [85.35244955816245, 28.155399769251297], [85.35242067985126, 28.15543706779452], [85.35239180151967, 28.155474366330616], [85.35236456991824, 28.155512565412742], [85.35233990864019, 28.155552170123894], [85.35231524734344, 28.155591774829603], [85.35229058602799, 28.1556313795299], [85.35226592469381, 28.155670984224756], [85.35224126334094, 28.1557105889142], [85.35221660196936, 28.1557501935982], [85.35219194057908, 28.15578979827678], [85.35216652930397, 28.155828903390017], [85.35213045843552, 28.15586090709977], [85.3520943875456, 28.15589291079897], [85.35205831663421, 28.155924914487624], [85.35202224570135, 28.155956918165717], [85.35198617474701, 28.15598892183326], [85.35195010377122, 28.156020925490253], [85.35191403277395, 28.156052929136695], [85.35187796175519, 28.156084932772583], [85.35183762222853, 28.156111764062132], [85.35179228112807, 28.15613253470538], [85.35174694001067, 28.15615330533281], [85.35170159887635, 28.156174075944428], [85.35165625772512, 28.15619484654022], [85.35161091655695, 28.156215617120214], [85.35156557537188, 28.156236387684384], [85.35152023416988, 28.156257158232737], [85.35147489295095, 28.15627792876528], [85.3514295517151, 28.156298699282]]}, "properties": {"highway": "unclassified", "ref": null, "name": null, "length_m": 155, "blocks": true}}, {"type": "Feature", "geometry": {"type": "LineString", "coordinates": [[85.35124259402525, 28.156452155372296], [85.35120552923142, 28.156483254390768], [85.35116846441622, 28.156514353398162], [85.35113139957964, 28.156545452394482], [85.35108790467409, 28.156568513418165], [85.35104252560016, 28.156589219119997], [85.35099714650937, 28.156609924806], [85.3509517674017, 28.156630630476158], [85.35090638827714, 28.15665133613047], [85.35086100913568, 28.15667204176896], [85.3508127147128, 28.156686174721738], [85.35076357403725, 28.156698399745142], [85.35071443335138, 28.156710624750417], [85.35066529265524, 28.156722849737562], [85.35061615194878, 28.156735074706575], [85.35056701123204, 28.15674729965745], [85.35052073288725, 28.156766319171865], [85.35047457667766, 28.15678562862597], [85.35043011612899, 28.156807521412098], [85.35038836191194, 28.156833537283863], [85.35034660767504, 28.156859553141945], [85.35030485341827, 28.156885568986358], [85.35026309914164, 28.15691158481707], [85.35022134484518, 28.1569376006341], [85.35017959052885, 28.156963616437462], [85.35013783619266, 28.156989632227134], [85.35009608183663, 28.157015648003128], [85.35005432746073, 28.15704166376543], [85.35001257306497, 28.157067679514057]]}, "properties": {"highway": "unclassified", "ref": null, "name": null, "length_m": 145, "blocks": true}}, {"type": "Feature", "geometry": {"type": "LineString", "coordinates": [[85.34941262912709, 28.157487485191936], [85.34937442746298, 28.157517484433363]]}, "properties": {"highway": "unclassified", "ref": null, "name": null, "length_m": 10, "blocks": false}}, {"type": "Feature", "geometry": {"type": "LineString", "coordinates": [[85.34931963115412, 28.157592919598127], [85.3492946625358, 28.157632372921555]]}, "properties": {"highway": "unclassified", "ref": null, "name": null, "length_m": 10, "blocks": false}}, {"type": "Feature", "geometry": {"type": "LineString", "coordinates": [[85.34859507420605, 28.158654778139084], [85.34858971434191, 28.158699763577363], [85.34858435447228, 28.15874474901496], [85.34857899459715, 28.15878973445187], [85.34855736789913, 28.158829796630506], [85.34853056098194, 28.15886829098213], [85.3485037540451, 28.158906785327485], [85.34847694708859, 28.158945279666558], [85.34845014011245, 28.15898377399937], [85.34842176463525, 28.159021235369572], [85.34838791101106, 28.15905508899648], [85.34834433747915, 28.159073985330664], [85.34829430825737, 28.159082947434104], [85.34824427902821, 28.1590919095189]]}, "properties": {"highway": "unclassified", "ref": null, "name": null, "length_m": 70, "blocks": true}}, {"type": "Feature", "geometry": {"type": "LineString", "coordinates": [[85.3421985, 28.1660972], [85.34216426828078, 28.166063309084], [85.34213003658303, 28.166029418160203], [85.34209580490676, 28.165995527228596], [85.34206157325194, 28.16596163628918], [85.3420273416186, 28.165927745341968], [85.34199311000674, 28.165893854386937], [85.34195887841635, 28.165859963424104], [85.34192464684742, 28.16582607245347], [85.34189041529994, 28.165792181475023], [85.34185618377396, 28.165758290488778], [85.341821128993, 28.16572517278632], [85.34178096162476, 28.165696857273325], [85.34174079427792, 28.16566854174934], [85.34170062695247, 28.165640226214343], [85.34165908003443, 28.16561379331988], [85.34161355361263, 28.165592790957085], [85.34156802720919, 28.165571788579836], [85.34152250082414, 28.165550786188145], [85.34147697445748, 28.165529783782], [85.3414314481092, 28.165508781361403], [85.34138592177932, 28.165487778926366], [85.34134039546782, 28.165466776476872], [85.34129486917469, 28.16544577401293], [85.34124934289996, 28.165424771534546], [85.34120381664361, 28.16540376904171], [85.34115829040566, 28.165382766534425], [85.34111276418608, 28.16536176401269], [85.34106723798489, 28.16534076147651], [85.3410238799238, 28.16531650939383], [85.34098117489252, 28.16529127858227], [85.34093846988168, 28.165266047758152], [85.3408957648913, 28.16524081692147], [85.34085305992136, 28.16521558607223], [85.34081035497186, 28.165190355210427], [85.3407676500428, 28.165165124336056], [85.34072494513421, 28.16513989344913], [85.34068224024605, 28.165114662549648], [85.34063902494115, 28.165090142516117]]}, "properties": {"highway": "primary", "ref": null, "name": null, "length_m": 195, "blocks": true}}, {"type": "Feature", "geometry": {"type": "LineString", "coordinates": [[85.34055126691155, 28.165042951170985], [85.34050512263073, 28.165023196094094], [85.34045821432451, 28.16500473637107], [85.34041130603511, 28.164986276632607], [85.34036439776251, 28.16496781687871], [85.34031646634453, 28.164951646710414], [85.34026801538444, 28.16493663917417], [85.34021956443867, 28.164921631621315], [85.34017111350727, 28.16490662405186], [85.34012266259018, 28.1648916164658], [85.34007421168747, 28.164876608863114], [85.34002576079907, 28.16486160124384], [85.33997730992502, 28.164846593607958], [85.33992885906532, 28.164831585955465], [85.33988040821995, 28.164816578286377], [85.33983195738894, 28.164801570600666], [85.33978350657226, 28.164786562898357], [85.3397350557699, 28.16477155517944], [85.33968660498192, 28.164756547443915], [85.33963815420827, 28.164741539691782], [85.33958970344895, 28.16472653192305], [85.339541252704, 28.164711524137704], [85.33949280197336, 28.16469651633576]]}, "properties": {"highway": "primary", "ref": null, "name": null, "length_m": 115, "blocks": true}}, {"type": "Feature", "geometry": {"type": "LineString", "coordinates": [[85.33939556019872, 28.164667450825014], [85.33934621325963, 28.16465494495528], [85.33929686633289, 28.164642439068224], [85.33924751941852, 28.164629933163848], [85.3391981725165, 28.164617427242142], [85.33914882562685, 28.164604921303113], [85.33909947874957, 28.164592415346767], [85.33905008745168, 28.16458005004115], [85.33900058584098, 28.1645680339901], [85.33895108424223, 28.16455601792161], [85.33890158265544, 28.16454400183566], [85.33885208311276, 28.16453197915982], [85.33880258406356, 28.164519954909153], [85.33875308502633, 28.164507930641037], [85.33870358600107, 28.164495906355466], [85.33865408698779, 28.164483882052455], [85.33860458798647, 28.164471857731996], [85.33855508899713, 28.164459833394083], [85.33850559001974, 28.164447809038723], [85.33845609105433, 28.164435784665915], [85.33840659210088, 28.164423760275657], [85.33835719395448, 28.164411423641145], [85.33830800867976, 28.164398427628218], [85.33825882341782, 28.16438543159811], [85.33820963816862, 28.164372435550792], [85.33816045293219, 28.164359439486294], [85.33811126770854, 28.164346443404604], [85.33806208249766, 28.164333447305715], [85.3380128972995, 28.164320451189642], [85.33796371211416, 28.164307455056377], [85.33791452694155, 28.164294458905914], [85.33786534178171, 28.164281462738266], [85.33781684201173, 28.16426680711755], [85.33776981181084, 28.16424859339537], [85.3377227816266, 28.16423037965768], [85.33767575145899, 28.164212165904466], [85.33762872130804, 28.164193952135715], [85.33758344496967, 28.164172614613346], [85.3375386865127, 28.1641503546964], [85.3374939280748, 28.16412809476554], [85.33744916965598, 28.164105834820763], [85.33740825647037, 28.164078824688183], [85.33737012040551, 28.164048383863094], [85.33733311524995, 28.164016970490717], [85.33730100900931, 28.163981520206328], [85.33727076992322, 28.16394476813565], [85.33724053085749, 28.16390801605898], [85.33721029181213, 28.163871263976315], [85.3371800527871, 28.16383451188766], [85.3371516172077, 28.163796711929816], [85.33712564326554, 28.163757481667147], [85.33709966934182, 28.16371825140013], [85.33707369543656, 28.163679021128775], [85.33704772154975, 28.163639790853086], [85.33702174768139, 28.163600560573062], [85.33699577383148, 28.1635613302887], [85.3369698, 28.1635221]]}, "properties": {"highway": "primary", "ref": null, "name": null, "length_m": 285, "blocks": true}}, {"type": "Feature", "geometry": {"type": "LineString", "coordinates": [[85.3429566, 28.165756], [85.34291200007955, 28.16577796006917], [85.34286740014143, 28.165799920122975], [85.34282280018563, 28.165821880161406], [85.34277820021215, 28.16584384018447], [85.34273360022098, 28.165865800192154], [85.34268900021215, 28.165887760184468], [85.34264440018563, 28.1659097201614], [85.34259980014143, 28.165931680122974], [85.34255520007956, 28.165953640069173], [85.3425106, 28.165975599999996]]}, "properties": {"highway": "path", "ref": null, "name": null, "length_m": 50, "blocks": true}}, {"type": "Feature", "geometry": {"type": "LineString", "coordinates": [[85.3324711, 28.1576744], [85.33248004171686, 28.15762635000686], [85.3324889834246, 28.157578300012474], [85.3324979251232, 28.157530250016844], [85.33250686681268, 28.157482200019967], [85.33251580849304, 28.157434150021842], [85.33252475016427, 28.157386100022464], [85.33253369182638, 28.157338050021835], [85.33254263347935, 28.157290000019966], [85.3325515751232, 28.157241950016843], [85.33256051675794, 28.15719390001248], [85.33256945838353, 28.157145850006863], [85.3325784, 28.1570978]]}, "properties": {"highway": "primary", "ref": null, "name": null, "length_m": 65, "blocks": true}}, {"type": "Feature", "geometry": {"type": "LineString", "coordinates": [[85.3325784, 28.1570978], [85.3325807062269, 28.157052585930302], [85.33258301245084, 28.1570073718602], [85.3325853186718, 28.15696215778969], [85.33258762488978, 28.15691694371876], [85.33258954062738, 28.15687173731184]]}, "properties": {"highway": "primary", "ref": null, "name": "Pasang Lhamu Highway", "length_m": 30, "blocks": true}}, {"type": "Feature", "geometry": {"type": "LineString", "coordinates": [[85.3323763953215, 28.156500388125924], [85.33232768653158, 28.156513035200568], [85.33227984192239, 28.156528859600137], [85.33223199729989, 28.156544683982336], [85.33218316593532, 28.156556696984783], [85.33213228134592, 28.15655962479852], [85.33208124939367, 28.156557933131353], [85.33203064970024, 28.15655216595817], [85.33198082378154, 28.15654316051853], [85.33193315314038, 28.156526928951912], [85.33188736979865, 28.15650765379944], [85.33184635486805, 28.156480688782764], [85.33180583819575, 28.15645315087966], [85.33176597393283, 28.15642486284753], [85.33172610969113, 28.156396574804578], [85.33168624547062, 28.156368286750787], [85.3316463812713, 28.156339998686185], [85.33160651709318, 28.156311710610755], [85.33156665293627, 28.1562834225245], [85.33152678880055, 28.156255134427425], [85.33148692468605, 28.156226846319523], [85.33144706059272, 28.1561985582008], [85.3314071965206, 28.15617027007125], [85.33136733246967, 28.156141981930883], [85.33132746843995, 28.156113693779684], [85.33128760443142, 28.15608540561767], [85.3312477404441, 28.15605711744483], [85.33120787647798, 28.156028829261164], [85.33116801253306, 28.156000541066682], [85.33112814860931, 28.155972252861375], [85.33108828470678, 28.155943964645235], [85.33104842082544, 28.155915676418285], [85.33100855696532, 28.155887388180503], [85.33096869312637, 28.155859099931906], [85.33092882930863, 28.15583081167248], [85.3308889655121, 28.155802523402226], [85.33084910173676, 28.155774235121164], [85.33080923798262, 28.155745946829267], [85.33076937424966, 28.155717658526548], [85.3307295105379, 28.155689370213015], [85.33068964684738, 28.15566108188865], [85.330649783178, 28.155632793553465], [85.33060991952986, 28.15560450520746], [85.33057005590291, 28.15557621685063], [85.3305340036776, 28.155544217805627], [85.3304984925814, 28.155511691941317], [85.33046298150666, 28.155479166068574], [85.33042750623522, 28.155446610733517], [85.33039352694446, 28.155412823989785], [85.33035954767495, 28.155379037238376], [85.33032556842666, 28.155345250479286], [85.3302936316204, 28.15530994152345], [85.33026190486702, 28.155274476026772], [85.33023017813433, 28.15523901052346], [85.33019845142232, 28.155203545013503], [85.33016856179864, 28.155167085811964], [85.33014748009275, 28.155125862340586], [85.33012639840233, 28.15508463886641], [85.3301053167274, 28.155043415389446], [85.33008423506796, 28.15500219190969], [85.33006315342398, 28.15496096842714], [85.33004207179549, 28.154919744941793], [85.33002099018246, 28.154878521453657], [85.32999990858491, 28.154837297962725]]}, "properties": {"highway": "primary", "ref": null, "name": "Pasang Lhamu Highway", "length_m": 319, "blocks": true}}, {"type": "Feature", "geometry": {"type": "LineString", "coordinates": [[85.3421985, 28.1660972], [85.34222086767905, 28.16613775044321], [85.34224323537431, 28.166178300883253], [85.34226560308585, 28.166218851320128], [85.34228797081363, 28.16625940175383], [85.34231033855764, 28.166299952184364], [85.3423327063179, 28.166340502611735], [85.34235507409443, 28.166381053035927], [85.34236028868905, 28.16642594863642], [85.34236548339777, 28.166470849274887], [85.34237067810982, 28.16651574991306], [85.34237587282522, 28.166560650550927], [85.34238106754394, 28.16660555118851], [85.342386262266, 28.1666504518258], [85.34239145699141, 28.166695352462778], [85.34239665172015, 28.166740253099473], [85.34238822367962, 28.166783992228563], [85.34237346418905, 28.166827191523236], [85.34235870468575, 28.16687039081555], [85.34234394516974, 28.166913590105523], [85.34232918564103, 28.166956789393133], [85.34231442609959, 28.16699998867838], [85.34229966654546, 28.167043187961276], [85.34228490697859, 28.167086387241824], [85.34227014739902, 28.167129586520012], [85.34225538780673, 28.16717278579584], [85.34224062820172, 28.16721598506932], [85.34222586858401, 28.16725918434043], [85.3422110289135, 28.167302361769664], [85.3421958133299, 28.1673454366293], [85.34218059773325, 28.167388511486475], [85.34216538212358, 28.167431586341177], [85.34215016650087, 28.167474661193417], [85.34213495086513, 28.16751773604318], [85.34211973521634, 28.16756081089048], [85.34210451955452, 28.16760388573531], [85.34208930387969, 28.16764696057767], [85.3420740881918, 28.167690035417568], [85.34205901783842, 28.167733143270993], [85.34204897526895, 28.167777393196857], [85.3420389326903, 28.16782164312136], [85.34202889010241, 28.167865893044493], [85.34201884750532, 28.167910142966274], [85.34200880489901, 28.167954392886692], [85.3419987622835, 28.167998642805745], [85.34198871965877, 28.168042892723438], [85.34197867702483, 28.16808714263977], [85.34196863438167, 28.168131392554738], [85.341966278824, 28.168175760832842], [85.3419745807251, 28.168220293211807], [85.34198288263208, 28.16826482559028], [85.341991184545, 28.168309357968266], [85.3419994864638, 28.168353890345763], [85.34200778838853, 28.16839842272276], [85.34201609031916, 28.16844295509928], [85.3420243922557, 28.16848748747531], [85.34203269419815, 28.16853201985085], [85.34204099614651, 28.168576552225897]]}, "properties": {"highway": "primary", "ref": null, "name": null, "length_m": 289, "blocks": true}}, {"type": "Feature", "geometry": {"type": "LineString", "coordinates": [[85.34206590202706, 28.168710149348104], [85.34207420399905, 28.168754681721197], [85.34208212625661, 28.16879924860626], [85.3420841978532, 28.16884434725285], [85.34208626945052, 28.168889445899204], [85.34208834104854, 28.16893454454532], [85.34209041264727, 28.168979643191186], [85.34209248424672, 28.16902474183681], [85.34209455584691, 28.169069840482198], [85.3420966274478, 28.169114939127336], [85.34209869904942, 28.169160037772237], [85.34210077065175, 28.169205136416892], [85.3421028422548, 28.169250235061305], [85.34210491385856, 28.169295333705485], [85.34210698546305, 28.16934043234941], [85.34210905706826, 28.169385530993097], [85.34211112867418, 28.16943062963655], [85.34211320028082, 28.169475728279753], [85.34211731646421, 28.16952063975436], [85.34212569204047, 28.169565161307748], [85.3421340676227, 28.16960968286064], [85.3421424432109, 28.16965420441303], [85.34215081880508, 28.16969872596493], [85.34215919440521, 28.169743247516333], [85.34216757001133, 28.16978776906724], [85.34217594562342, 28.169832290617652], [85.34218432124148, 28.16987681216757], [85.3421926968655, 28.169921333716985], [85.34220107249548, 28.169965855265918], [85.34220944813146, 28.170010376814343], [85.3422178237734, 28.170054898362274], [85.3422261994213, 28.17009941990971], [85.3422345750752, 28.170143941456658], [85.34224295073504, 28.170188463003104], [85.34225132640086, 28.170232984549052], [85.34225970207265, 28.170277506094507], [85.342267243932, 28.170322143060393], [85.34227458921485, 28.170366807237606], [85.34228193450284, 28.17041147141439], [85.34228927979593, 28.170456135590772], [85.34229662509416, 28.170500799766728], [85.34230397039751, 28.170545463942272], [85.34231131570598, 28.1705901281174], [85.34231866101958, 28.170634792292116], [85.34232600633831, 28.17067945646642], [85.34233335166215, 28.17072412064031], [85.34233323438386, 28.170769027951366], [85.34232961004669, 28.170814049524555], [85.34232598570547, 28.170859071097237], [85.3423223613602, 28.170904092669424], [85.3423187370109, 28.170949114241083], [85.34231511265752, 28.17099413581225], [85.3423114883001, 28.171039157382896], [85.34230786393863, 28.17108417895304], [85.34230423957311, 28.17112920052268], [85.34230151848178, 28.17117422599604], [85.34230464708092, 28.17121927675311], [85.34230777568169, 28.17126432750994], [85.34231090428406, 28.17130937826653], [85.34231403288804, 28.17135442902286], [85.34231716149363, 28.17139947977895], [85.34232029010082, 28.171444530534806], [85.34232341870963, 28.17148958129041], [85.34232654732003, 28.17153463204577], [85.34232967593205, 28.17157968280089], [85.34233280454566, 28.171624733555763], [85.3423359331609, 28.1716697843104], [85.34233906177774, 28.171714835064773], [85.34234219039618, 28.17175988581892], [85.34234531901623, 28.171804936572812], [85.34234844763789, 28.171849987326464], [85.34235166418283, 28.17189503208222], [85.34235635341241, 28.171939976377438], [85.34236104264491, 28.171984920672376], [85.34236573188032, 28.17202986496704], [85.34237042111864, 28.17207480926142], [85.3423751103599, 28.17211975355554], [85.34237979960407, 28.172164697849368], [85.34238448885115, 28.172209642142924], [85.34238917810114, 28.1722545864362], [85.34239386735405, 28.172299530729205], [85.34239855660988, 28.17234447502193], [85.34240324586862, 28.172389419314385], [85.34240793513028, 28.172434363606552], [85.34241262439485, 28.172479307898445], [85.34241731366235, 28.172524252190055], [85.34242200293276, 28.172569196481394], [85.34242669220609, 28.172614140772446], [85.34243138148234, 28.172659085063238], [85.3424360707615, 28.17270402935375], [85.34244076004356, 28.172748973643976], [85.34244544932855, 28.17279391793393], [85.34245013861646, 28.172838862223614], [85.34245482790728, 28.17288380651301], [85.34245951720101, 28.17292875080213], [85.34246420649767, 28.172973695090974], [85.34246889579724, 28.173018639379546], [85.34247358509973, 28.17306358366783], [85.34247827440512, 28.173108527955847], [85.34248296371345, 28.17315347224358], [85.34248765302469, 28.173198416531044], [85.34249234233884, 28.173243360818216], [85.34249703165591, 28.173288305105125], [85.34250172097589, 28.17333324939175], [85.34250641029878, 28.173378193678104], [85.3425110996246, 28.173423137964175], [85.34251564792066, 28.173468093625676], [85.34252019313466, 28.173513049535714], [85.34252473835146, 28.17355800544549], [85.34252928357105, 28.173602961354995], [85.34253382879345, 28.17364791726422], [85.34253837401863, 28.173692873173177], [85.34254291924663, 28.17373782908186], [85.34254746447739, 28.173782784990266], [85.34255200971097, 28.173827740898403], [85.34255655494734, 28.173872696806267], [85.3425611001865, 28.173917652713865], [85.34256564542848, 28.173962608621178], [85.34257019067323, 28.174007564528228], [85.34257473592078, 28.174052520434998], [85.34257928117113, 28.174097476341498], [85.34258382642427, 28.174142432247727], [85.34258837168022, 28.174187388153683], [85.34259291693895, 28.17423234405937], [85.34259746220049, 28.174277299964782], [85.34260200746482, 28.174322255869914], [85.34260655273194, 28.174367211774786], [85.34261109800187, 28.17441216767938], [85.34260420760884, 28.17445664154147], [85.34259486711126, 28.17450101212463], [85.34258552660503, 28.174545382706555], [85.34257618609014, 28.174589753287236], [85.34256684556657, 28.17463412386668], [85.34255750503434, 28.174678494444887], [85.34254816449341, 28.17472286502184], [85.34253882394384, 28.174767235597567], [85.34252948338559, 28.174811606172046], [85.34252014281869, 28.174855976745295], [85.34251080224311, 28.17490034731729], [85.34250146165886, 28.174944717888053], [85.34249212106594, 28.17498908845758], [85.34248278046437, 28.17503345902586], [85.34247343985412, 28.1750778295929], [85.3424640992352, 28.175122200158697], [85.3424547586076, 28.175166570723263], [85.34244541797135, 28.17521094128658], [85.34243607732643, 28.175255311848662], [85.34242673667283, 28.175299682409502], [85.34241739601057, 28.175344052969105], [85.34240805533963, 28.175388423527473], [85.34239871466004, 28.175432794084596], [85.34238937397177, 28.175477164640473], [85.34238003327484, 28.175521535195113], [85.34237069256923, 28.17556590574851], [85.34236135185496, 28.175610276300674], [85.34235201113202, 28.175654646851594], [85.34234789029594, 28.175699598859552], [85.34234454710602, 28.175744637491544], [85.3423412039123, 28.175789676123053], [85.34233786071475, 28.17583471475407], [85.34233451751338, 28.175879753384613], [85.3423311743082, 28.17592479201467], [85.3423278310992, 28.17596983064424], [85.34232448788639, 28.176014869273327], [85.34232114466975, 28.17605990790193], [85.34231780144931, 28.176104946530046], [85.34231445822505, 28.17614998515768], [85.34231111499696, 28.176195023784828], [85.34230777176505, 28.176240062411487], [85.34230442852933, 28.176285101037667], [85.34230108528979, 28.17633013966336], [85.34229774204644, 28.176375178288573], [85.34229439879928, 28.1764202169133], [85.34229105554829, 28.176465255537547], [85.34228771229347, 28.176510294161307], [85.34228436903486, 28.176555332784567], [85.34228240285462, 28.176600400196573], [85.34228334541348, 28.176645528418206], [85.34228428797208, 28.176690656639586], [85.34228523053045, 28.176735784860703], [85.3422861730886, 28.17678091308156], [85.34228711564651, 28.176826041302167], [85.34228805820419, 28.176871169522514], [85.34228900076164, 28.1769162977426], [85.34228994331886, 28.17696142596243], [85.34229088587585, 28.177006554181997], [85.34229182843261, 28.177051682401316], [85.34229277098915, 28.17709681062037], [85.34229371354544, 28.17714193883917], [85.3422946561015, 28.17718706705771], [85.34229559865733, 28.177232195275984], [85.34229654121293, 28.177277323494007], [85.3422974837683, 28.17732245171178], [85.34229842632344, 28.177367579929285], [85.34229936887836, 28.177412708146534], [85.34230031143304, 28.177457836363526], [85.34230125398749, 28.177502964580263], [85.3423021965417, 28.177548092796734], [85.34230313909569, 28.177593221012952], [85.34230408164944, 28.177638349228914], [85.34230502420297, 28.177683477444614], [85.34230596675626, 28.177728605660057], [85.34230690930931, 28.177773733875245], [85.34230785186215, 28.17781886209017], [85.34230879441475, 28.17786399030484], [85.34230973696712, 28.17790911851925], [85.34231067951926, 28.177954246733403], [85.34231162207115, 28.177999374947298], [85.34231256462283, 28.17804450316094], [85.3423128264779, 28.178089607030042], [85.34230778259656, 28.178134521145633], [85.34230273871, 28.17817943526057], [85.34229769481824, 28.17822434937486], [85.34229265092125, 28.178269263488506], [85.34228760701905, 28.178314177601504], [85.34228256311162, 28.17835909171386], [85.34227751919897, 28.178404005825563], [85.34227247528109, 28.178448919936613], [85.34226743135801, 28.178493834047025], [85.3422623874297, 28.17853874815679], [85.34225734349617, 28.178583662265908], [85.34225229955742, 28.178628576374376], [85.34224725561344, 28.178673490482197], [85.34224221166426, 28.17871840458937], [85.34223716770985, 28.178763318695903], [85.34223212375021, 28.178808232801785], [85.34222707978536, 28.178853146907013], [85.34222203581528, 28.1788980610116], [85.34221699183998, 28.17894297511554], [85.34221194785947, 28.17898788921884], [85.34220690387373, 28.179032803321483], [85.34220185988278, 28.179077717423482], [85.3421968158866, 28.179122631524834], [85.3421917718852, 28.179167545625535], [85.34218672787858, 28.179212459725594], [85.34218168386673, 28.179257373825], [85.34217663984968, 28.179302287923772], [85.3421715958274, 28.17934720202188], [85.34216655179989, 28.179392116119356], [85.34216150776716, 28.17943703021618], [85.34215646372922, 28.17948194431235], [85.34215141968606, 28.179526858407876], [85.34214637563768, 28.17957177250276], [85.34214133158406, 28.179616686596997], [85.34213628752524, 28.17966160069059], [85.3421312434612, 28.17970651478353], [85.34212619939191, 28.179751428875818], [85.34212115531743, 28.179796342967467], [85.34211611123771, 28.17984125705846], [85.34211106715279, 28.179886171148812], [85.34210602306264, 28.179931085238515], [85.34210097896725, 28.179975999327574], [85.34209593486666, 28.180020913415984], [85.34209089076086, 28.180065827503757], [85.34208584664981, 28.18011074159087], [85.34208080253354, 28.18015565567734], [85.34207575841208, 28.18020056976316], [85.34207071428537, 28.180245483848335], [85.34206567015345, 28.180290397932872], [85.34206062601632, 28.180335312016748], [85.34205558187395, 28.180380226099977], [85.34205053772637, 28.180425140182567], [85.34204549357355, 28.18047005426451], [85.3420417179953, 28.18051504366705], [85.34203995434753, 28.180560152526656], [85.34203819069724, 28.18060526138589], [85.34203642704448, 28.180650370244752], [85.34203466338919, 28.180695479103246], [85.34203289973141, 28.180740587961367], [85.34203113607111, 28.180785696819118], [85.34202937240833, 28.180830805676493], [85.34202760874304, 28.180875914533505], [85.34202584507526, 28.18092102339015], [85.34202408140494, 28.18096613224641], [85.34202231773216, 28.18101124110232], [85.34202055405686, 28.181056349957842], [85.34201879037906, 28.181101458813], [85.34201702669876, 28.18114656766779], [85.34201748486323, 28.181191570833906], [85.34202468863992, 28.181236253126038], [85.34203189242162, 28.181280935417757], [85.3420390962083, 28.18132561770908], [85.34204630000002, 28.181370299999994]]}, "properties": {"highway": "primary", "ref": null, "name": null, "length_m": 1411, "blocks": true}}, {"type": "Feature", "geometry": {"type": "LineString", "coordinates": [[85.33891909193166, 28.165026636308205], [85.33887184241091, 28.16500915600014], [85.33882459290625, 28.164991675676376], [85.33877659583133, 28.164975935738667]]}, "properties": {"highway": "residential", "ref": null, "name": null, "length_m": 20, "blocks": false}}, {"type": "Feature", "geometry": {"type": "LineString", "coordinates": [[85.3386313794847, 28.164931568144006], [85.33858297406408, 28.16491677891262], [85.33853456865761, 28.164901989664656], [85.33848662624503, 28.164886121364468]]}, "properties": {"highway": "residential", "ref": null, "name": null, "length_m": 20, "blocks": false}}, {"type": "Feature", "geometry": {"type": "LineString", "coordinates": [[85.35783720000002, 28.152996800000007], [85.35780796661186, 28.152955516680503], [85.35777873324564, 28.15291423335548], [85.35774949990135, 28.15287295002491], [85.35772026657897, 28.152831666688805], [85.35769103327853, 28.152790383347174], [85.3576618, 28.152749099999994]]}, "properties": {"highway": "path", "ref": null, "name": null, "length_m": 32, "blocks": true}}, {"type": "Feature", "geometry": {"type": "LineString", "coordinates": [[85.30113089127381, 28.18438044552968], [85.30117776006085, 28.184362622692845], [85.30122462883307, 28.184344799839245], [85.30127149759045, 28.18432697696886], [85.301318366333, 28.184309154081703], [85.30136523506073, 28.184291331177775], [85.30141210377361, 28.184273508257068], [85.30146126597315, 28.184266128979594], [85.30151225753977, 28.184267079875184], [85.30156324434896, 28.184268115115913], [85.30161408875759, 28.184271674570113], [85.30166493317061, 28.184275234005558], [85.30171577758806, 28.184278793422248], [85.30174722839281, 28.184243992200745], [85.30177253401408, 28.184207652025023], [85.30174783688271, 28.18416811258617], [85.30171482580904, 28.184135698974632], [85.3016710463384, 28.18411251487906], [85.30162726688714, 28.184089330770217]]}, "properties": {"highway": "unclassified", "ref": null, "name": null, "length_m": 95, "blocks": true}}, {"type": "Feature", "geometry": {"type": "LineString", "coordinates": [[85.29891443023479, 28.187563383778237], [85.29893654226936, 28.18753344519014], [85.29892525750554, 28.187489037925545], [85.2989139727501, 28.187444630660135], [85.29890788444172, 28.18739949994612], [85.29890325431812, 28.187354166223884]]}, "properties": {"highway": "path", "ref": null, "name": null, "length_m": 30, "blocks": true}}, {"type": "Feature", "geometry": {"type": "LineString", "coordinates": [[85.29890380904375, 28.18712759126452], [85.29890889525512, 28.187082295927677], [85.29891398146117, 28.187037000590177], [85.29892377364366, 28.186992569018077], [85.2989394150051, 28.18694921104176], [85.29895505635305, 28.186905853062843], [85.2989707154941, 28.186862500129376], [85.29900479653799, 28.186828834469953], [85.2990414934899, 28.18679730932475], [85.29908625711094, 28.186774972833057], [85.29913102071392, 28.186752636325846], [85.29917378974625, 28.186727435442005], [85.29921040771467, 28.18669707655092], [85.29923523130626, 28.186657237155313], [85.2992584638987, 28.186616638566218], [85.29928169647296, 28.18657603997219], [85.29930492902902, 28.186535441373216], [85.29930224783101, 28.186498401880765], [85.29926623344201, 28.186465940515596], [85.29923021907477, 28.18643347914175], [85.29919420472928, 28.186401017759223], [85.29916422910857, 28.186367689973004], [85.29918684107093, 28.186326817245725], [85.29920945301541, 28.18628594451372], [85.29923206494202, 28.186245071777005], [85.29925467685078, 28.18620419903557]]}, "properties": {"highway": "path", "ref": null, "name": null, "length_m": 130, "blocks": true}}, {"type": "Feature", "geometry": {"type": "LineString", "coordinates": [[85.3369698, 28.1635221], [85.33696833642595, 28.16347683762603], [85.33696687285212, 28.163431575251813], [85.33696540927846, 28.16338631287734], [85.33696121042695, 28.163341331907205], [85.33695093478663, 28.163296976115273], [85.33694065915385, 28.16325262032266], [85.3369303835286, 28.163208264529356], [85.33692010791086, 28.163163908735367], [85.33690983230065, 28.1631195529407], [85.33689955669799, 28.163075197145336], [85.33688928110284, 28.163030841349293], [85.33687932075382, 28.162986433714707], [85.33687095682224, 28.162941763565673], [85.33686259289662, 28.16289709341615], [85.33685422897699, 28.162852423266134], [85.33684586506331, 28.162807753115608], [85.33683750115561, 28.162763082964606], [85.33682500815523, 28.162719557015926], [85.33680316834402, 28.162678621136852]]}, "properties": {"highway": "primary", "ref": null, "name": "Pasang Lhamu Highway", "length_m": 100, "blocks": true}}, {"type": "Feature", "geometry": {"type": "LineString", "coordinates": [[85.33675948876949, 28.162596749369662], [85.33673764900618, 28.162555813481564], [85.33671896976855, 28.162513703386836], [85.33670134123705, 28.162471202933048], [85.3366837127187, 28.162428702477335], [85.33667007420743, 28.162385396704476], [85.33666519776342, 28.16234032245172], [85.3366603213225, 28.162295248198667], [85.33665544488463, 28.16225017394534], [85.33665056844984, 28.16220509969172], [85.33664569201811, 28.162160025437824], [85.33664081558948, 28.162114951183646], [85.33663593916391, 28.162069876929177], [85.33663106274142, 28.162024802674424], [85.33662618632201, 28.161979728419396], [85.33662130990567, 28.161934654164078], [85.3366164334924, 28.161889579908472], [85.3366014318001, 28.161846467619206], [85.33658463746643, 28.161803702689074], [85.3365678431453, 28.161760937757194], [85.33655104883671, 28.161718172823576], [85.33654031989214, 28.161673985268063], [85.33653104571017, 28.161629456500943], [85.33652177153493, 28.161584927733237], [85.33651249736639, 28.161540398964952], [85.33650322320457, 28.161495870196088], [85.33649394904947, 28.161451341426645], [85.33648467490109, 28.16140681265662], [85.33647540075941, 28.16136228388602], [85.33646612662446, 28.161317755114844], [85.33645685249623, 28.161273226343088], [85.3364475783747, 28.161228697570753], [85.33642874779326, 28.161186713791068], [85.33640879016556, 28.161145030157734], [85.3363888325526, 28.16110334652192], [85.3363688749544, 28.161061662883608], [85.33636388557996, 28.161016739749705], [85.33635991767991, 28.160971595543568], [85.33635594978219, 28.16092645133717], [85.33635198188676, 28.16088130713052], [85.33634126441733, 28.160837065192794], [85.33633003078332, 28.16079289225518], [85.3363162141275, 28.16074945108916], [85.33629645329417, 28.160707693910233], [85.33627669247547, 28.16066593672887], [85.3362569316714, 28.160624179545064], [85.33623717088194, 28.160582422358807], [85.33621638493372, 28.160541087232446], [85.33619312528204, 28.160500770529577], [85.33616986564718, 28.160460453823262], [85.33614606854776, 28.160420438125044], [85.33611496588917, 28.160384513843688], [85.33608386325108, 28.160348589555976], [85.33605276063352, 28.16031266526189], [85.33601398762345, 28.160283859827228], [85.33597206161271, 28.160257980681976], [85.33593013562252, 28.16023210152465], [85.33588820965286, 28.16020622235525], [85.33584628370375, 28.16018034317377], [85.33580435777517, 28.160154463980223], [85.33576243186715, 28.1601285847746], [85.33572294530225, 28.160099958965763], [85.33568471231835, 28.160069921682748], [85.33564647935593, 28.160039884389835], [85.33560824641499, 28.160009847087036], [85.33557001349556, 28.15997980977433], [85.33553178059759, 28.159949772451743], [85.33549354772111, 28.159919735119253], [85.33545531486611, 28.15988969777687], [85.3354170820326, 28.159859660424594], [85.33537884922059, 28.159829623062425], [85.33534061643005, 28.15979958569036], [85.33530238366099, 28.159769548308397], [85.33526415091342, 28.159739510916555], [85.33522591818733, 28.159709473514805], [85.33518768548274, 28.159679436103175], [85.33514945279961, 28.15964939868164], [85.33511122013799, 28.15961936125022], [85.33507298749784, 28.159589323808895], [85.33503475487917, 28.159559286357688], [85.334996522282, 28.159529248896575], [85.33495828970631, 28.15949921142558], [85.33491888268676, 28.159470614645564], [85.33487469712269, 28.159447879654607], [85.3348305115778, 28.159425144650104], [85.33478632605213, 28.159402409632072], [85.33474214054566, 28.15937967460049], [85.33469795505837, 28.15935693955538], [85.33465376959028, 28.15933420449673], [85.3346095841414, 28.15931146942455], [85.3345653987117, 28.159288734338826], [85.33452121330122, 28.159265999239565], [85.33447702790991, 28.15924326412677]]}, "properties": {"highway": "primary", "ref": null, "name": "Pasang Lhamu Highway", "length_m": 464, "blocks": true}}, {"type": "Feature", "geometry": {"type": "LineString", "coordinates": [[85.33438865718493, 28.159197793860564], [85.33434447185122, 28.159175058707156], [85.33430028653672, 28.15915232354022], [85.33425610124142, 28.159129588359733], [85.3342106970774, 28.159109162178694], [85.33416268784993, 28.159093670941907], [85.33411467863709, 28.15907817968884], [85.3340656008899, 28.15906670773952], [85.3340148381506, 28.159061573859802], [85.33396407541711, 28.15905643996146], [85.3339133126895, 28.1590513060445], [85.33386444024194, 28.159039522330108], [85.33381699205364, 28.15902272825762], [85.33376954388092, 28.15900593416928], [85.33372209572376, 28.158989140065085], [85.3336768893514, 28.15896804502024], [85.33363170185127, 28.158946913789205], [85.33358651436947, 28.158925782543964], [85.33354175442616, 28.15890397575952], [85.33349784863948, 28.158880819337764], [85.33345394287223, 28.15885766290267], [85.33341003712438, 28.158834506454212], [85.33336813979145, 28.158809264621564], [85.33333544065201, 28.15877447206969], [85.33330274153356, 28.158739679510752], [85.33327004243607, 28.158704886944722], [85.33323734335957, 28.158670094371622], [85.33320464430403, 28.158635301791445], [85.33317194526946, 28.15860050920419], [85.33313924625587, 28.158565716609864], [85.33310110468409, 28.15853581665276], [85.33306138608224, 28.158507334386538], [85.33302166750164, 28.15847885210957], [85.33298194894229, 28.15845036982187], [85.33294223040421, 28.158421887523424], [85.33290251188738, 28.158393405214245], [85.33286373546134, 28.158364073877117], [85.33283093769843, 28.158329354425835], [85.33279813995654, 28.158294634967433], [85.33276534223562, 28.158259915501905], [85.33273254453572, 28.158225196029264], [85.3326997468568, 28.158190476549485], [85.33266694919888, 28.158155757062595], [85.33263415156196, 28.158121037568577], [85.33260135394603, 28.158086318067443], [85.3325685563511, 28.15805159855919], [85.33253575877718, 28.158016879043807], [85.33251183071631, 28.157977014119265], [85.33248905073835, 28.157936483170932], [85.33246627077693, 28.157895952219313], [85.33244932534052, 28.157854492617926], [85.33245476901374, 28.157809469464492], [85.33246021268141, 28.157764446310356], [85.33246565634349, 28.157719423155527], [85.3324711, 28.1576744]]}, "properties": {"highway": "primary", "ref": null, "name": "Pasang Lhamu Highway", "length_m": 274, "blocks": true}}, {"type": "Feature", "geometry": {"type": "LineString", "coordinates": [[85.31048241104168, 28.179759404644066], [85.31052954582397, 28.179776507308894], [85.31057692645348, 28.17978476172038], [85.31062495390421, 28.179769734925703], [85.31067298134234, 28.179754708113542], [85.31072100876783, 28.179739681283923]]}, "properties": {"highway": "unclassified", "ref": null, "name": null, "length_m": 30, "blocks": true}}, {"type": "Feature", "geometry": {"type": "LineString", "coordinates": [[85.31127002013055, 28.179680423730687], [85.31131987030432, 28.179689682719967], [85.31136972048765, 28.179698941691445], [85.31141995610807, 28.179704751176903], [85.31147088750328, 28.17970433368644], [85.31152181889912, 28.17970391617702], [85.31157275029561, 28.17970349864861], [85.31162368169275, 28.179703081101234], [85.31167461309055, 28.179702663534886], [85.31172554448898, 28.179702245949557], [85.31177647588805, 28.17970182834525], [85.31182740728778, 28.17970141072198], [85.3118776595079, 28.1797047817427], [85.3119259379201, 28.179719163264462], [85.31197421634604, 28.179733544769736], [85.31202249478575, 28.179747926258493]]}, "properties": {"highway": "unclassified", "ref": null, "name": null, "length_m": 80, "blocks": true}}, {"type": "Feature", "geometry": {"type": "LineString", "coordinates": [[85.3123992887593, 28.179884155346365], [85.31244240302588, 28.179908088796463], [85.31248509877933, 28.179932697626118], [85.31252974670466, 28.179952548882984], [85.3125803096124, 28.17995798483592], [85.31263087252627, 28.17996342077039], [85.31268143544627, 28.1799688566864], [85.31273199837241, 28.17997429258394], [85.31278256130467, 28.17997972846301], [85.31283257312319, 28.17997540314005], [85.31288227129586, 28.179965522745505]]}, "properties": {"highway": "unclassified", "ref": null, "name": null, "length_m": 55, "blocks": true}}, {"type": "Feature", "geometry": {"type": "LineString", "coordinates": [[85.31406002585362, 28.180070672524987], [85.31410421417111, 28.18009307576524], [85.31415184100035, 28.180109072916295], [85.31419946784455, 28.18012507005135], [85.3142470947037, 28.180141067170407], [85.31429472157781, 28.180157064273455], [85.3143423484669, 28.180173061360506], [85.31438997537093, 28.180189058431555], [85.31443760228993, 28.180205055486603], [85.3144852292239, 28.180221052525642], [85.3145330986996, 28.180236467656464], [85.31458102759626, 28.18025174023766], [85.31462895650735, 28.18026701280263], [85.31467688543285, 28.180282285351364], [85.3147248143728, 28.18029755788386], [85.31477274332717, 28.18031283040013], [85.31482220790747, 28.180304287947603], [85.31487178812459, 28.180293952008086], [85.31492136833309, 28.18028361605019], [85.314970948533, 28.18027328007389], [85.31502052872428, 28.180262944079214], [85.31507010890695, 28.18025260806614]]}, "properties": {"highway": "unclassified", "ref": null, "name": null, "length_m": 110, "blocks": true}}, {"type": "Feature", "geometry": {"type": "LineString", "coordinates": [[85.31537037093989, 28.180272514200556], [85.31542089498755, 28.180273518864468], [85.31547165481189, 28.180269790474043]]}, "properties": {"highway": "unclassified", "ref": null, "name": null, "length_m": 15, "blocks": false}}, {"type": "Feature", "geometry": {"type": "LineString", "coordinates": [[85.31657510769175, 28.180288546229185], [85.31662463190985, 28.180299090974444], [85.3166741561386, 28.180309635702177], [85.31672368037799, 28.180320180412394], [85.31677320462803, 28.180330725105094], [85.31682272888872, 28.180341269780268], [85.31686968299368, 28.180358173326628], [85.31691550207292, 28.180377885083328], [85.3169613211696, 28.18039759682535], [85.31700714028374, 28.180417308552705], [85.31705295941535, 28.180437020265394], [85.31709877856439, 28.1804567319634], [85.31714332000129, 28.18047853478559], [85.31718699452094, 28.180501756426533], [85.31723066905997, 28.18052497805426], [85.31727434361837, 28.180548199668795], [85.31731801819613, 28.180571421270123], [85.31736169279327, 28.180594642858242], [85.31740775933021, 28.180607909285296], [85.31745832149561, 28.180602464951292], [85.3175088836569, 28.18059702059838], [85.31755944581407, 28.180591576226554], [85.31761000904403, 28.18058613969962], [85.31766057331107, 28.18058071075639], [85.317711137574, 28.180575281794255], [85.31776170183281, 28.180569852813203], [85.31781226608754, 28.180564423813248]]}, "properties": {"highway": "unclassified", "ref": null, "name": null, "length_m": 135, "blocks": true}}, {"type": "Feature", "geometry": {"type": "LineString", "coordinates": [[85.31810268447171, 28.18058890131122], [85.31814693520691, 28.18061125016263], [85.31819118596104, 28.18063359900047], [85.3182373348692, 28.180651665301543], [85.31828692310071, 28.180661971903948], [85.31833651134268, 28.18067227848879], [85.31838609959509, 28.180682585056044], [85.31843568785796, 28.180692891605716], [85.31848591562203, 28.180691264439012], [85.3185363829017, 28.180685167543462], [85.31858685017662, 28.180679070629047], [85.31863731744683, 28.180672973695764], [85.3186877847123, 28.180666876743615], [85.31873825197304, 28.180660779772605], [85.31878474875273, 28.180645627838786], [85.31882662312584, 28.180619934209822], [85.3188684974793, 28.18059424056709], [85.31891037181308, 28.18056854691058], [85.3189522461272, 28.18054285324031], [85.31897504172545, 28.180503477091168], [85.31899467498091, 28.18046183304557], [85.31901430822042, 28.180420188996266], [85.319033941444, 28.180378544943242], [85.31907520002609, 28.180356500319625], [85.31912262929909, 28.180340048291917], [85.31917005855833, 28.180323596247092], [85.31921748780378, 28.180307144185168], [85.3192649170355, 28.18029069210614], [85.31931234625344, 28.180274240010014], [85.31935977545761, 28.180257787896785], [85.31940796157281, 28.18024317451275], [85.31945620658139, 28.180228704206556], [85.3195044515778, 28.18021423388276], [85.31955269656203, 28.180199763541374], [85.31960094153409, 28.18018529318238], [85.31964918649398, 28.180170822805803], [85.319697460721, 28.18015642943802], [85.31974575465102, 28.180142087917968], [85.31979404856897, 28.180127746380276], [85.31984234247484, 28.18011340482497], [85.31989063636867, 28.180099063252026], [85.31993893025042, 28.180084721661455], [85.3199872241201, 28.180070380053255], [85.32002289536281, 28.18004057970144], [85.32005337415787, 28.180004420252004], [85.3200838529321, 28.179968260794706], [85.32011433168553, 28.179932101329562], [85.32014481041816, 28.17989594185656], [85.32017528912996, 28.179859782375704], [85.32020576782095, 28.179823622887003], [85.32023624649115, 28.179787463390443], [85.32026672514053, 28.179751303886036], [85.3202972037691, 28.17971514437377]]}, "properties": {"highway": "unclassified", "ref": null, "name": null, "length_m": 265, "blocks": true}}, {"type": "Feature", "geometry": {"type": "LineString", "coordinates": [[85.32137902265036, 28.179715400571002], [85.32142813135745, 28.179727373741056], [85.3214789685099, 28.179728298610904], [85.32152990105978, 28.17972861368431], [85.321580833611, 28.179728928738772], [85.32163176616353, 28.179729243774286], [85.32168269871741, 28.17972955879086], [85.32173359251897, 28.179728945400875], [85.32178435964053, 28.179725297252112], [85.32183512675967, 28.179721649084367], [85.32188589387636, 28.17971800089764], [85.32193666099063, 28.179714352691924], [85.32198742810249, 28.179710704467215], [85.32203819521192, 28.179707056223535], [85.32208288214787, 28.179691806776745], [85.32211878227308, 28.17965979179746], [85.32215468237686, 28.179627776807692], [85.32219523680885, 28.179600754168483], [85.32223749440143, 28.179575558385622], [85.3222797519746, 28.179550362588763]]}, "properties": {"highway": "unclassified", "ref": null, "name": null, "length_m": 100, "blocks": true}}, {"type": "Feature", "geometry": {"type": "LineString", "coordinates": [[85.32265740111654, 28.179320160251933], [85.32269908781436, 28.179294228645258]]}, "properties": {"highway": "unclassified", "ref": null, "name": null, "length_m": 10, "blocks": false}}, {"type": "Feature", "geometry": {"type": "LineString", "coordinates": [[85.32297100320287, 28.179175729606605], [85.32301888294933, 28.17916033718169], [85.32306676268286, 28.179144944739395], [85.32311377561668, 28.179127619432123], [85.32316051961439, 28.179109694440267]]}, "properties": {"highway": "unclassified", "ref": null, "name": null, "length_m": 25, "blocks": true}}, {"type": "Feature", "geometry": {"type": "LineString", "coordinates": [[85.30459323039993, 28.183150958971716], [85.3045750005431, 28.183193566089464], [85.30455598089415, 28.183235798220103], [85.30452603930081, 28.18327284464548], [85.30449609768647, 28.183309891063214], [85.30446615605113, 28.18334693747331], [85.30443473912412, 28.18338268538154], [85.3043931290194, 28.18340946153146], [85.30435151889428, 28.18343623766774], [85.30430990874875, 28.18346301379035], [85.30426829858278, 28.183489789899316], [85.30422668839643, 28.18351656599463], [85.30418507818963, 28.183543342076284], [85.30414255958972, 28.183568739954346], [85.30409579421543, 28.183587694605627], [85.30404902882532, 28.183606649240154], [85.30400260836117, 28.183626058693918], [85.30396513207883, 28.18365726184695], [85.30392765577479, 28.183688464988645], [85.30389017944901, 28.18371966811899], [85.30385270310155, 28.183750871237983], [85.30381522673238, 28.183782074345636], [85.30377775034151, 28.183813277441946], [85.30373622258504, 28.18384008728506], [85.30369424429843, 28.183866408585477], [85.30364921075859, 28.1838869536389], [85.30359952211876, 28.183898697753143], [85.30354983346898, 28.18391044184885], [85.30350014480925, 28.183922185926022], [85.30345010584026, 28.18391853551451], [85.3034002502228, 28.183907450231683], [85.30335087678087, 28.18389470512318], [85.30330043962799, 28.18388676308829], [85.30324929169129, 28.18388203050849], [85.30319814376014, 28.18387729790976], [85.30314699583454, 28.1838725652921], [85.30309584791449, 28.18386783265552], [85.3030447, 28.1838631]]}, "properties": {"highway": "unclassified", "ref": null, "name": null, "length_m": 190, "blocks": true}}, {"type": "Feature", "geometry": {"type": "LineString", "coordinates": [[85.304558, 28.1832333], [85.30460521238398, 28.18325343382403], [85.30465242478633, 28.183273567632472], [85.3046996372071, 28.18329370142535], [85.30474908053431, 28.183308667956105], [85.30479940456107, 28.183321594599754], [85.3048497286009, 28.1833345212254], [85.30490034275611, 28.183327082610248], [85.30495101898883, 28.18331528555672], [85.3050016952114, 28.183303488483922], [85.3050523714238, 28.18329169139185], [85.30510304762603, 28.183279894280506], [85.3051537238181, 28.18326809714989], [85.3052044, 28.183256300000004]]}, "properties": {"highway": "service", "ref": null, "name": null, "length_m": 67, "blocks": true}}, {"type": "Feature", "geometry": {"type": "LineString", "coordinates": [[85.3438355, 28.182505000000003], [85.34388613371189, 28.182509806713508], [85.34393676742931, 28.18251461340846], [85.34398417595123, 28.182530289618295], [85.34401655963991, 28.18256480244441], [85.34403585997899, 28.182606456070868], [85.34405005614714, 28.182649788733922], [85.34406444556029, 28.182693070943657], [85.34407903632147, 28.18273630058443], [85.34409362709356, 28.182779530223893], [85.34410821787651, 28.18282275986203], [85.34412280867038, 28.182865989498843], [85.34413739947512, 28.182909219134334], [85.34415199029075, 28.182952448768507], [85.34416658111728, 28.182995678401365], [85.34418117195469, 28.183038908032895], [85.344195762803, 28.183082137663106], [85.34421035366219, 28.183125367292003], [85.34422494453227, 28.183168596919568], [85.34423953541324, 28.18321182654582], [85.3442541263051, 28.18325505617075], [85.34426871720785, 28.18329828579436], [85.3442833081215, 28.183341515416647], [85.34429789904604, 28.18338474503761], [85.34431248998146, 28.183427974657263], [85.34432708092777, 28.183471204275587], [85.34434167188498, 28.18351443389259], [85.34435626285305, 28.183557663508275], [85.34437085383205, 28.183600893122644], [85.34438544482191, 28.183644122735686], [85.34440003582267, 28.183687352347405], [85.34441462683434, 28.183730581957807], [85.34442921785688, 28.183773811566887], [85.34444380889032, 28.183817041174652], [85.34445839993464, 28.183860270781096], [85.34447299098986, 28.183903500386208], [85.34448758205596, 28.183946729990012], [85.34450457806761, 28.183989198401314], [85.34452420141467, 28.18403083523105], [85.34454382477622, 28.184072472058375], [85.34456344815227, 28.184114108883286], [85.34458307154281, 28.184155745705787], [85.34460269494785, 28.184197382525877], [85.34462231836739, 28.18423901934354], [85.3446419418014, 28.18428065615881], [85.34466156524992, 28.184322292971647], [85.34468589742887, 28.18436183024177], [85.34471194270171, 28.184400603674845], [85.34473798799287, 28.18443937710355], [85.34476403330234, 28.184478150527884], [85.34479007863014, 28.18451692394784], [85.34481612397624, 28.184555697363418], [85.34484216934067, 28.184594470774634], [85.34486821472342, 28.18463324418147], [85.34489426012448, 28.18467201758393], [85.34492233006722, 28.18470964404752], [85.34495112104479, 28.184746862035645], [85.34497991204196, 28.18478408001837], [85.3450087030587, 28.184821297995676], [85.34503749409501, 28.184858515967584], [85.34506628515092, 28.184895733934074], [85.3450950762264, 28.18493295189516], [85.34512386732148, 28.18497016985084], [85.34515380662772, 28.1850066393165], [85.3451853392228, 28.185042070153983], [85.34521687183845, 28.1850775009849], [85.34524840447466, 28.18511293180925], [85.34527993713144, 28.185148362627046], [85.34531146980876, 28.185183793438274], [85.34534300250668, 28.18521922424294], [85.34537453522515, 28.185254655041046], [85.34540457168102, 28.18529107164531]]}, "properties": {"highway": "primary", "ref": null, "name": null, "length_m": 359, "blocks": true}}, {"type": "Feature", "geometry": {"type": "LineString", "coordinates": [[85.34598229817142, 28.186086070606066], [85.34600505950269, 28.186126434260107], [85.34602782085042, 28.186166797910854], [85.34605058221467, 28.1862071615583], [85.3460733435954, 28.186247525202464], [85.34609610499264, 28.186287888843346], [85.34611741792422, 28.186328864875872], [85.34613851139714, 28.186369933695726], [85.34615960488551, 28.186411002512777], [85.34617786562742, 28.186453055335548], [85.34619389464898, 28.186495883387277], [85.34620992368248, 28.18653871143742], [85.34622302605779, 28.18658218230564], [85.34623143056788, 28.186626685023228], [85.34623983508398, 28.186671187740316], [85.34624823960608, 28.186715690456897], [85.34625664413417, 28.186760193172987], [85.34626504866827, 28.18680469588858], [85.34627345320837, 28.186849198603657], [85.34628185775446, 28.186893701318247], [85.34629026230657, 28.18693820403234], [85.34629866686467, 28.18698270674593], [85.34630707142875, 28.187027209459025], [85.34631547599885, 28.187071712171612], [85.34632388057496, 28.187116214883712], [85.34633228515705, 28.187160717595305], [85.34634068974515, 28.1872052203064], [85.34634909433926, 28.187249723016993], [85.34635749893935, 28.187294225727094], [85.34636590354546, 28.187338728436686], [85.34637430815755, 28.18738323114578], [85.34638271277565, 28.18742773385439], [85.34639111739976, 28.18747223656248], [85.34640050901324, 28.187516579427065], [85.3464104158572, 28.18756083885004], [85.34642032270841, 28.187605098272357], [85.34643022956683, 28.187649357694024], [85.34644013643249, 28.187693617115055], [85.34645004330537, 28.18773787653544], [85.34646156886048, 28.187781810143974], [85.34647421686292, 28.187825517824205], [85.34648686487476, 28.18786922550344], [85.346499512896, 28.187912933181668], [85.3465192232264, 28.187954439346765], [85.3465402499235, 28.187995535166344], [85.34656127663602, 28.188036630983127], [85.34658230336396, 28.188077726797136], [85.34660333010731, 28.188118822608352], [85.34662562079312, 28.18815939080424], [85.34664799957862, 28.188199922227483], [85.34667037838041, 28.18824045364755], [85.34669631768064, 28.18827902609995], [85.34672739780363, 28.188314770095324], [85.34675847794705, 28.18835051408433], [85.34678955811088, 28.188386258066966], [85.34682063829516, 28.188422002043247], [85.34685171849985, 28.18845774601315], [85.34688279872498, 28.18849348997669], [85.34691387897053, 28.188529233933874], [85.34694495923651, 28.18856497788468], [85.34697603952291, 28.188600721829122], [85.34700711982975, 28.188636465767207], [85.34703820015703, 28.18867220969891], [85.34706928050473, 28.188707953624256], [85.34710036087286, 28.18874369754324], [85.34713144126141, 28.188779441455853], [85.34716252167037, 28.1888151853621], [85.3471936020998, 28.18885092926199], [85.34722468254962, 28.188886673155498], [85.3472557630199, 28.188922417042647], [85.34728684351059, 28.188958160923427], [85.34731792402171, 28.188993904797844], [85.34734900455327, 28.18902964866589], [85.34738008510524, 28.18906539252757], [85.34741116567767, 28.189101136382895], [85.3474422462705, 28.189136880231842], [85.34747332688376, 28.189172624074427], [85.34750440751746, 28.189208367910645], [85.34753548817159, 28.18924411174049], [85.34756656884615, 28.189279855563978], [85.34759764954113, 28.189315599381096], [85.34762873025655, 28.18935134319185], [85.34765981099238, 28.18938708699623], [85.34769033193076, 28.18942319573541], [85.34771959869289, 28.18946012207], [85.3477488654748, 28.189497048398987], [85.34777813227649, 28.18953397472237], [85.34780739909796, 28.18957090104016], [85.34783666593921, 28.18960782735233], [85.34786593280025, 28.189644753658914], [85.34789519968106, 28.18968167995989], [85.34792446658166, 28.18971860625527], [85.34795373350202, 28.18975553254504], [85.34798300044218, 28.189792458829206], [85.34801226740211, 28.18982938510777], [85.34804153438184, 28.189866311380737], [85.34807080138134, 28.189903237648096], [85.3481000684006, 28.189940163909846], [85.34812933543967, 28.189977090166007], [85.3481586024985, 28.19001401641656], [85.34818786957713, 28.190050942661507], [85.34821713667553, 28.190087868900854], [85.34824640379371, 28.190124795134597], [85.3482744550188, 28.19016238792662], [85.34829868941546, 28.190202073110918], [85.34832292382944, 28.19024175829146], [85.34834715826081, 28.19028144346824], [85.34837110055538, 28.19032126634592], [85.34839470244907, 28.19036124967343], [85.34841807008834, 28.190401338793134], [85.348440719412, 28.190441752304586], [85.34846336875209, 28.19048216581279], [85.34847942832424, 28.19052498236156], [85.34849544949947, 28.19056781291501], [85.34851147068666, 28.190610643466858], [85.34852749188582, 28.190653474017118], [85.34854351309694, 28.19069630456578], [85.34855953432002, 28.190739135112846], [85.34857555555506, 28.19078196565832], [85.34859015552206, 28.19082517624271], [85.34860355246217, 28.190868708509782], [85.34861694941227, 28.190912240775738], [85.34862989722515, 28.19095587582686], [85.34864197067589, 28.19099971097486], [85.34865627210812, 28.191042921988373], [85.34867483652194, 28.19108493879229], [85.34869692909331, 28.191125258258403], [85.3487272421965, 28.19116141754042], [85.34876530297744, 28.191191397644182], [85.34880336377974, 28.191221377738124], [85.34884049381984, 28.19125212511226]]}, "properties": {"highway": "primary", "ref": null, "name": null, "length_m": 654, "blocks": true}}, {"type": "Feature", "geometry": {"type": "LineString", "coordinates": [[85.3489732874109, 28.191443701971057], [85.34899617322816, 28.191484010864883], [85.349019059062, 28.191524319755374], [85.34904194491241, 28.191564628642535], [85.3490648307794, 28.191604937526357], [85.34908771666296, 28.191645246406857], [85.3491106025631, 28.191685555284025], [85.34913348847982, 28.191725864157867], [85.3491563744131, 28.191766173028366]]}, "properties": {"highway": "primary", "ref": null, "name": null, "length_m": 45, "blocks": true}}, {"type": "Feature", "geometry": {"type": "LineString", "coordinates": [[85.34927080432816, 28.191967717330904], [85.349290811676, 28.192009160599408], [85.34930927327109, 28.19205121301383], [85.3493277348799, 28.192093265426116], [85.34934619650241, 28.192135317836275], [85.34936465813863, 28.192177370244305], [85.34938311978857, 28.192219422650204], [85.34940022687528, 28.192261916368253], [85.34941691261639, 28.19230454736087], [85.34943359836994, 28.192347178351756], [85.3494498557985, 28.192389937484336], [85.34946575480495, 28.192432803846128], [85.34948165382329, 28.192475670206342], [85.34949755285349, 28.192518536564997], [85.34951345189558, 28.192561402922074], [85.34952935094954, 28.192604269277584], [85.34954257334675, 28.19264780505765], [85.34955432057089, 28.19269170977503], [85.34956606780372, 28.192735614491532], [85.34957781504525, 28.192779519207164], [85.34958956229549, 28.192823423921922], [85.34960130955442, 28.192867328635806], [85.34961305682202, 28.192911233348816], [85.34962480409835, 28.192955138060956], [85.34963655138336, 28.192999042772218], [85.34964829867708, 28.193042947482596], [85.34966004597949, 28.193086852192117], [85.34967179329058, 28.193130756900754], [85.34968354061039, 28.193174661608527], [85.34969528793889, 28.19321856631542], [85.34970703527607, 28.193262471021438], [85.34972279886746, 28.193305253532642], [85.34974160636403, 28.19334718553674], [85.34976041387458, 28.19338911753862], [85.34977922139906, 28.193431049538297], [85.34979802893749, 28.19347298153576], [85.34981683648986, 28.193514913531], [85.3498356440562, 28.19355684552404], [85.34985525119839, 28.19359847197272], [85.34987676751382, 28.19363936885889], [85.349898283845, 28.193680265742138], [85.34991980019188, 28.193721162622456], [85.34994131655452, 28.19376205949985], [85.34996283293289, 28.193802956374313], [85.349984349327, 28.19384385324585], [85.35000586573683, 28.19388475011446], [85.35002738216241, 28.19392564698014], [85.35004889860373, 28.193966543842887], [85.35007041506077, 28.194007440702713], [85.35009193153357, 28.19404833755961], [85.35011344802207, 28.194089234413582], [85.35013496452635, 28.194130131264618], [85.35015648104634, 28.194171028112727], [85.35017799758207, 28.194211924957916], [85.35019951413354, 28.194252821800173], [85.35022103070074, 28.1942937186395], [85.35024254728368, 28.1943346154759], [85.35026406388235, 28.19437551230937], [85.35028558049676, 28.194416409139915], [85.35030709712692, 28.194457305967532], [85.3503286137728, 28.194498202792214], [85.35034958986114, 28.194539318493483], [85.35037041131808, 28.19458049680887], [85.3503912327903, 28.19462167512152], [85.35041205427781, 28.19466285343144], [85.35043287578061, 28.19470403173862], [85.35045369729872, 28.194745210043067], [85.35047451883212, 28.194786388344774], [85.3504953403808, 28.19482756664376], [85.35051616194478, 28.19486874494], [85.35053698352407, 28.19490992323351], [85.35055659881185, 28.194951561599492], [85.35057604827834, 28.19499326321142], [85.3505954977592, 28.195034964820984], [85.35061494725447, 28.19507666642816], [85.35063449383142, 28.195118332357687], [85.35065407448997, 28.195159985764068], [85.35067365516299, 28.195201639168044], [85.35068771769352, 28.195244983734668], [85.3507013732874, 28.195288453018286], [85.35071502889146, 28.195331922300724], [85.35072770169754, 28.195375620496304], [85.35073994229202, 28.195419419363176], [85.35075218289562, 28.195463218229115], [85.3507626365514, 28.195507335080737], [85.35077043451498, 28.195551924509886], [85.35077823248409, 28.195596513938575], [85.35078300915404, 28.195641435802496], [85.35078766243771, 28.195686366692485], [85.35078972213782, 28.19573145124105], [85.35079617137579, 28.195776142872678], [85.35080433237611, 28.195820681280882], [85.35081249338224, 28.195865219688603], [85.35082065439416, 28.195909758095844], [85.3508288154119, 28.195954296502606], [85.35083697643545, 28.195998834908885], [85.35084513746479, 28.196043373314687], [85.35085329849994, 28.196087911720003], [85.3508614595409, 28.196132450124853], [85.35086962058766, 28.196176988529214], [85.35087778164024, 28.196221526933098], [85.35088594269861, 28.196266065336502], [85.3508941037628, 28.19631060373943], [85.35090226483278, 28.19635514214187], [85.3509148332225, 28.196398847317244], [85.35092790406395, 28.196442457502158], [85.35094475361143, 28.196484849399702], [85.35096637711968, 28.196525702130653], [85.35098800064372, 28.196566554858656], [85.35101427404493, 28.196605122503932], [85.35104194580852, 28.196643002956925], [85.35106961759122, 28.196680883404934], [85.35110232046624, 28.196715296481575], [85.3511369569264, 28.196748376957103], [85.35117159340781, 28.19678145742461], [85.35120653783156, 28.19681428065491]]}, "properties": {"highway": "primary", "ref": null, "name": null, "length_m": 579, "blocks": true}}, {"type": "Feature", "geometry": {"type": "LineString", "coordinates": [[85.35138274544224, 28.19697715600822], [85.3514179870284, 28.1970097310539]]}, "properties": {"highway": "primary", "ref": null, "name": null, "length_m": 10, "blocks": false}}, {"type": "Feature", "geometry": {"type": "LineString", "coordinates": [[85.35162943699358, 28.19720518115307], [85.35166467872915, 28.19723775614045], [85.35169992048606, 28.197270331119494], [85.3517351622643, 28.197302906090215], [85.3517704040639, 28.197335481052612], [85.35180564588484, 28.197368056006674], [85.35184088772712, 28.197400630952416], [85.35187612959075, 28.19743320588982], [85.35191137147572, 28.197465780818895], [85.35194661338203, 28.19749835573965], [85.35198185530967, 28.19753093065207], [85.35201564936698, 28.197564513459323], [85.35204303778707, 28.19760255535215], [85.35207042622615, 28.197640597240103], [85.3520978146842, 28.19767863912319], [85.35212520316125, 28.19771668100141], [85.35215259165727, 28.197754722874752], [85.35217998017227, 28.197792764743223], [85.35220731488239, 28.19783083572803], [85.35223300647755, 28.19786979571942], [85.35225869809086, 28.197908755706543], [85.35228438972233, 28.197947715689423], [85.35230973901237, 28.197986849610228], [85.35233472027522, 28.198026170519103], [85.35235970155584, 28.198065491423975], [85.35238468285425, 28.198104812324843], [85.35240661401923, 28.198145493237107], [85.35242737723321, 28.19818669492479], [85.35244814046244, 28.19822789660975], [85.35246890370695, 28.198269098292002], [85.3524896669667, 28.198310299971528], [85.35251043024174, 28.19835150164833], [85.35253119353202, 28.19839270332242], [85.35255195683754, 28.198433904993784], [85.35257272015834, 28.198475106662436], [85.35259348349439, 28.198516308328358], [85.35261424684572, 28.19855750999157], [85.35263501021228, 28.19859871165206], [85.35265577359412, 28.198639913309826], [85.35267653699123, 28.198681114964877], [85.35269730040356, 28.19872231661721], [85.35271806383118, 28.198763518266816], [85.35273882727405, 28.19880471991371], [85.35275695228086, 28.198846868545306], [85.35277441370522, 28.198889255351286], [85.35279187514259, 28.198931642155365], [85.35280933659297, 28.198974028957544], [85.35282679805636, 28.199016415757825], [85.35284425953276, 28.199058802556195], [85.35285808282524, 28.199102224510963], [85.35287174501539, 28.199145692305112], [85.35288540721575, 28.1991891600981], [85.35289906942631, 28.19923262788992], [85.35291273164707, 28.199276095680585], [85.352926393878, 28.19931956347007], [85.35294005611914, 28.199363031258404], [85.35295371837047, 28.19940649904557], [85.352967380632, 28.199449966831576], [85.3529810429037, 28.19949343461641]]}, "properties": {"highway": "primary", "ref": null, "name": null, "length_m": 294, "blocks": true}}, {"type": "Feature", "geometry": {"type": "LineString", "coordinates": [[85.35300836747773, 28.19958037018259], [85.35301884199865, 28.19962448730597], [85.35302798162556, 28.199668876344266], [85.35303712125908, 28.19971326538199], [85.35304626089922, 28.19975765441916], [85.35305384590299, 28.199802256957884], [85.35306030490814, 28.199847014132473], [85.35306676391772, 28.199891771306696], [85.35307322293168, 28.199936528480563], [85.35307968195005, 28.19998128565406], [85.35308614097282, 28.20002604282722], [85.3530926, 28.200070799999995]]}, "properties": {"highway": "primary", "ref": null, "name": null, "length_m": 60, "blocks": true}}, {"type": "Feature", "geometry": {"type": "LineString", "coordinates": [[85.34204630000002, 28.181370299999994], [85.34207444534779, 28.181412136389156], [85.34210259071692, 28.181453972773213], [85.34213073610739, 28.181495809152175], [85.34215888151923, 28.181537645526017], [85.3421870269524, 28.18157948189476], [85.34221517240695, 28.181621318258397], [85.34224331788285, 28.181663154616928], [85.3422714633801, 28.181704990970353], [85.34229960889873, 28.18174682731868], [85.34232775443867, 28.18178866366189], [85.3423559, 28.181830499999997]]}, "properties": {"highway": "primary", "ref": null, "name": null, "length_m": 59, "blocks": true}}, {"type": "Feature", "geometry": {"type": "LineString", "coordinates": [[85.34319680000002, 28.1826648], [85.34324593083146, 28.18265250780114], [85.34329506165251, 28.182640215584144], [85.34334419246322, 28.182627923349006], [85.34339332326357, 28.182615631095732], [85.34344245405353, 28.182603338824322], [85.34349158483313, 28.182591046534757], [85.34354071560236, 28.182578754227066], [85.34358984636121, 28.182566461901242], [85.3436389771097, 28.182554169557267], [85.34368810784784, 28.18254187719516], [85.3437372385756, 28.182529584814908], [85.34378636929297, 28.182517292416527], [85.3438355, 28.182505000000003]]}, "properties": {"highway": "primary", "ref": null, "name": null, "length_m": 65, "blocks": true}}, {"type": "Feature", "geometry": {"type": "LineString", "coordinates": [[85.3423559, 28.181830499999997], [85.34238462191301, 28.181868171818987], [85.34241334384578, 28.1819058436326], [85.34244206579831, 28.181943515440842], [85.3424707877706, 28.181981187243704], [85.34249950976263, 28.182018859041193], [85.34252861143788, 28.182056290885544], [85.34255945840772, 28.18209261970852], [85.34259023978866, 28.182128989592876], [85.34261857393598, 28.1821668913073], [85.34264690810288, 28.182204793016506], [85.34267524228936, 28.182242694720482], [85.34270357649544, 28.182280596419243], [85.34273191072111, 28.182318498112778], [85.34276024496637, 28.182356399801098], [85.34278857923121, 28.18239430148419], [85.34281691351565, 28.182432203162065], [85.34284524781967, 28.182470104834717], [85.34287358214328, 28.18250800650215], [85.34290191648648, 28.182545908164354], [85.34293025084928, 28.182583809821338], [85.34295858523166, 28.182621711473107], [85.34299705846416, 28.182650680642507], [85.34304440633447, 28.1826664469205], [85.34309498928916, 28.18267362518985], [85.34314590071365, 28.182670531142307], [85.34319680000002, 28.1826648]]}, "properties": {"highway": "primary", "ref": null, "name": null, "length_m": 131, "blocks": true}}, {"type": "Feature", "geometry": {"type": "LineString", "coordinates": [[85.3418267, 28.165729100000004], [85.34187976857157, 28.165733684628346], [85.34192904206243, 28.16574740734824], [85.34197280259889, 28.165774404626568], [85.3420165631577, 28.16580140189173], [85.3420603237389, 28.16582839914374], [85.34210408434247, 28.16585539638259], [85.3421478449684, 28.165882393608275], [85.34219567866108, 28.165901236616932], [85.3422476509807, 28.165911794136246], [85.3422978807706, 28.165923875991528], [85.34230911931296, 28.16597006695238], [85.34232589912085, 28.166013232368], [85.3423674, 28.166042900000004]]}, "properties": {"highway": "path", "ref": null, "name": null, "length_m": 68, "blocks": true}}, {"type": "Feature", "geometry": {"type": "LineString", "coordinates": [[85.3172858, 28.18138829999999], [85.31730375343889, 28.18134558002257], [85.31732170686271, 28.181302860041928], [85.31733966027144, 28.18126014005805], [85.31735761366511, 28.181217420070944], [85.31737556704368, 28.181174700080618], [85.31739352040718, 28.18113198008707], [85.31741147375558, 28.1810892600903], [85.31742942708891, 28.181046540090296], [85.31744738040717, 28.181003820087067], [85.31746533371035, 28.18096110008062], [85.31748328699844, 28.18091838007095], [85.31750124027145, 28.180875660058046], [85.31751919352938, 28.180832940041917], [85.31753714677224, 28.18079022002257], [85.3175551, 28.1807475]]}, "properties": {"highway": "path", "ref": null, "name": null, "length_m": 76, "blocks": true}}, {"type": "Feature", "geometry": {"type": "LineString", "coordinates": [[85.3030745, 28.183984899999995], [85.30305959999245, 28.183924000000697], [85.3030447, 28.1838631]]}, "properties": {"highway": "path", "ref": null, "name": null, "length_m": 14, "blocks": false}}, {"type": "Feature", "geometry": {"type": "LineString", "coordinates": [[85.3030521, 28.184057599999996], [85.3030745, 28.183984899999995]]}, "properties": {"highway": "path", "ref": null, "name": null, "length_m": 8, "blocks": false}}, {"type": "Feature", "geometry": {"type": "LineString", "coordinates": [[85.3029532, 28.184219199999998], [85.30298698995134, 28.18418335037804], [85.30301742958143, 28.184145818979246], [85.30303476479828, 28.18410170949116], [85.3030521, 28.184057599999996]]}, "properties": {"highway": "path", "ref": null, "name": null, "length_m": 21, "blocks": true}}, {"type": "Feature", "geometry": {"type": "LineString", "coordinates": [[85.3022317, 28.1838298], [85.30226332774048, 28.183869479268893], [85.30229495550394, 28.183909158531268], [85.30232689564426, 28.183948640385147], [85.30236688957608, 28.183981072305816], [85.3024111, 28.1840098]]}, "properties": {"highway": "unclassified", "ref": null, "name": null, "length_m": 27, "blocks": true}}, {"type": "Feature", "geometry": {"type": "LineString", "coordinates": [[85.3030447, 28.1838631], [85.30299322582748, 28.183863833032497], [85.30294175165531, 28.183864566045603], [85.30289027748351, 28.18386529903931], [85.3028388033121, 28.183866032013615], [85.30278732914104, 28.18386676496853], [85.30273739617928, 28.183858980915176], [85.30268876089497, 28.183844025714798], [85.30265029872514, 28.18381411796292], [85.30261266466282, 28.183782993071443], [85.30256784349483, 28.183761624967236], [85.30252053887293, 28.183743628253968], [85.3024732342676, 28.183725631524993], [85.30242201343519, 28.18372165240672], [85.30237069639702, 28.183718017640768], [85.30231957477463, 28.183712674914652], [85.3022684785263, 28.183707110448914], [85.30225775264904, 28.183743409497286], [85.30223894975713, 28.183785155299777], [85.3022317, 28.1838298]]}, "properties": {"highway": "unclassified", "ref": null, "name": null, "length_m": 96, "blocks": true}}, {"type": "Feature", "geometry": {"type": "LineString", "coordinates": [[85.3174998, 28.1475187], [85.31754770007898, 28.14749271256246], [85.31759560013539, 28.147466725107076], [85.31764350016925, 28.14744073763385], [85.31769140018054, 28.14741475014277], [85.31773930016925, 28.14738876263385], [85.3177872001354, 28.147362775107077], [85.31783510007898, 28.147336787562455], [85.317883, 28.147310799999996]]}, "properties": {"highway": "path", "ref": null, "name": null, "length_m": 44, "blocks": true}}, {"type": "Feature", "geometry": {"type": "LineString", "coordinates": [[85.3425231, 28.182049799999998], [85.34247273676202, 28.182056628435724], [85.34242237351862, 28.182063456852635], [85.34237201026978, 28.182070285250735], [85.34232164701552, 28.18207711363002], [85.34227128375584, 28.18208394199048], [85.34222092049073, 28.18209077033213], [85.3421705572202, 28.18209759865497], [85.34212019394424, 28.182104426958986], [85.34206983066287, 28.182111255244187], [85.34202358097174, 28.182129638019383], [85.34197791202415, 28.182149652049006], [85.34193224306016, 28.18216966606261], [85.34188657407977, 28.18218968006019], [85.34183994289538, 28.182207707569606], [85.34179210870467, 28.18222325143959], [85.34174427450088, 28.18223879529224], [85.34169644028405, 28.18225433912754], [85.3416491682128, 28.182270594316225], [85.34161632350876, 28.182305106294226], [85.34158347878345, 28.182339618263285], [85.34154998672066, 28.182373192119364], [85.34150034767698, 28.182383365443407], [85.34145070862482, 28.182393538749025], [85.34140106956416, 28.18240371203622], [85.34135143049502, 28.182413885304985], [85.34130179141741, 28.182424058555338], [85.34125215233131, 28.182434231787266], [85.34120251323672, 28.18244440500078], [85.34115287413367, 28.182454578195863], [85.34110323502212, 28.18246475137253], [85.3410535959021, 28.182474924530766], [85.34100285203532, 28.182478576047547], [85.340952029598, 28.18248176373143], [85.34090120715865, 28.182484951396308], [85.3408506101225, 28.18249002909987], [85.34080015822626, 28.18249632384212], [85.34075214350011, 28.182509450630647], [85.34070677391016, 28.18252999247786], [85.34066140430343, 28.182550534309218], [85.34061706034753, 28.182572521572702], [85.3405765052542, 28.18259984839923], [85.34053106756673, 28.18261097206923], [85.34048448222228, 28.182595996517623], [85.34044237649557, 28.182570577571482], [85.34040027078919, 28.18254515861314], [85.34035816510308, 28.182519739642593], [85.34031605943728, 28.182494320659842], [85.3402739537918, 28.18246890166489], [85.3402318481666, 28.182443482657746], [85.3401897425617, 28.182418063638384], [85.34014763697711, 28.18239264460683], [85.34010553141282, 28.182367225563073], [85.34007017949813, 28.18233524097196], [85.34003772193407, 28.182300442652657], [85.34000526439084, 28.182265644326378], [85.33997280686846, 28.18223084599312], [85.3399403493669, 28.182196047652898], [85.33989440174378, 28.182177534175988], [85.33984720567832, 28.182160527782774], [85.33980000962853, 28.18214352137388], [85.33975237753178, 28.182128114104447], [85.3397016248218, 28.18212415095326], [85.33965087211655, 28.18212018778342], [85.33960011941606, 28.182116224594896], [85.33954936672033, 28.182112261387704], [85.33949895592689, 28.18211846394333], [85.33944855964197, 28.182125098017725], [85.3393981633518, 28.182131732073273], [85.3393477670564, 28.182138366109992], [85.33929737075573, 28.182145000127882], [85.33924697444985, 28.18215163412694], [85.33921118473167, 28.182179691624384], [85.33918111089201, 28.18221613262948], [85.33915840870566, 28.182254482197738], [85.33916160750927, 28.182299537687058], [85.3392001537046, 28.18231655165803], [85.33925034114826, 28.182324330473907], [85.33929986681542, 28.182334718125436], [85.33934898386953, 28.182346716616877], [85.33939810093551, 28.18235871509114], [85.33944721801333, 28.18237071354821], [85.33948372714842, 28.182401939936888], [85.33949355428452, 28.18243599401413], [85.33946480026948, 28.182473262075142], [85.33943136885897, 28.182506743578546], [85.33939206941278, 28.18253547464282]]}, "properties": {"highway": "unclassified", "ref": null, "name": null, "length_m": 435, "blocks": true}}, {"type": "Feature", "geometry": {"type": "LineString", "coordinates": [[85.33926585376433, 28.18260886009783], [85.33921807074032, 28.182624527331477], [85.33916997555012, 28.182623793476832], [85.33912259857907, 28.182607517235738], [85.33907737375705, 28.182586726276465], [85.33903214895315, 28.182565935302907], [85.33898692416734, 28.1825451443151], [85.33894025821883, 28.182527042366715], [85.33889349266038, 28.182509126292594], [85.33884672711822, 28.1824912102031], [85.33880553257335, 28.18250514723361], [85.33878089682305, 28.18253903428544], [85.33879022262882, 28.182583416135365], [85.3388122585562, 28.18262220205595], [85.33884654671863, 28.18265559364194], [85.33888083490227, 28.182688985220086], [85.33891512310713, 28.18272237679039], [85.33894298968464, 28.182760031846204], [85.33896952796059, 28.182798568802358], [85.33895084182768, 28.18283131930261], [85.33890621997114, 28.182852021820523], [85.33885948323702, 28.18283780485082], [85.33881288803504, 28.182819552949443], [85.33876707382034, 28.18279980091312], [85.33872125962313, 28.18278004886212], [85.3386754454434, 28.18276029679644], [85.33862603692918, 28.182755886284344], [85.33857513538132, 28.1827578483925], [85.33852423383263, 28.18275981048164], [85.33847333228307, 28.182761772551768], [85.33842286658768, 28.18276630299044], [85.33837356466077, 28.182777691253527], [85.33832426272431, 28.182789079498377], [85.33827503561467, 28.182790084414297], [85.3382259018473, 28.182778139186265], [85.33817676809174, 28.18276619394104], [85.33812763434797, 28.18275424867861], [85.33807969486693, 28.18273926755364], [85.33803282676385, 28.182721562955052], [85.33798595867694, 28.182703858341018], [85.33793909060617, 28.182686153711547], [85.33789222255157, 28.182668449066625], [85.33784535451312, 28.18265074440627], [85.33779848649084, 28.18263303973047], [85.33775161848472, 28.18261533503923], [85.33770475049477, 28.18259763033254]]}, "properties": {"highway": "unclassified", "ref": null, "name": null, "length_m": 230, "blocks": true}}, {"type": "Feature", "geometry": {"type": "LineString", "coordinates": [[85.33723752972507, 28.182417660068563], [85.33719120986119, 28.182398857094732], [85.33714489001419, 28.182380054105867], [85.33709857018407, 28.182361251101952], [85.33705225037085, 28.18234244808299], [85.3370059305745, 28.182323645049003], [85.33695961079503, 28.182304841999965], [85.33691329103247, 28.182286038935885], [85.3368667514016, 28.182267669717618], [85.33682011759814, 28.182249486330957], [85.33677348381117, 28.182231302929036]]}, "properties": {"highway": "unclassified", "ref": null, "name": null, "length_m": 55, "blocks": true}}, {"type": "Feature", "geometry": {"type": "LineString", "coordinates": [[85.33672960743795, 28.182348379011117], [85.33676999386861, 28.182375901040217], [85.33681038032023, 28.182403423058183], [85.33685076679282, 28.182430945064993], [85.33689115328639, 28.18245846706066], [85.33692426224674, 28.182491429465642], [85.33693935472805, 28.18253104815753], [85.33691224072628, 28.18256926909776]]}, "properties": {"highway": "unclassified", "ref": null, "name": null, "length_m": 40, "blocks": true}}, {"type": "Feature", "geometry": {"type": "LineString", "coordinates": [[85.33673574643454, 28.182503435759045], [85.33669697598229, 28.182474145952256]]}, "properties": {"highway": "unclassified", "ref": null, "name": null, "length_m": 10, "blocks": false}}, {"type": "Feature", "geometry": {"type": "LineString", "coordinates": [[85.3374007, 28.1632897], [85.33744208245702, 28.163317457856188], [85.3374834649357, 28.163345215700677], [85.33752484743603, 28.163372973533455], [85.33756622995803, 28.163400731354525], [85.33760761250167, 28.16342848916388], [85.33764899506698, 28.163456246961527], [85.33769037765394, 28.163484004747474], [85.33773176026257, 28.163511762521697], [85.33777314289287, 28.16353952028422], [85.3378145255448, 28.163567278035032], [85.3378559082184, 28.163595035774136], [85.33789715376855, 28.163622953160836], [85.3379383618079, 28.16365091422988], [85.33797956986898, 28.163678875287317], [85.33802077795175, 28.163706836333144], [85.33806198605626, 28.163734797367365], [85.33810319418247, 28.16376275838999], [85.3381444023304, 28.16379071940101], [85.33818561050003, 28.163818680400425], [85.33822681869138, 28.163846641388243], [85.3382743589124, 28.16386480163063], [85.33832242888211, 28.16388214193306], [85.33837028307067, 28.16389994100811], [85.33841803545918, 28.16391795678061], [85.33846600855458, 28.163935506578717], [85.3385136276964, 28.163953751097328], [85.3385602068421, 28.16397403683462], [85.33860678600603, 28.163994322556746], [85.33865404461451, 28.164013309901563], [85.33870160770752, 28.164031715403212], [85.33874914283557, 28.164050170677218], [85.33879437437986, 28.164072724730694], [85.33883960594368, 28.164095278769963], [85.3388828633147, 28.164120545579888], [85.33892470444295, 28.16414775847963], [85.3389665455927, 28.16417497136738], [85.33900838676396, 28.164202184243134], [85.33905022795672, 28.164229397106904], [85.33908583881808, 28.164262783624064], [85.33912100764414, 28.164296608168048], [85.33915617649225, 28.16433043270377], [85.33919134536241, 28.164364257231245], [85.33922531129397, 28.16439897517995], [85.33925671148722, 28.164435596652698], [85.33928608321031, 28.16447351678562], [85.33931544927891, 28.164511440543897], [85.33934481536787, 28.164549364296548], [85.33937354438257, 28.164587598294204], [85.33939392218363, 28.164629899148405], [85.3394143, 28.1646722]]}, "properties": {"highway": "residential", "ref": null, "name": null, "length_m": 255, "blocks": true}}, {"type": "Feature", "geometry": {"type": "LineString", "coordinates": [[85.34319581193225, 28.162926752100702], [85.34315703573857, 28.162956178733864], [85.34311825952382, 28.16298560535501], [85.34307714257447, 28.163010564488562], [85.34302675478472, 28.163017829343367], [85.3429763669891, 28.16302509417933], [85.34292597918768, 28.163032358996446], [85.34287559138042, 28.16303962379472], [85.34282506856219, 28.16304605039826], [85.34277439960329, 28.163051569700976], [85.34272373064017, 28.163057088984704], [85.34267306167287, 28.16306260824945], [85.34262239270136, 28.16306812749523], [85.34257172372564, 28.163073646722026], [85.34252320047996, 28.16308694339494], [85.34247537425011, 28.1631027665101], [85.342427548007, 28.163118589607915], [85.34237848337597, 28.16312726991791], [85.34232750310568, 28.16312490108181], [85.34227652283866, 28.16312253222683], [85.34222586720594, 28.163124427668304], [85.34217570796463, 28.16313284368079], [85.34212554871641, 28.163141259674553], [85.34207538946131, 28.16314967564959], [85.3420252301993, 28.163158091605897], [85.34197653120852, 28.16317042116372], [85.34193059872499, 28.1631901651211], [85.34188466622523, 28.163209909062303], [85.34183873370922, 28.16322965298732], [85.34180737932043, 28.163264935078317], [85.3417770923158, 28.16330135485969], [85.341747513723, 28.16333781993995], [85.34177158646229, 28.163377716198195], [85.34180910458305, 28.16340623534813], [85.34185296235081, 28.163429390064074], [85.34190210750936, 28.163425748972028], [85.34195222924484, 28.163417158655825], [85.34200235097327, 28.163408568320925], [85.34205087613886, 28.16339456520174], [85.34209932977181, 28.163380319589866], [85.34214778339276, 28.163366073960255], [85.34219795145626, 28.16335908132233], [85.34224878281249, 28.16335489474686], [85.34229965012373, 28.163351211940533], [85.34235067159007, 28.163349688921095], [85.34240169305596, 28.163348165882567], [85.34245097306103, 28.163358595855133], [85.34249446244407, 28.163376823833282], [85.34251352361794, 28.16341879393893], [85.34251380229004, 28.163460759435765], [85.34249006432778, 28.16349966010198], [85.34245026173656, 28.163527990190996], [85.34240976060148, 28.16355524339637], [85.34236210594536, 28.16357146845918], [85.34231445127561, 28.163587693504745], [85.34226679659224, 28.163603918533063], [85.34221880502811, 28.16361918157791], [85.34216915812692, 28.163629717613524], [85.34211951121694, 28.1636402536307], [85.34206986429811, 28.163650789629447], [85.34202021737049, 28.163661325609763], [85.34197059126991, 28.163671936873325], [85.34192107644374, 28.163682950301563], [85.34187156160833, 28.16369396371145], [85.34182204676368, 28.16370497710297], [85.34177134739375, 28.163709594925777], [85.34172062782443, 28.163712153178242], [85.34167301045312, 28.16369584225988], [85.34162670559047, 28.163676976521774], [85.34158155783363, 28.163655858465763], [85.3415364100951, 28.163634740395565], [85.34148736963883, 28.163630620683435], [85.34143650423142, 28.163634469952278], [85.34140158074658, 28.163665162077788], [85.34139040225234, 28.163707706387314], [85.34141898546073, 28.163739705929572], [85.34146367340861, 28.163760637074624], [85.34150816206964, 28.16378048113289], [85.34153937864512, 28.163816279243864], [85.34154412498087, 28.163860658992192], [85.34154288089583, 28.16390496111515], [85.3415135359181, 28.16394198174809], [85.34148174642274, 28.163976825906936], [85.34143983654623, 28.16400265935474], [85.3413979266499, 28.164028492788766], [85.34135348375821, 28.164049123003185], [85.34130352143934, 28.164058415288974], [85.34125355911279, 28.164067707556143], [85.34120334017393, 28.16407388830607], [85.34115238424491, 28.16407113255666], [85.3411014283195, 28.164068376788393], [85.34105047239775, 28.164065621001264], [85.34099951647963, 28.164062865195273], [85.34094856056514, 28.164060109370425], [85.34089760465427, 28.164057353526726], [85.34084664874706, 28.164054597664162], [85.3407956833922, 28.16405198422866], [85.34074471419092, 28.164049428798684], [85.34069374499308, 28.164046873349832], [85.34064277579867, 28.164044317882105], [85.34059180660773, 28.164041762395517], [85.34054083742022, 28.16403920689003], [85.34049275010103, 28.164024031801755], [85.34044467058715, 28.164008822581003], [85.34039681337988, 28.163993088170155], [85.34034930822766, 28.16397652203553], [85.34030113546682, 28.16396596044646], [85.34025089550249, 28.16397399113197], [85.34020240118336, 28.16398758234058], [85.3401547, 28.1640037]]}, "properties": {"highway": "unclassified", "ref": null, "name": null, "length_m": 548, "blocks": true}}, {"type": "Feature", "geometry": {"type": "LineString", "coordinates": [[85.34596553001748, 28.16137404432861], [85.34600513305693, 28.161345549419703], [85.34604969779811, 28.16133106805755], [85.34610057050362, 28.161334402481415], [85.3461514432133, 28.161337736886512], [85.34619392503082, 28.16134824014375], [85.3461958221557, 28.16139341745235], [85.34619771928116, 28.161438594760703], [85.34619679972587, 28.16148240290248], [85.34615279246978, 28.161505266452888], [85.34611013128645, 28.161529386946462], [85.34608207040573, 28.161567140975837], [85.34605400950488, 28.161604894998426], [85.3460281499591, 28.16164366389778], [85.34600937616074, 28.161685699489574], [85.34599060234694, 28.16172773507793], [85.34597182851775, 28.161769770662843], [85.3459530546731, 28.16181180624431], [85.34593897729891, 28.16185518036313], [85.34592658377208, 28.161899034394896], [85.34591419023424, 28.161942888424846], [85.34589530528436, 28.16198456993012], [85.34587189596581, 28.16202473723432], [85.34584848662917, 28.162064904533555], [85.3458270692054, 28.162105618136746], [85.34582078599942, 28.162150482465805], [85.3458145027872, 28.162195346794075], [85.34579563539985, 28.16223434372043], [85.34575747500385, 28.16226434523126], [85.34571931458666, 28.16229434673042], [85.3456811541483, 28.162324348217922], [85.34564299368876, 28.162354349693754], [85.34560483320804, 28.16238435115793], [85.34556667270617, 28.162414352610426], [85.34552851218311, 28.162444354051257], [85.34549035163886, 28.162474355480423], [85.34545219107345, 28.162504356897937], [85.34541403048686, 28.162534358303773], [85.3453758698791, 28.16256435969795], [85.34533770925017, 28.16259436108046], [85.34529926143172, 28.162623974119292], [85.34525299173987, 28.162643009805933], [85.3452067220323, 28.16266204547621], [85.34516045230903, 28.16268108113009], [85.34511418257003, 28.162700116767578], [85.3450679128153, 28.162719152388696], [85.34502159648429, 28.162737985223732], [85.34497061213793, 28.16273648901801], [85.34491962779403, 28.16273499279335], [85.34486864345257, 28.162733496549766], [85.34481765911355, 28.162732000287246], [85.34476667477696, 28.162730504005808], [85.34471569044284, 28.162729007705426], [85.34466470611115, 28.162727511386127], [85.3446137217819, 28.16272601504789], [85.34456273745508, 28.162724518690734], [85.34451243820672, 28.162724676632642], [85.34447464989111, 28.162755045919276], [85.34443686155424, 28.162785415194445], [85.34439907319614, 28.16281578445815], [85.34436128481678, 28.1628461537104], [85.34432349641617, 28.162876522951176], [85.3442857079943, 28.162906892180494], [85.34424791955121, 28.162937261398334], [85.34421013108684, 28.162967630604722], [85.34417234260124, 28.162997999799636], [85.34413455409438, 28.163028368983095], [85.34409676556629, 28.163058738155076], [85.34405394715998, 28.163083230828168], [85.34401076237064, 28.16310729545603], [85.34396757756241, 28.163131360069354], [85.34392439273527, 28.16315542466816], [85.34388120788927, 28.163179489252446], [85.34383802302438, 28.163203553822203], [85.3437948381406, 28.163227618377437], [85.34375165323793, 28.163251682918144], [85.34370846831636, 28.16327574744433], [85.34369228239244, 28.163318084836593], [85.34367862151224, 28.16336149214786], [85.3436789, 28.163406699999992]]}, "properties": {"highway": "path", "ref": null, "name": null, "length_m": 396, "blocks": true}}, {"type": "Feature", "geometry": {"type": "LineString", "coordinates": [[85.3681533954132, 28.151226133605086], [85.36810245127343, 28.15122657454622], [85.36805150713424, 28.151227015468397], [85.36800056299565, 28.151227456371593], [85.36794961885764, 28.151227897255822], [85.36789867472022, 28.15122833812108], [85.3678477305834, 28.15122877896737], [85.36779712790596, 28.151233909922226], [85.36774654233203, 28.15123927583883], [85.36769595675405, 28.15124464173654]]}, "properties": {"highway": "unclassified", "ref": null, "name": null, "length_m": 50, "blocks": true}}, {"type": "Feature", "geometry": {"type": "LineString", "coordinates": [[85.3660562568888, 28.15091930587579], [85.36600625534243, 28.150927961960406], [85.36595625378894, 28.15093661802642], [85.36590625222834, 28.150945274073823], [85.36585625066063, 28.150953930102624], [85.36580624908582, 28.150962586112815], [85.36575624750388, 28.150971242104408], [85.36570624591484, 28.150979898077388]]}, "properties": {"highway": "unclassified", "ref": null, "name": null, "length_m": 40, "blocks": true}}, {"type": "Feature", "geometry": {"type": "LineString", "coordinates": [[85.36511613899889, 28.151281828162436], [85.36508049168346, 28.151314088652803], [85.36504484434661, 28.151346349132847], [85.36500919698837, 28.15137860960257], [85.36497354960873, 28.151410870061962]]}, "properties": {"highway": "unclassified", "ref": null, "name": null, "length_m": 25, "blocks": true}}, {"type": "Feature", "geometry": {"type": "LineString", "coordinates": [[85.36461707463508, 28.1517334740883], [85.36458142702, 28.151765734434157], [85.36454577938352, 28.151797994769705], [85.36451013172562, 28.15183025509492], [85.36447448404633, 28.15186251540982], [85.36443883634563, 28.151894775714403], [85.36439064944682, 28.151890790414594], [85.36434072599107, 28.151881785405234], [85.36429080254459, 28.151872780378003], [85.36424087910741, 28.151863775332924], [85.36419095567953, 28.151854770269974], [85.36414103226093, 28.151845765189158]]}, "properties": {"highway": "unclassified", "ref": null, "name": null, "length_m": 60, "blocks": true}}, {"type": "Feature", "geometry": {"type": "LineString", "coordinates": [[85.3620756991396, 28.15158287917852], [85.36202497930167, 28.151578623380065], [85.36197425946874, 28.151574367562983], [85.36192353964081, 28.151570111727267], [85.3618728198179, 28.15156585587294], [85.3618221, 28.151561599999997]]}, "properties": {"highway": "unclassified", "ref": null, "name": null, "length_m": 30, "blocks": true}}, {"type": "Feature", "geometry": {"type": "LineString", "coordinates": [[85.3438355, 28.182505000000003], [85.34384809834461, 28.182460905923275], [85.34386069667795, 28.182416811844682], [85.34387329500004, 28.182372717764217], [85.34388589331087, 28.182328623681872], [85.34389849161045, 28.18228452959767], [85.34391108989878, 28.182240435511588], [85.34392368817585, 28.182196341423648], [85.3439367121666, 28.182152345192957], [85.34394989425896, 28.182108385304936], [85.34396307633962, 28.182064425414918], [85.34397625840859, 28.1820204655229], [85.34398944046586, 28.181976505628896], [85.34400262251147, 28.181932545732884], [85.34401580454536, 28.18188858583488]]}, "properties": {"highway": "track", "ref": null, "name": null, "length_m": 74, "blocks": true}}, {"type": "Feature", "geometry": {"type": "LineString", "coordinates": [[85.33798389334207, 28.164565127590674], [85.33803174113008, 28.164549129464287], [85.33807994100614, 28.16453444902001], [85.33813054762106, 28.164537348125712], [85.33818100364083, 28.164544735306592], [85.33823145966849, 28.16455212246916], [85.33828191570407, 28.164559509613415], [85.33833237174757, 28.16456689673936], [85.3383830738462, 28.164568212701393], [85.33843399788071, 28.164564052430055], [85.3384849219123, 28.1645598921396], [85.33853584594095, 28.164555731830035], [85.3385869062294, 28.164555705899787], [85.33863801744467, 28.164557225088075], [85.3386891286624, 28.164558744257345], [85.33874023988261, 28.164560263407594], [85.33879091371685, 28.164554919628294], [85.33884150686104, 28.164548309823626], [85.33889210000001, 28.1645417]]}, "properties": {"highway": "path", "ref": null, "name": null, "length_m": 92, "blocks": true}}, {"type": "Feature", "geometry": {"type": "LineString", "coordinates": [[85.34103512528861, 28.166159134693682], [85.3410267, 28.1662047]]}, "properties": {"highway": "residential", "ref": null, "name": null, "length_m": 10, "blocks": false}}, {"type": "Feature", "geometry": {"type": "LineString", "coordinates": [[85.3424939348695, 28.183180149464377], [85.34253673186481, 28.18317120801993], [85.34258763244667, 28.18317423477038], [85.34263615169111, 28.183184462676486], [85.34268084681982, 28.18320625473339], [85.34272554196721, 28.18322804677639], [85.34277023713327, 28.183249838805494], [85.34281407284864, 28.183272896566223], [85.342856739028, 28.183297676725385], [85.34289940522744, 28.183322456872006], [85.34294207144698, 28.183347237006053], [85.34298673796445, 28.183362657159446], [85.34303667517482, 28.183353413975034], [85.34304956721434, 28.183322905881607], [85.34303867616987, 28.183278745670243], [85.34301793217749, 28.18323777439057], [85.34299413549087, 28.18319779112451], [85.34296691739438, 28.183160039659867], [85.34293089790093, 28.183128029373677], [85.34289487842894, 28.183096019078757], [85.3428588589784, 28.18306400877513], [85.34282283954934, 28.18303199846278], [85.3427846839428, 28.183002121645526], [85.34274452326486, 28.182974247380656], [85.34270436260799, 28.182946373104766], [85.34266420197223, 28.182918498817866], [85.34262969412627, 28.182886811634834], [85.34261006214442, 28.182845090443582], [85.34259043017708, 28.182803369249925], [85.34257079822427, 28.182761648053848], [85.3425532224092, 28.182719267248004], [85.34253815998527, 28.18267608014479], [85.34252310218041, 28.182632892976283], [85.34253663209095, 28.18258930940697], [85.34254923222669, 28.182545530466946], [85.34255788149503, 28.182501221527584], [85.34254648759033, 28.18245716106451], [85.34252387521751, 28.18241907277179], [85.34248532158077, 28.1823894708345], [85.34244676796544, 28.182359868887115], [85.342404675856, 28.18233639994735], [85.34235501804471, 28.182326044025523], [85.34230536024393, 28.18231568808606], [85.34225570245364, 28.182305332128976], [85.34220604467383, 28.18229497615426], [85.34215680420327, 28.18228316053133], [85.34210757096548, 28.18227131963332], [85.34205833773945, 28.182259478718038], [85.34202101868254, 28.182238067290438], [85.3420141774669, 28.182194164410518], [85.3420578703295, 28.18217083170613], [85.3421015631736, 28.18214749898691], [85.3421488834028, 28.18213241827077], [85.34219887656457, 28.18212341824104], [85.34224886971892, 28.182114418192675], [85.34229886286585, 28.182105418125683], [85.34234885600533, 28.18209641804005], [85.34239934845981, 28.182101178193065], [85.34244989084253, 28.18210731407501], [85.3425003225497, 28.18211407638955], [85.34255056310272, 28.182121920643436], [85.34259779350175, 28.182135030587393], [85.34263465503243, 28.182166278916696], [85.3426715165846, 28.18219752723684], [85.34270837815825, 28.182228775547827], [85.34274523975338, 28.18226002384966], [85.34278210137003, 28.182291272142322], [85.34281966249654, 28.18232169667802], [85.3428637608193, 28.182344422740407], [85.34290785916123, 28.1823671487893], [85.34295195752233, 28.182389874824704], [85.3429960559026, 28.182412600846604], [85.34304166397288, 28.182430897683766], [85.3430925874813, 28.182433599752077], [85.3431427282999, 28.182431171800328], [85.34319101415609, 28.18241658590897], [85.3432393, 28.182401999999996]]}, "properties": {"highway": "path", "ref": null, "name": null, "length_m": 385, "blocks": true}}, {"type": "Feature", "geometry": {"type": "LineString", "coordinates": [[85.3142385, 28.1807646], [85.31428693260811, 28.180778619845892], [85.31433536522968, 28.180792639675154], [85.31438379786475, 28.180806659487793], [85.3144322305133, 28.180820679283805], [85.31448066317533, 28.18083469906319], [85.31452909585084, 28.18084871882595], [85.31457752853984, 28.180862738572085], [85.31462596124231, 28.18087675830159], [85.31467439395827, 28.180890778014476], [85.3147228266877, 28.180904797710728], [85.31477125943063, 28.180918817390353], [85.31482082968107, 28.180926301762902], [85.31487177895477, 28.18092586318308], [85.31492272822909, 28.18092542458426], [85.3149731578188, 28.180919854477406], [85.31502338122787, 28.18091224852896], [85.31507141927828, 28.180900142109813], [85.31511218473213, 28.18087305873039], [85.31515295016571, 28.180845975337835], [85.31519371557903, 28.180818891932137], [85.31523448097208, 28.180791808513312], [85.31527988211575, 28.18077138717306], [85.3153254997611, 28.180751276976448], [85.31537111739001, 28.180731166763824], [85.31541673500247, 28.180711056535216], [85.31546652388455, 28.180702364169058], [85.31551678792013, 28.180694972418827], [85.31556705194976, 28.18068758064983], [85.31561731597345, 28.180680188862077], [85.31566701312576, 28.180675620533428], [85.31571131627514, 28.180697919002906], [85.31575561944345, 28.18072021745875], [85.31579992263069, 28.18074251590098], [85.31584424355712, 28.180764783960548], [85.3158903903626, 28.180783922840785], [85.3159365371852, 28.18080306170611], [85.31598393883566, 28.180806698980998], [85.31603269590835, 28.180793591691543], [85.31608145297001, 28.18078048438417], [85.31613021002065, 28.180767377058892], [85.31617896706024, 28.1807542697157], [85.3162277240888, 28.180741162354597], [85.31627841777343, 28.180744991901623], [85.31632915101855, 28.180749167360347], [85.31637988426861, 28.180753342800422], [85.31643061752368, 28.180757518221853], [85.31648135078369, 28.180761693624643], [85.31653208404866, 28.180765869008788], [85.3165828173186, 28.18077004437428], [85.31663330321523, 28.180775744241583], [85.31668330896852, 28.18078440312136], [85.31673331473085, 28.180793061983202], [85.31678332050221, 28.180801720827095], [85.31683332628258, 28.180810379653057], [85.31688333207198, 28.18081903846108], [85.31693333787041, 28.18082769725116], [85.31698319846316, 28.18083685775726], [85.31703173542047, 28.1808505916028], [85.31708027239102, 28.180864325431617], [85.31712875825697, 28.180878135146063], [85.31716544518463, 28.1809094645174], [85.31720213213372, 28.18094079387968], [85.31723881910425, 28.18097212323291], [85.31727550609621, 28.18100345257709], [85.31731219310961, 28.18103478191222], [85.31734888014445, 28.181066111238284], [85.31738556164832, 28.181097445626456], [85.31742201383119, 28.18112898947018], [85.31745846603548, 28.181160533304976], [85.31749491826122, 28.181192077130838], [85.31753137050836, 28.18122362094778], [85.31756782277695, 28.18125516475579], [85.31760427506697, 28.18128670855486], [85.31764072737842, 28.181318252345005], [85.3176771797113, 28.18134979612623], [85.31764640475248, 28.181375935835238], [85.31760414101751, 28.18140115200741], [85.31755775800461, 28.181403967430157], [85.31750864623842, 28.18139194370768], [85.31745953448413, 28.18137991996803], [85.3174104227417, 28.1813678962112], [85.31736113147, 28.181371327823232], [85.31731175081478, 28.181382453287956], [85.31729771023126, 28.181406941152737], [85.31732281220494, 28.18144622917621]]}, "properties": {"highway": "path", "ref": null, "name": null, "length_m": 429, "blocks": true}}, {"type": "Feature", "geometry": {"type": "LineString", "coordinates": [[85.3191177244835, 28.1817561060096], [85.31916574252793, 28.18174100665761], [85.31921376055965, 28.18172590728815], [85.31926177857866, 28.18171080790123], [85.319309796585, 28.181695708496843], [85.31935576288696, 28.18167637813802], [85.3194011755698, 28.181655906139955], [85.31944658823592, 28.18163543412603], [85.31949200088536, 28.181614962096205], [85.3195374135181, 28.18159449005053], [85.31958282613415, 28.18157401798897], [85.31962825180068, 28.181553568719405], [85.31967370519946, 28.181533167867823], [85.3197191585816, 28.18151276700034], [85.31976612677539, 28.181496520772342], [85.31981645926219, 28.18148950165643], [85.3198667917434, 28.181482482521723], [85.31991712421902, 28.181475463368198], [85.31996745668904, 28.18146844419588], [85.32001778915348, 28.18146142500476], [85.32006812161234, 28.181454405794824], [85.3201184540656, 28.18144738656609], [85.32016878651326, 28.181440367318555]]}, "properties": {"highway": "path", "ref": null, "name": null, "length_m": 115, "blocks": true}}, {"type": "Feature", "geometry": {"type": "LineString", "coordinates": [[85.32060466858, 28.181336583489816], [85.32065537738784, 28.18133217782247], [85.32070608619253, 28.181327772136157], [85.32075679499408, 28.18132336643086], [85.3208075037925, 28.1813189607066], [85.32085821258777, 28.18131455496336], [85.32090892137988, 28.181310149201153], [85.32095963016887, 28.181305743419966]]}, "properties": {"highway": "path", "ref": null, "name": null, "length_m": 40, "blocks": true}}, {"type": "Feature", "geometry": {"type": "LineString", "coordinates": [[85.32181450130088, 28.181201379730425], [85.32186533745767, 28.181204421760437], [85.32191617361836, 28.18120746377168], [85.32196660421614, 28.181211994012425], [85.3220134054916, 28.181229842259985], [85.32206020678333, 28.181247690492167]]}, "properties": {"highway": "path", "ref": null, "name": null, "length_m": 30, "blocks": true}}, {"type": "Feature", "geometry": {"type": "LineString", "coordinates": [[85.34166322692793, 28.16955345975843], [85.34171413163054, 28.169555747056748], [85.34176503633633, 28.16955803433623], [85.34181483354355, 28.169549963391365], [85.3418643476281, 28.169539244520006], [85.34191386170369, 28.169528525630298], [85.34196357253572, 28.169518559849855], [85.34201336435446, 28.169508904062038], [85.34206365580425, 28.16950496788216], [85.34211460000002, 28.169506199999997]]}, "properties": {"highway": "path", "ref": null, "name": null, "length_m": 49, "blocks": true}}, {"type": "Feature", "geometry": {"type": "LineString", "coordinates": [[85.3437759, 28.163593899999995], [85.34382097581776, 28.16362619094855], [85.34385288092768, 28.163667558392948], [85.34387709045376, 28.163714229198316], [85.3439013, 28.1637609]]}, "properties": {"highway": "path", "ref": null, "name": null, "length_m": 23, "blocks": true}}, {"type": "Feature", "geometry": {"type": "LineString", "coordinates": [[85.3438407, 28.1822114], [85.3439271, 28.182184399999993]]}, "properties": {"highway": "path", "ref": null, "name": null, "length_m": 9, "blocks": false}}, {"type": "Feature", "geometry": {"type": "LineString", "coordinates": [[85.3432393, 28.182401999999996], [85.34328941674342, 28.18238611677127], [85.3433395334729, 28.182370233523525], [85.34338965018841, 28.18235435025676], [85.34343976688997, 28.182338466970975], [85.34348988357758, 28.182322583666167], [85.34354000025122, 28.182306700342345], [85.34359011691092, 28.182290816999505], [85.34364023355664, 28.182274933637647], [85.34369035018841, 28.18225905025676], [85.34374046680624, 28.182243166856853], [85.3437905834101, 28.18222728343794], [85.3438407, 28.1822114]]}, "properties": {"highway": "path", "ref": null, "name": null, "length_m": 63, "blocks": true}}, {"type": "Feature", "geometry": {"type": "LineString", "coordinates": [[85.3155342807834, 28.146728768630172], [85.31557791054429, 28.146752815428847], [85.31562154032517, 28.146776862214374], [85.31566517012601, 28.14680090898677], [85.31570879994683, 28.14682495574602], [85.31575242978762, 28.14684900249213], [85.31579605964838, 28.1468730492251], [85.31583968952911, 28.146897095944933], [85.31588331942983, 28.146921142651628], [85.31592694935051, 28.146945189345168], [85.31597214968602, 28.14696657832385], [85.31601929703314, 28.146984672237643], [85.31606644439684, 28.147002766135852], [85.31611359177712, 28.14702086001846], [85.316160739174, 28.147038953885463], [85.31620788658743, 28.147057047736883], [85.31625503401747, 28.14707514157271], [85.3163021814641, 28.147093235392937], [85.31634932892729, 28.147111329197575], [85.31639647640708, 28.147129422986612], [85.31644561603036, 28.147142389659233], [85.31649533510955, 28.147153865010516], [85.31654505420026, 28.147165340344188], [85.3165947733025, 28.14717681566024], [85.3166448930034, 28.14718572819412], [85.31669625917475, 28.14718666642399], [85.31674762534806, 28.147187604634645], [85.31679899152331, 28.147188542826065], [85.31685035770052, 28.14718948099825], [85.31689960930072, 28.14719456348152], [85.31693432622146, 28.14722813226894], [85.31696904316375, 28.14726170104833], [85.31700376012763, 28.147295269819697], [85.31703847711309, 28.147328838583036], [85.31707654591966, 28.14735867905686], [85.3171212136289, 28.14738117943429], [85.31716588135733, 28.14740367979788], [85.317210549105, 28.14742618014764], [85.31725576516119, 28.147447584065866], [85.31730457210143, 28.147461807286422], [85.31735337905545, 28.147476030490115], [85.31740218602319, 28.147490253676946], [85.31745099300473, 28.147504476846905], [85.3174998, 28.1475187]]}, "properties": {"highway": "path", "ref": null, "name": null, "length_m": 218, "blocks": true}}, {"type": "Feature", "geometry": {"type": "LineString", "coordinates": [[85.3439013, 28.1637609], [85.34386298712201, 28.163790818256583], [85.34382467422284, 28.16382073650142], [85.34378636130246, 28.16385065473451], [85.3437480483609, 28.163880572955836], [85.34370973539812, 28.163910491165414], [85.34367142241418, 28.16394040936324], [85.34363310940901, 28.16397032754931], [85.34359479638267, 28.164000245723642], [85.34355648333513, 28.164030163886206], [85.3435181702664, 28.164060082037025], [85.34347985717648, 28.164090000176095], [85.34344154406534, 28.164119918303406], [85.34340323093302, 28.164149836418957], [85.3433649177795, 28.16417975452277], [85.34332660460478, 28.16420967261482], [85.34328829140888, 28.164239590695114], [85.34325086547112, 28.164270362673854], [85.34321406836952, 28.164301739848675], [85.34317727124646, 28.164333117012553], [85.34314047410196, 28.164364494165497], [85.34310367693602, 28.164395871307494], [85.34306687974865, 28.164427248438557], [85.34303008253984, 28.164458625558673], [85.34299328530959, 28.164490002667858], [85.34295143341897, 28.164514161209215], [85.34290337176844, 28.164529451565276], [85.34286568199944, 28.16454942095459], [85.34288001046293, 28.164592857210494], [85.34289433893713, 28.16463629346512], [85.34290866742204, 28.164679729718475], [85.34292299591766, 28.164723165970564], [85.34293732442399, 28.16476660222137], [85.34295165294103, 28.164810038470904], [85.34290728809175, 28.16482861153878], [85.34290388234058, 28.164870643283116], [85.34292934937868, 28.16490301190959], [85.34294783454864, 28.164940622869743], [85.34295429309145, 28.16498551373122], [85.3429614388851, 28.165030303125395], [85.34297175161144, 28.165074624945234], [85.34298206434536, 28.16511894676438], [85.34297630356107, 28.165163904303075], [85.34297048700651, 28.165208864046548], [85.34296467044605, 28.16525382378929], [85.34295885387975, 28.1652987835313], [85.34297450031528, 28.165341821498068], [85.34299034743643, 28.165384841495168], [85.34298469810348, 28.165428501403763], [85.34298510924967, 28.16547136076412], [85.34300607460773, 28.16551262511819], [85.34302703998122, 28.165553889469496], [85.34304800537011, 28.16559515381804], [85.34306897077442, 28.16563641816381], [85.34308993619415, 28.165677682506814]]}, "properties": {"highway": "path", "ref": null, "name": null, "length_m": 272, "blocks": true}}, {"type": "Feature", "geometry": {"type": "LineString", "coordinates": [[85.34313150184504, 28.165808262628918], [85.34314494268843, 28.165851921187905]]}, "properties": {"highway": "path", "ref": null, "name": null, "length_m": 10, "blocks": false}}, {"type": "Feature", "geometry": {"type": "LineString", "coordinates": [[85.3431824140014, 28.16602643634563], [85.3431514432155, 28.166058484808048], [85.3431081695625, 28.166071531062617], [85.34306663095366, 28.166045208853536], [85.34305028816911, 28.166004190374018], [85.34303943474542, 28.165959970052718], [85.34302858132972, 28.16591574973067], [85.34301772792202, 28.165871529407855], [85.3430068745223, 28.165827309084296], [85.34299833680097, 28.165782775318085], [85.3429938, 28.165737700000005]]}, "properties": {"highway": "path", "ref": null, "name": null, "length_m": 54, "blocks": true}}, {"type": "Feature", "geometry": {"type": "LineString", "coordinates": [[85.3572183, 28.153513899999997], [85.35722374218709, 28.153559251563117], [85.35719734410486, 28.15359388065997]]}, "properties": {"highway": "path", "ref": null, "name": null, "length_m": 15, "blocks": false}}, {"type": "Feature", "geometry": {"type": "LineString", "coordinates": [[85.35693686797222, 28.15373560401199], [85.35689038788449, 28.153755173416], [85.35684390778047, 28.153774742803463], [85.35679742766023, 28.153794312174387], [85.3567509475237, 28.153813881528766], [85.35670446737092, 28.1538334508666], [85.35665798720188, 28.15385302018789], [85.35661150701658, 28.153872589492636], [85.35656502681502, 28.153892158780838], [85.3565185465972, 28.153911728052496], [85.35647206636311, 28.15393129730761], [85.35642558611279, 28.153950866546182], [85.35637910584619, 28.153970435768205], [85.35633245395178, 28.153989449682143], [85.3562812099349, 28.153993604663352], [85.35622996591509, 28.15399775962521], [85.35617872189233, 28.15400191456772], [85.35612747786664, 28.154006069490883], [85.35607623383801, 28.154010224394696], [85.35602498980644, 28.154014379279158], [85.35597374577192, 28.154018534144274], [85.35592334466146, 28.154027309533348], [85.35587323439421, 28.154037679217907], [85.35582312411822, 28.154048048883702], [85.35577301383348, 28.15405841853073], [85.35572290354004, 28.154068788158998], [85.35567279323784, 28.154079157768503], [85.35562268292693, 28.154089527359254], [85.35557416066578, 28.154104560806587], [85.35552594381524, 28.154120491217075], [85.35547772695118, 28.154136421609948], [85.35542951007362, 28.154152351985196], [85.35538129318256, 28.154168282342837], [85.35533307627801, 28.154184212682853], [85.35528485935995, 28.154200143005262], [85.3552366424284, 28.154216073310046], [85.35518842548335, 28.15423200359722], [85.35514020852479, 28.154247933866767], [85.35509199155274, 28.1542638641187], [85.35504434173957, 28.154281069449237], [85.354996830925, 28.154298587286995], [85.35494932009568, 28.15431610510758], [85.35490180925163, 28.154333622910976], [85.35485429839282, 28.15435114069719], [85.35480678751927, 28.154368658466232], [85.35475927663097, 28.154386176218093], [85.35471176572793, 28.154403693952766], [85.35466425481015, 28.154421211670254], [85.3546167438776, 28.154438729370565], [85.35456923293032, 28.15445624705369], [85.3545217219683, 28.154473764719647], [85.35447421099153, 28.154491282368415], [85.3544267, 28.15450879999999]]}, "properties": {"highway": "path", "ref": null, "name": null, "length_m": 263, "blocks": true}}, {"type": "Feature", "geometry": {"type": "LineString", "coordinates": [[85.3424306, 28.164524999999998], [85.34247012290788, 28.164559716421874], [85.34250964584132, 28.164594432833255], [85.34254916880028, 28.164629149234134], [85.34258869178478, 28.164663865624515], [85.34263284453611, 28.16467511508236], [85.3426833148087, 28.16465434266555], [85.34273378506255, 28.164633570229245], [85.34278133163683, 28.164608918445644], [85.34282231583109, 28.164575559229576], [85.3428633, 28.164542199999993]]}, "properties": {"highway": "path", "ref": null, "name": null, "length_m": 55, "blocks": true}}, {"type": "Feature", "geometry": {"type": "LineString", "coordinates": [[85.3572183, 28.153513899999997], [85.35720279195569, 28.1534688003529], [85.35718728392344, 28.1534237007043], [85.3571717759033, 28.153378601054214], [85.35715626789523, 28.15333350140263], [85.35714034537997, 28.153288657040736], [85.35709806380467, 28.15326004651349], [85.35707288122231, 28.15322131625765], [85.35705926881421, 28.15317573840764], [85.3570456564167, 28.153130160556476], [85.35704140888113, 28.153083577765067], [85.35704235547077, 28.153036437593347], [85.35703027309134, 28.152991893384048]]}, "properties": {"highway": "path", "ref": null, "name": null, "length_m": 64, "blocks": true}}, {"type": "Feature", "geometry": {"type": "LineString", "coordinates": [[85.3618221, 28.151561599999997], [85.36177122413767, 28.151552252822007], [85.36172034828515, 28.15154290562547], [85.36166947244243, 28.151533558410392], [85.36161859660952, 28.15152421117676], [85.36156772078643, 28.151514863924596], [85.36151676363859, 28.151505875235564]]}, "properties": {"highway": "unclassified", "ref": null, "name": null, "length_m": 35, "blocks": true}}, {"type": "Feature", "geometry": {"type": "LineString", "coordinates": [[85.36092426985951, 28.151594636856238], [85.36087582165474, 28.151611273848953], [85.3608273734358, 28.15162791082384], [85.36077892520261, 28.151644547780933]]}, "properties": {"highway": "unclassified", "ref": null, "name": null, "length_m": 20, "blocks": false}}, {"type": "Feature", "geometry": {"type": "LineString", "coordinates": [[85.36019754529627, 28.15184418987677], [85.3601490968784, 28.151860826602324], [85.3601006484463, 28.15187746331007], [85.36005220000001, 28.151894099999996]]}, "properties": {"highway": "unclassified", "ref": null, "name": null, "length_m": 20, "blocks": false}}, {"type": "Feature", "geometry": {"type": "LineString", "coordinates": [[85.36005220000001, 28.151894099999996], [85.36000166711841, 28.151886509245596], [85.35995113424491, 28.151878918472825]]}, "properties": {"highway": "unclassified", "ref": null, "name": null, "length_m": 15, "blocks": false}}, {"type": "Feature", "geometry": {"type": "LineString", "coordinates": [[85.35965342107285, 28.15192733865014], [85.35960343369192, 28.151937373382363], [85.3595534463026, 28.15194740809594], [85.35950345890485, 28.15195744279086], [85.35945347149872, 28.151967477467124], [85.35940348408418, 28.15197751212473], [85.35935328888465, 28.151985900002305]]}, "properties": {"highway": "unclassified", "ref": null, "name": null, "length_m": 35, "blocks": true}}, {"type": "Feature", "geometry": {"type": "LineString", "coordinates": [[85.35783720000002, 28.152996800000007], [85.35779851892387, 28.15302911884039], [85.35775983782455, 28.153061437668722], [85.35772115670204, 28.153093756485006], [85.35768247555635, 28.15312607528924], [85.35764379438747, 28.153158394081416], [85.35760511319543, 28.15319071286155], [85.3575664319802, 28.15322303162963], [85.3575277507418, 28.153255350385653], [85.3574890694802, 28.153287669129625], [85.35745038819543, 28.153319987861554], [85.35741170688748, 28.15335230658143], [85.35737302555634, 28.15338462528924], [85.35733434420203, 28.153416943985007], [85.35729566282454, 28.153449262668726], [85.35725698142386, 28.153481581340387], [85.3572183, 28.153513899999997]]}, "properties": {"highway": "path", "ref": null, "name": null, "length_m": 84, "blocks": true}}, {"type": "Feature", "geometry": {"type": "LineString", "coordinates": [[85.30262328351048, 28.183546919701573], [85.302573066806, 28.183545972825936], [85.3025229974264, 28.183538379744288]]}, "properties": {"highway": "unclassified", "ref": null, "name": null, "length_m": 15, "blocks": false}}, {"type": "Feature", "geometry": {"type": "LineString", "coordinates": [[85.30203068292525, 28.183547197641875], [85.30198327232607, 28.183563889449623], [85.3019358617129, 28.183580581240268], [85.30188513299603, 28.183580459877106], [85.30183414292583, 28.183579014178825]]}, "properties": {"highway": "unclassified", "ref": null, "name": null, "length_m": 25, "blocks": true}}, {"type": "Feature", "geometry": {"type": "LineString", "coordinates": [[85.3030447, 28.1838631], [85.30302879246412, 28.183816407037366], [85.30299901743916, 28.18377708132604], [85.3029520958528, 28.18375128090398], [85.30290517428952, 28.18372548046671], [85.30286737190012, 28.183689958577276], [85.30284523619578, 28.183647514839134]]}, "properties": {"highway": "path", "ref": null, "name": null, "length_m": 34, "blocks": true}}, {"type": "Feature", "geometry": {"type": "LineString", "coordinates": [[85.3022592, 28.183706099999995], [85.3022085877676, 28.183717633326886], [85.30215762448307, 28.183726554763822], [85.30210537086185, 28.183725875667584], [85.3020531172424, 28.183725196551418], [85.30200320488964, 28.183714699164984], [85.30195510735311, 28.183696591266262], [85.30190700983354, 28.183678483351294], [85.30185891233097, 28.183660375420068], [85.30181151821986, 28.183640889797125], [85.30176441328247, 28.183620837799346]]}, "properties": {"highway": "unclassified", "ref": null, "name": null, "length_m": 53, "blocks": true}}, {"type": "Feature", "geometry": {"type": "LineString", "coordinates": [[85.30163163536346, 28.18393351841655], [85.30168366944434, 28.183944385439865], [85.30173570353679, 28.18395525244385], [85.30178773764078, 28.183966119428472], [85.30183973443846, 28.183977125516215], [85.30189172241118, 28.183988164528078], [85.3019437103956, 28.183999203520628], [85.30199569839175, 28.184010242493866], [85.30204730026374, 28.184015177021024], [85.30209757050693, 28.183999059857523], [85.30214784073591, 28.183982942674863], [85.30219970649853, 28.183981221634006], [85.3022525548617, 28.183988366255686], [85.30230540323299, 28.183995510857237], [85.30235825161243, 28.18400265543868], [85.3024111, 28.1840098]]}, "properties": {"highway": "path", "ref": null, "name": null, "length_m": 80, "blocks": true}}, {"type": "Feature", "geometry": {"type": "LineString", "coordinates": [[85.3024111, 28.1840098], [85.30244875445507, 28.184040619865595], [85.30248640893184, 28.184071439721635], [85.3025240634303, 28.184102259568117], [85.30256297402345, 28.18413053774246], [85.30261390496409, 28.184132907848397], [85.30266260096012, 28.18411871860934], [85.30271129694415, 28.18410452935236], [85.30276133526638, 28.184094722920104], [85.30281124864958, 28.184092776795282], [85.30286081081968, 28.18410437491604], [85.30290082955938, 28.184132582630475], [85.30294029343304, 28.184161418292764], [85.30295024581554, 28.18420597434837], [85.30294370171352, 28.184250009338783], [85.30293019386023, 28.184293824367867], [85.30291244787138, 28.184336096613652], [85.30288729001767, 28.184375670759973], [85.30285083888405, 28.184407470153033], [85.30280936913414, 28.184432115160664], [85.30276022599136, 28.18444503799202], [85.30271072956927, 28.184455914659008], [85.30265947367171, 28.184456600371842], [85.30260821777455, 28.184457286065452], [85.30255698394608, 28.184458488449565], [85.30250581615563, 28.184461237055995], [85.30245464836361, 28.184463985643177], [85.30240348057002, 28.184466734211107], [85.30235229672068, 28.18446892057772], [85.30230103752298, 28.18446846838437], [85.30224977832675, 28.184468016171827], [85.30219851913203, 28.184467563940096], [85.30214725993879, 28.18446711168918], [85.30209616433065, 28.18446777794529], [85.30204672829154, 28.184479791756754], [85.30199729224229, 28.184491805549857], [85.30194785618288, 28.1845038193246], [85.30189925001844, 28.184518035569997], [85.30185158388622, 28.18453474658829], [85.30180391773993, 28.184551457589297], [85.3017562515796, 28.184568168573005], [85.301710008225, 28.18458766543125], [85.30166437778988, 28.18460836240655], [85.30161787892428, 28.18462736254668], [85.30157024234258, 28.184644139681573], [85.3015226057468, 28.18466091679921], [85.30147496913689, 28.184677693899562], [85.30142401883023, 28.184682397965133], [85.30137300693809, 28.18468687764397], [85.30132196761087, 28.18469109691255], [85.30127090127372, 28.184695059802802], [85.30121983493385, 28.184699022673826], [85.30116876859124, 28.18470298552562], [85.30111770224593, 28.18470694835819], [85.30106663589788, 28.184710911171532], [85.30101580360385, 28.184715753041765], [85.30096812276561, 28.18473243124306], [85.30092044191335, 28.184749109427052], [85.30087276104706, 28.184765787593747], [85.3008256165942, 28.184783393381885], [85.3007824869595, 28.184807941969154], [85.30073935730556, 28.18483249054188], [85.30069622763233, 28.18485703910008], [85.30065309793981, 28.184881587643737], [85.30060996822803, 28.184906136172863], [85.30056683849699, 28.18493068468745], [85.30052370874667, 28.184955233187505], [85.30048588526832, 28.18498494118698], [85.30045430176126, 28.18502071656412], [85.30042271823291, 28.185056491932887], [85.30039113468327, 28.185092267293253], [85.30035955111232, 28.18512804264525], [85.30033267366319, 28.185165987833717], [85.30031773010813, 28.185209435343577], [85.30030278654013, 28.185252882851014], [85.30028784295914, 28.185296330356035], [85.30027908066656, 28.185339971494145], [85.30029052396932, 28.185384245591514], [85.30029659206214, 28.185428511371956], [85.30028497431086, 28.18547274978899], [85.30027335654907, 28.185516988204334], [85.30026173877675, 28.185561226618013], [85.30025012099392, 28.18560546503002], [85.30023871963675, 28.185649745528377], [85.3002283611046, 28.185694228814224], [85.30021800256289, 28.185738712098633], [85.30020764401162, 28.185783195381607], [85.30019728545079, 28.185827678663152], [85.30018449516456, 28.185871571126054], [85.30016779670005, 28.18591451404655], [85.30015109822135, 28.18595745696417], [85.30013439972846, 28.186000399878917], [85.30011777016485, 28.186043363775823], [85.30010115886782, 28.186086333234176], [85.30008454755668, 28.18612930268968], [85.3000679362314, 28.18617227214233], [85.30005132489198, 28.186215241592127], [85.30002940730846, 28.18625599223713], [85.3000025305111, 28.186294669187344], [85.29997565369389, 28.186333346131224], [85.29994877685687, 28.186372023068785], [85.2999219, 28.1864107]]}, "properties": {"highway": "unclassified", "ref": null, "name": null, "length_m": 508, "blocks": true}}, {"type": "Feature", "geometry": {"type": "LineString", "coordinates": [[85.3014817, 28.183885000000004], [85.30147814999685, 28.183828800000555]]}, "properties": {"highway": "unclassified", "ref": null, "name": null, "length_m": 10, "blocks": false}}, {"type": "Feature", "geometry": {"type": "LineString", "coordinates": [[85.29954995643651, 28.18391095962573], [85.2994992892716, 28.183902005819828], [85.29947272627777, 28.183865481849974], [85.29945027884732, 28.183824250545996], [85.29942783143345, 28.18378301923884], [85.29940538403612, 28.183741787928522], [85.29938293665538, 28.183700556615033], [85.29936048929117, 28.18365932529837], [85.29933804194354, 28.18361809397853], [85.29931559461247, 28.183576862655524], [85.29929314729796, 28.18353563132935], [85.2992707, 28.1834944]]}, "properties": {"highway": "service", "ref": null, "name": null, "length_m": 59, "blocks": true}}, {"type": "Feature", "geometry": {"type": "LineString", "coordinates": [[85.3398138, 28.164462899999997], [85.33984049810333, 28.16450308818515], [85.33986719622605, 28.16454327636572], [85.33991140088517, 28.164567061878664], [85.33995816361735, 28.16458845061844], [85.340004893628, 28.16460989489351], [85.34005141815398, 28.164631687827523], [85.34009794269943, 28.164653480746455], [85.34014446726438, 28.16467527365031], [85.34019099184879, 28.16469706653909], [85.34023751645269, 28.16471885941278], [85.34028153751802, 28.164744070408954], [85.3403229402811, 28.16477285622135], [85.3403643430666, 28.16480164202205], [85.34040574587455, 28.16483042781105], [85.34045348154669, 28.16484852470594], [85.34050372786756, 28.164862384012547], [85.34055397420231, 28.164876243301254], [85.3406042205509, 28.16489010257202], [85.3406498422469, 28.16491284361871], [85.34069434634169, 28.164937731073053], [85.34071408417961, 28.164976059159514], [85.3407142683691, 28.16502152129709], [85.34068618419508, 28.16506096065197], [85.3406581, 28.1651004]]}, "properties": {"highway": "unclassified", "ref": null, "name": null, "length_m": 124, "blocks": true}}, {"type": "Feature", "geometry": {"type": "LineString", "coordinates": [[85.3401547, 28.1640037], [85.34012629178021, 28.16404196670495], [85.34009788353976, 28.164080233402927], [85.34006947527867, 28.16411850009395], [85.34004106699695, 28.16415676677802], [85.34001265869458, 28.164195033455123], [85.33998425037156, 28.16423330012528], [85.3399558420279, 28.164271566788457], [85.3399274336636, 28.164309833444687], [85.33989902527867, 28.164348100093957], [85.33987061687309, 28.164386366736263], [85.33984220844687, 28.16442463337161], [85.3398138, 28.164462899999997]]}, "properties": {"highway": "unclassified", "ref": null, "name": null, "length_m": 61, "blocks": true}}, {"type": "Feature", "geometry": {"type": "LineString", "coordinates": [[85.2999722, 28.1856593], [85.29999366384875, 28.185620803578164], [85.299992018661, 28.185574812376533], [85.29997918897818, 28.185532144864435], [85.29993742624688, 28.185510099844556], [85.29988572023518, 28.185510184367004], [85.29983950788852, 28.185531400388186], [85.29981048376379, 28.185567728058274], [85.299787159466, 28.185608946481402], [85.2997663709429, 28.185651224266266]]}, "properties": {"highway": "unclassified", "ref": null, "name": null, "length_m": 49, "blocks": true}}, {"type": "Feature", "geometry": {"type": "LineString", "coordinates": [[85.29962304469696, 28.185677815638826], [85.29958364457025, 28.18570505247939], [85.29954690150414, 28.18573754353391]]}, "properties": {"highway": "unclassified", "ref": null, "name": null, "length_m": 15, "blocks": false}}, {"type": "Feature", "geometry": {"type": "LineString", "coordinates": [[85.3425106, 28.165975599999996], [85.34246286668595, 28.16599803335089], [85.3424151333526, 28.16602046668423], [85.3423674, 28.166042900000004]]}, "properties": {"highway": "path", "ref": null, "name": null, "length_m": 16, "blocks": false}}, {"type": "Feature", "geometry": {"type": "LineString", "coordinates": [[85.3429938, 28.165737700000005], [85.3429566, 28.165756]]}, "properties": {"highway": "path", "ref": null, "name": null, "length_m": 4, "blocks": false}}, {"type": "Feature", "geometry": {"type": "LineString", "coordinates": [[85.34326916603449, 28.16599464658354], [85.343315349078, 28.166014269852933], [85.34336153213903, 28.1660338931074], [85.34340740377347, 28.166053885948674], [85.34344175076106, 28.166087555508284], [85.34347609777005, 28.166121225060035], [85.34350923628509, 28.166155547478155], [85.34352727206316, 28.166198028827164], [85.34354530785471, 28.166240510174163], [85.34355339961894, 28.16628511593938], [85.34355918788972, 28.16633021381777], [85.34356497616434, 28.166375311695834], [85.34357076444283, 28.16642040957357], [85.34357655272517, 28.166465507450987], [85.34359468223879, 28.166507227840455], [85.34361859648736, 28.166547365092576], [85.34364251075321, 28.16658750234105], [85.34366642503635, 28.166627639585872], [85.34367143745199, 28.166671729614226], [85.34367029399166, 28.166717106966846], [85.34366915052934, 28.166762484319136], [85.34366378979247, 28.16680741612363], [85.34365286348235, 28.1668517599347], [85.34364193716229, 28.166896103744243], [85.34363307074848, 28.16694078271767], [85.34362550915337, 28.16698567399609], [85.34361794755095, 28.167030565273553], [85.3436103859412, 28.167075456550034], [85.34360282432418, 28.167120347825556], [85.34359526269985, 28.167165239100104], [85.34358836112109, 28.16721018855601], [85.34358579590054, 28.167255520252866], [85.3435832306768, 28.16730085194929], [85.34358755099248, 28.16734569519758], [85.34359822093096, 28.16739008801502]]}, "properties": {"highway": "path", "ref": null, "name": "Langtang Trek Trail", "length_m": 174, "blocks": true}}, {"type": "Feature", "geometry": {"type": "LineString", "coordinates": [[85.3374007, 28.1632897], [85.33734930639812, 28.163286391178456], [85.33730006174004, 28.163279205207342], [85.33726569271877, 28.163245180530755], [85.33723132371915, 28.163211155846298], [85.33719695474116, 28.163177131153983], [85.33721228532148, 28.163135255195606], [85.33722038664045, 28.16309366962561], [85.3371931549643, 28.16305490125101], [85.33716592330732, 28.163016132871597], [85.3371377960539, 28.162978910268958], [85.33708637684673, 28.16298188825404], [85.33703495763777, 28.162984866219688], [85.33698353842698, 28.162987844165894], [85.3369321192144, 28.162990822092667], [85.3368807, 28.1629938]]}, "properties": {"highway": "steps", "ref": null, "name": null, "length_m": 76, "blocks": true}}, {"type": "Feature", "geometry": {"type": "LineString", "coordinates": [[85.3175843, 28.180588899999993], [85.31759588701145, 28.18064688973593], [85.3175981634602, 28.180702642233463], [85.3175551, 28.1807475]]}, "properties": {"highway": "path", "ref": null, "name": null, "length_m": 20, "blocks": false}}, {"type": "Feature", "geometry": {"type": "LineString", "coordinates": [[85.3369698, 28.1635221], [85.33696928801962, 28.16356742162103], [85.33696877603778, 28.163612743241753], [85.33696826405446, 28.16365806486217], [85.33696775206967, 28.163703386482272], [85.33696839593047, 28.163748695551657], [85.33697016074477, 28.16379399244926], [85.33697755402972, 28.16383883388814], [85.33699644764386, 28.16388090770797], [85.33701594737711, 28.16392280699705], [85.3370357932161, 28.16396457930963], [85.3370556390698, 28.16400635161974], [85.33707728019984, 28.16404731054497], [85.33710333262255, 28.164086259691814]]}, "properties": {"highway": "tertiary", "ref": null, "name": "Pasang Lhamu Highway", "length_m": 70, "blocks": true}}, {"type": "Feature", "geometry": {"type": "LineString", "coordinates": [[85.31884494764839, 28.146577093074647], [85.31888538892088, 28.146605066888114], [85.31892583021464, 28.146633040690446], [85.3189662715297, 28.146661014481623], [85.31900671286604, 28.146688988261655], [85.31904715422367, 28.14671696203054], [85.31908759560258, 28.146744935788277], [85.31912803700277, 28.14677290953487], [85.31916847842427, 28.146800883270316], [85.31920041289123, 28.146834772402624], [85.31922143917015, 28.14687624665595], [85.31924246546455, 28.14691772090651], [85.31926349177448, 28.14695919515429], [85.3192845180999, 28.147000669399322], [85.31930259761485, 28.14704226349711], [85.3192859448932, 28.14708527024805], [85.31926929215739, 28.14712827699612], [85.31925263940745, 28.147171283741336], [85.31923598664335, 28.1472142904837], [85.31921933386512, 28.1472572972232], [85.31920268107274, 28.14730030395985], [85.31918602826622, 28.147343310693643], [85.31916937544553, 28.14738631742458], [85.31915073637983, 28.14742632921169], [85.3191002419727, 28.147418307870925], [85.31904974757411, 28.14741028651186], [85.31899925318403, 28.147402265134478], [85.31894875880248, 28.147394243738805], [85.31889826442942, 28.14738622232482], [85.3188477700649, 28.147378200892533], [85.31879727570889, 28.147370179441936], [85.3187467813614, 28.147362157973042], [85.31869628702242, 28.147354136485834], [85.31864579269197, 28.147346114980337], [85.31859529837003, 28.14733809345652], [85.31854807978182, 28.14732413478176], [85.3185099329161, 28.147293733957888], [85.31847178607208, 28.147263333124187], [85.31843363924972, 28.147232932280673], [85.31839549244903, 28.147202531427318], [85.31835734567001, 28.147172130564147], [85.31831919891266, 28.147141729691135], [85.31828105217699, 28.147111328808307], [85.31824290546298, 28.14708092791565], [85.31820475877063, 28.147050527013167], [85.31816661209999, 28.14702012610085], [85.31812846545098, 28.146989725178713], [85.3180970884888, 28.14700046485628], [85.31807032749693, 28.1470392567712], [85.31804356648529, 28.14707804867984], [85.31801680545385, 28.14711684058221], [85.31799004440263, 28.147155632478313], [85.31796328333165, 28.14719442436815], [85.31793652224087, 28.147233216251696], [85.31790976113032, 28.14727200812899], [85.317883, 28.147310799999996]]}, "properties": {"highway": "path", "ref": null, "name": null, "length_m": 277, "blocks": true}}, {"type": "Feature", "geometry": {"type": "LineString", "coordinates": [[85.3288482, 28.179710399999998], [85.3288152467456, 28.179745062920876], [85.32878229346979, 28.179779725832756], [85.32874934017251, 28.179814388735622], [85.3287163868538, 28.179849051629475], [85.32868343351366, 28.17988371451431], [85.32867261874628, 28.17991190534123], [85.32872238123984, 28.179922386853832], [85.32877214374405, 28.179932868348747], [85.32882190625891, 28.17994334982595], [85.32887166878439, 28.17995383128546], [85.32892143132052, 28.179964312727268], [85.32897119386729, 28.179974794151388], [85.32902095642469, 28.17998527555781], [85.3290705034794, 28.179996304423845], [85.32911682761242, 28.18001552062923], [85.3291631517627, 28.18003473681959], [85.3292094759302, 28.180053952994914], [85.32925580011495, 28.180073169155214]]}, "properties": {"highway": "unclassified", "ref": null, "name": null, "length_m": 94, "blocks": true}}, {"type": "Feature", "geometry": {"type": "LineString", "coordinates": [[85.3288908727278, 28.179457914434643], [85.32893351513019, 28.17948477630224], [85.32897615755425, 28.179511638157358], [85.3290188, 28.179538499999996]]}, "properties": {"highway": "unclassified", "ref": null, "name": null, "length_m": 20, "blocks": false}}, {"type": "Feature", "geometry": {"type": "LineString", "coordinates": [[85.3290188, 28.179538499999996], [85.32898468004394, 28.17957288001921], [85.32895056006592, 28.179607260028817], [85.32891644006592, 28.179641640028816], [85.32888232004395, 28.17967602001921], [85.3288482, 28.179710399999998]]}, "properties": {"highway": "unclassified", "ref": null, "name": null, "length_m": 25, "blocks": true}}, {"type": "Feature", "geometry": {"type": "LineString", "coordinates": [[85.33923890000001, 28.1644148], [85.33926878151054, 28.16437712861591], [85.33930539839103, 28.16435858053304], [85.33935415482321, 28.16437449937672], [85.33940291127065, 28.16439041820361], [85.33944998151003, 28.164409857004156], [85.33949676962223, 28.164429884767017], [85.3395435577525, 28.164449912514563], [85.33958563556963, 28.164426382042613], [85.33962727997013, 28.164398843769685], [85.33967676098085, 28.164397139962933], [85.3397219773565, 28.16441982656873], [85.33976743282372, 28.16444211757162], [85.3398138, 28.164462899999997]]}, "properties": {"highway": "path", "ref": null, "name": null, "length_m": 66, "blocks": true}}, {"type": "Feature", "geometry": {"type": "LineString", "coordinates": [[85.3530926, 28.200070799999995], [85.35309352000165, 28.200120100001396], [85.35309444000293, 28.200169400002487], [85.35309536000386, 28.200218700003262], [85.35309628000441, 28.200268000003735], [85.3530972000046, 28.20031730000388], [85.3530981200044, 28.20036660000373], [85.35309904000385, 28.200415900003264], [85.35309996000294, 28.200465200002487], [85.35310088000166, 28.200514500001404], [85.3531018, 28.2005638]]}, "properties": {"highway": "primary", "ref": null, "name": null, "length_m": 55, "blocks": true}}, {"type": "Feature", "geometry": {"type": "LineString", "coordinates": [[85.3531018, 28.2005638], [85.35310851536582, 28.200608556868506], [85.35311523073625, 28.200653313736634], [85.3531219461113, 28.200698070604396], [85.35312866149097, 28.20074282747177], [85.35313537687526, 28.200787584338784], [85.35314209226415, 28.20083234120541], [85.35314880765767, 28.20087709807168], [85.35315552305582, 28.200921854937555]]}, "properties": {"highway": "primary", "ref": null, "name": null, "length_m": 45, "blocks": true}}, {"type": "Feature", "geometry": {"type": "LineString", "coordinates": [[85.3531891001158, 28.201145639261338], [85.35319581554164, 28.201190396124975], [85.3532025309721, 28.201235152988232], [85.35320924640719, 28.20127990985111], [85.3532159618469, 28.20132466671362], [85.35322267729121, 28.20136942357575], [85.35322939274015, 28.20141418043751], [85.35323610819371, 28.201458937298888], [85.35324282365188, 28.201503694159896], [85.35324953911467, 28.201548451020532], [85.35325625458209, 28.20159320788079], [85.35326297005412, 28.20163796474068], [85.35326968553078, 28.20168272160018], [85.35327640101202, 28.201727478459308], [85.3532835127069, 28.201772186372434], [85.35329087455699, 28.201816863382877], [85.35329823641224, 28.201861540392894], [85.35330559827264, 28.201906217402495], [85.35331296013818, 28.20195089441168], [85.3533203220089, 28.20199557142045], [85.35332768388476, 28.202040248428798], [85.35333504576577, 28.202084925436722], [85.35334240765194, 28.202129602444234], [85.35334976954327, 28.202174279451324], [85.35335713143974, 28.202218956458005], [85.3533699738117, 28.202262630965098], [85.35338318871683, 28.20230623732835], [85.35339640363182, 28.20234984369051], [85.35340961855667, 28.202393450051574], [85.35342283349136, 28.20243705641155], [85.35343604843594, 28.202480662770434], [85.35344926364174, 28.202524269068405], [85.35346249121831, 28.20256787242388], [85.35347571880476, 28.20261147577827], [85.35348894640107, 28.20265507913156], [85.35350217400726, 28.20269868248376], [85.3535154016233, 28.202742285834862], [85.3535290930693, 28.20278576498503], [85.35354534411051, 28.202828558738837], [85.35356159516387, 28.202871352491005], [85.35357784622938, 28.202914146241525], [85.35359409730704, 28.202956939990408], [85.35361034839684, 28.202999733737638], [85.35362659949881, 28.203042527483234], [85.35364285061291, 28.20308532122718], [85.35365910173917, 28.203128114969495], [85.35367535287756, 28.203170908710156], [85.35369160402811, 28.203213702449172], [85.35370785519082, 28.20325649618655], [85.35372410636566, 28.20329928992229], [85.35374035755267, 28.20334208365638], [85.35375660875181, 28.203384877388828], [85.3537737081075, 28.203427341327632], [85.35379826275859, 28.20346690635647], [85.35382281742723, 28.203506471381445], [85.35384737211344, 28.203546036402553], [85.35387529950512, 28.20358367952602], [85.35390575830249, 28.2036198801579], [85.35393621712011, 28.203656080783666], [85.35396667595798, 28.20369228140333], [85.3539971348161, 28.203728482016896], [85.35402718711373, 28.203764920849366], [85.3540528713558, 28.203803919032058], [85.35407855561604, 28.20384291721051], [85.35410423989443, 28.203881915384695], [85.35412992419099, 28.203920913554626], [85.3541556085057, 28.20395991172031], [85.3541812928386, 28.203998909881744], [85.35420697718966, 28.204037908038927], [85.35423266155887, 28.20407690619185], [85.35425687733185, 28.204116616809106], [85.35428013535031, 28.20415679206628], [85.35430339338556, 28.20419696731999], [85.35432665143766, 28.204237142570264], [85.35434990950657, 28.20427731781708], [85.35437316759229, 28.20431749306045], [85.35439642569484, 28.20435766830037], [85.35441968381421, 28.204397843536835], [85.3544429419504, 28.204438018769853], [85.3544662001034, 28.204478193999417], [85.35448945827322, 28.204518369225536], [85.35451271645985, 28.204558544448204], [85.3545359746633, 28.20459871966742], [85.3545592328836, 28.204638894883185], [85.35458249112071, 28.2046790700955], [85.35460574937463, 28.204719245304368], [85.35462900764536, 28.20475942050978], [85.35465226593291, 28.20479959571175], [85.3546755242373, 28.20483977091026], [85.35469878255849, 28.204879946105333], [85.35472204089652, 28.20492012129694], [85.35474529925135, 28.204960296485105]]}, "properties": {"highway": "primary", "ref": null, "name": null, "length_m": 460, "blocks": true}}, {"type": "Feature", "geometry": {"type": "LineString", "coordinates": [[85.35516919770717, 28.205678097392273], [85.35518254763711, 28.205721671579706], [85.35519589757703, 28.205765245766028], [85.35520924752691, 28.205808819951244], [85.35521681975764, 28.20585332749095], [85.35522169128551, 28.2058982713124], [85.35522656281645, 28.205943215133555], [85.35523143435047, 28.205988158954426], [85.35523630588757, 28.206033102775013], [85.35524117742776, 28.206078046595316], [85.35524447154486, 28.206123101685233], [85.35524769014347, 28.206168162102017], [85.35525090874378, 28.20621322251856], [85.35525412734577, 28.20625828293485], [85.35525734594947, 28.206303343350896], [85.35526052792706, 28.206348405236163], [85.35526192032765, 28.20639353891745], [85.3552633127284, 28.206438672598487], [85.35526470512931, 28.206483806279277], [85.35526609753038, 28.206528939959817], [85.35526748993159, 28.206574073640102], [85.35527122788528, 28.206619102233702], [85.35527498292524, 28.206664130061633], [85.35527873796734, 28.206709157889325], [85.3552767407023, 28.20675425214405], [85.35527431191755, 28.2067993513815], [85.35527188312975, 28.206844450618533], [85.3552694543389, 28.206889549855163], [85.35526075741363, 28.206933907975476], [85.35524974907406, 28.20697799280415], [85.35523874072453, 28.207022077631283], [85.35522773236504, 28.207066162456883], [85.35521216990874, 28.20710911866443], [85.35519575692783, 28.207151864091408], [85.35517934393303, 28.20719460951561], [85.35516293092434, 28.207237354937046], [85.35514651790179, 28.2072801003557], [85.35513010486534, 28.20732284577159], [85.35511369181502, 28.207365591184693], [85.3550972787508, 28.20740833659502], [85.35508086567272, 28.207451082002578], [85.35506220007257, 28.20749306227883], [85.35504214361184, 28.207534570111438], [85.3550220871349, 28.2075760779402], [85.35500203064173, 28.20761758576513], [85.35498197413237, 28.207659093586226], [85.35495698818734, 28.207698407805132], [85.35493137181567, 28.207737441486092], [85.35490575542487, 28.207776475161253], [85.35488013901492, 28.207815508830627], [85.35485452258584, 28.207854542494204], [85.35483067220774, 28.207894313297615], [85.35481300122079, 28.2079366633395], [85.35479533021913, 28.207979013378264], [85.35477924717017, 28.208021777584843], [85.35476819305987, 28.208065853431467], [85.35475713893958, 28.208109929276553], [85.35474608480926, 28.208154005120083], [85.35474242840144, 28.208198816469956], [85.35474217780035, 28.20824396643656], [85.35474058085148, 28.20828905617708], [85.35473569578112, 28.20833399883054], [85.35473405037048, 28.20837901323265], [85.35473639411296, 28.20842411598272], [85.35474723232103, 28.208467948518116], [85.35476173150275, 28.20851123361237], [85.35476623433011, 28.208556004950374], [85.35476340516064, 28.208600794418086], [85.35475403478877, 28.208645175349574], [85.3547446644082, 28.208689556279836], [85.35473754043082, 28.208734168449606], [85.35473517266239, 28.20877927021301], [85.35473280489094, 28.20882437197601], [85.35473043711649, 28.208869473738595], [85.35472379604097, 28.208914202739148], [85.3547161874504, 28.208958847342636], [85.35470857885254, 28.209003491945143], [85.35470097024736, 28.20904813654669], [85.3546933616349, 28.20909278114727], [85.35468575301512, 28.209137425746878], [85.354678907937, 28.20918216312631], [85.35467266445626, 28.209226973607343], [85.35466642096931, 28.209271784087587], [85.35466017747618, 28.209316594567046], [85.35465393397682, 28.209361405045723], [85.35464769047128, 28.209406215523607], [85.35464144695955, 28.209451026000714], [85.3546352034416, 28.209495836477025], [85.35462895991746, 28.209540646952558], [85.35462271638711, 28.209585457427305], [85.35461647285057, 28.20963026790128], [85.35461022930781, 28.209675078374453], [85.35460398575887, 28.209719888846838], [85.35459774220371, 28.20976469931845], [85.35459149864236, 28.209809509789267], [85.35458525507482, 28.2098543202593]]}, "properties": {"highway": "primary", "ref": null, "name": null, "length_m": 480, "blocks": true}}, {"type": "Feature", "geometry": {"type": "LineString", "coordinates": [[85.35457276792111, 28.20994394119701], [85.35456652433496, 28.209988751664692], [85.35456155852158, 28.21003357771841], [85.35456640683284, 28.210078523487965], [85.35457125514718, 28.210123469257226], [85.35457610346458, 28.21016841502621], [85.35458095178505, 28.210213360794913], [85.35458673691262, 28.210258202114822], [85.35459461297503, 28.21030281030712], [85.35460248904306, 28.21034741849895], [85.35461036511664, 28.210392026690325], [85.35461824119581, 28.210436634881244], [85.35462611728056, 28.21048124307171], [85.35463399337088, 28.21052585126171], [85.3546418694668, 28.210570459451258], [85.35464974556828, 28.21061506764034], [85.35465762167537, 28.210659675828975], [85.354665497788, 28.210704284017144], [85.35467337390625, 28.21074889220486], [85.35468125003007, 28.210793500392118], [85.35468912615946, 28.21083810857892], [85.35469700229443, 28.210882716765266], [85.35470487843499, 28.210927324951147], [85.35471275458113, 28.21097193313657], [85.35472063073286, 28.211016541321545], [85.35473119946677, 28.21106070907141], [85.3547418273458, 28.21110486714723], [85.35475245523267, 28.211149025222337], [85.35476308312735, 28.211193183296704], [85.35477371102986, 28.211237341370335], [85.35478433894018, 28.211281499443235], [85.35479496685832, 28.211325657515403], [85.35480559478427, 28.21136981558684], [85.35481622271806, 28.211413973657542], [85.35482685065966, 28.21145813172751], [85.35483747860908, 28.21150228979675], [85.35484810656632, 28.211546447865263], [85.35485873453139, 28.21159060593304], [85.35486936250426, 28.21163476400008], [85.35487999048497, 28.21167892206639], [85.35489061847349, 28.211723080131968], [85.35490124646984, 28.21176723819682], [85.35491187850234, 28.211811395499993], [85.35492251093967, 28.21185555272744], [85.35493314338486, 28.211899709954153], [85.35494377583787, 28.211943867180125], [85.3549544082987, 28.211988024405365], [85.35496504076735, 28.212032181629873], [85.35497567324383, 28.212076338853652], [85.35498630572813, 28.2121204960767], [85.35499693822025, 28.212164653299016], [85.3550075707202, 28.212208810520597], [85.35501820322798, 28.21225296774144], [85.3550287765423, 28.21229713550394], [85.35503823414008, 28.212341501950483], [85.35504769174473, 28.212385868396428], [85.35505714935627, 28.212430234841765], [85.35506660697466, 28.21247460128651], [85.35507606459994, 28.21251896773065], [85.3550855222321, 28.21256333417418], [85.35509497987114, 28.212607700617117], [85.35510455365596, 28.212652046502544], [85.35511506999168, 28.212696225554517], [85.35512558633515, 28.212740404605775], [85.35513610268633, 28.212784583656305], [85.35514661904526, 28.21282876270612], [85.35515713541189, 28.212872941755226], [85.35516765178629, 28.2129171208036], [85.3551781681684, 28.21296129985126], [85.35518868455824, 28.2130054788982], [85.35519920095581, 28.213049657944424], [85.35520971736112, 28.213093836989923], [85.35522023377415, 28.21313801603471], [85.35522712405422, 28.213182592212746], [85.3552290714082, 28.213227709738653], [85.35523101876282, 28.213272827264312], [85.35523296611805, 28.213317944789736], [85.3552349134739, 28.2133630623149], [85.35523686083039, 28.213408179839824], [85.3552388081875, 28.213453297364513], [85.35524075554521, 28.213498414888953], [85.35524270290357, 28.213543532413144], [85.35524268234204, 28.21358865957105], [85.35524129807054, 28.21363379340468], [85.35523991379685, 28.213678927237954], [85.35523852952097, 28.213724061070874], [85.35523714524292, 28.21376919490345], [85.3552357609627, 28.21381432873568], [85.35523357602356, 28.21385942852565], [85.35523007384397, 28.21390447230956], [85.35522657166042, 28.213949516092967], [85.35522306947291, 28.21399455987588], [85.35521956728148, 28.214039603658296], [85.3552160650861, 28.214084647440217], [85.35521256288676, 28.21412969122163], [85.35520906068348, 28.214174735002555], [85.35520555847624, 28.214219778782972], [85.35520205626506, 28.21426482256291], [85.35519708984756, 28.214309706838634], [85.35518816666954, 28.21435416008227], [85.35517924348315, 28.214398613324732], [85.35517032028844, 28.21444306656603], [85.35516139708537, 28.214487519806156], [85.35515247387394, 28.214531973045112], [85.35514355065416, 28.2145764262829], [85.35513462742605, 28.214620879519515], [85.35512570418959, 28.214665332754958], [85.35511678094477, 28.214709785989232], [85.3551078576916, 28.214754239222344], [85.35509893443009, 28.214798692454284], [85.35509381381583, 28.214843530534004], [85.35509118728272, 28.214888621027843], [85.35508856074642, 28.214933711521255], [85.35508593420688, 28.214978802014244], [85.35508330766415, 28.215023892506803], [85.35508068111818, 28.21506898299893], [85.35507805456899, 28.215114073490632], [85.35507542801659, 28.215159163981905], [85.35507280146096, 28.215204254472745], [85.35507017490212, 28.21524934496317], [85.35506754834006, 28.21529443545316], [85.3550649217748, 28.215339525942724], [85.35507239345303, 28.215383908286547], [85.35508299705054, 28.21542807100251], [85.35509360065588, 28.215472233717744], [85.35510420426901, 28.215516396432243], [85.35511480788995, 28.215560559146024], [85.35512541151869, 28.21560472185907], [85.35513601515522, 28.21564888457138], [85.35514661879957, 28.21569304728297], [85.35515735237382, 28.215737171046108], [85.35517920659169, 28.215777961093025], [85.35520106082552, 28.21581875113692], [85.35522242020379, 28.2158597075912], [85.35523663172857, 28.21590306769929], [85.35525084326399, 28.215946427806124], [85.35526323817655, 28.21599021084176], [85.35527493216435, 28.216034157060694], [85.35528662616082, 28.216078103278754], [85.35531287219209, 28.21611610352258], [85.35534302266069, 28.21615250841145], [85.35537317314946, 28.216188913294346], [85.35540332365836, 28.216225318171272], [85.35543331676942, 28.216261822675513], [85.35546242970504, 28.216298884268834], [85.35549154266043, 28.216335945856613], [85.35552065563557, 28.216373007438843], [85.3555497686305, 28.216410069015527], [85.35557888164517, 28.216447130586666], [85.35560895081427, 28.216483587152926], [85.35563909122855, 28.216519998645197], [85.355669231663, 28.216556410131503], [85.3556993721176, 28.21659282161184], [85.35572951259235, 28.2166292330862], [85.35575965308725, 28.216665644554592], [85.35578979360231, 28.216702056017006], [85.3558181841091, 28.216739546474933], [85.35584626698586, 28.21677722661266], [85.35587434988197, 28.21681490674525], [85.35590243279741, 28.216852586872697], [85.35593051573218, 28.21689026699501], [85.35595859868629, 28.216927947112183], [85.35598668165972, 28.2169656272242], [85.35601476465247, 28.21700330733109], [85.35604284766455, 28.217040987432842], [85.35607171438872, 28.217078171200484], [85.35610288388139, 28.217113896583573], [85.35613405339456, 28.217149621960242], [85.35616522292823, 28.2171853473305], [85.35619639248242, 28.217221072694343], [85.35622756205709, 28.217256798051768], [85.35625873165229, 28.21729252340278], [85.35628990126798, 28.21732824874738], [85.35632107090419, 28.217363974085558], [85.3563522405609, 28.217399699417328], [85.3563834102381, 28.21743542474268], [85.35641457993583, 28.21747115006162], [85.35644572516514, 28.217506892079903], [85.35647675979598, 28.217542709553474], [85.35650779444728, 28.217578527020684], [85.35653882911903, 28.217614344481543], [85.35656986381127, 28.217650161936042], [85.35660089852396, 28.21768597938418], [85.35663193325712, 28.21772179682597], [85.35666296801074, 28.2177576142614], [85.35669400278482, 28.217793431690477], [85.35672503757935, 28.217829249113198], [85.35675607239436, 28.21786506652956], [85.35678710722983, 28.217900883939567], [85.35681814208577, 28.217936701343223], [85.3568466343072, 28.21797412398948], [85.35687473319463, 28.21801179496549]]}, "properties": {"highway": "primary", "ref": null, "name": null, "length_m": 959, "blocks": true}}, {"type": "Feature", "geometry": {"type": "LineString", "coordinates": [[85.3584036703161, 28.21998458067082], [85.35843258603053, 28.22002176386511], [85.35846150008818, 28.220058948076627], [85.35849041079334, 28.220096134339826], [85.35851934549494, 28.220133305953848], [85.3585483071285, 28.220170461125836], [85.35857726878174, 28.220207616292335], [85.35860623045471, 28.22024477145334], [85.35863519214739, 28.220281926608862], [85.35866415385978, 28.220319081758888], [85.35869311559186, 28.220356236903438], [85.35872207734364, 28.220393392042478], [85.35875103911515, 28.220430547176047], [85.35878000090635, 28.220467702304116], [85.35880896271725, 28.220504857426707], [85.35883792454787, 28.220542012543795], [85.3588668863982, 28.2205791676554], [85.35889584826823, 28.22061632276152], [85.35892481015797, 28.22065347786214], [85.35895377206741, 28.220690632957282], [85.35898273399657, 28.220727788046933], [85.35901169594543, 28.220764943131087], [85.359040657914, 28.220802098209756], [85.35906961990227, 28.220839253282936], [85.35909930461287, 28.220875901096804], [85.3591335231449, 28.220909366698958], [85.35916774169819, 28.22094283229329], [85.35920196027271, 28.22097629787979], [85.35923617886851, 28.221009763458458], [85.35927039748557, 28.221043229029306], [85.35930461612386, 28.221076694592316], [85.3593421596179, 28.22110558626245], [85.3593907166065, 28.22111932697449], [85.35943927360836, 28.221133067669783], [85.3594878306235, 28.221146808348315], [85.3595363876519, 28.221160549010097], [85.35958494469357, 28.221174289655128], [85.35963382538213, 28.221186888020767], [85.3596839536425, 28.221195083109535], [85.35973408191148, 28.221203278180237], [85.35978421018908, 28.221211473232866], [85.35983080013784, 28.22122732297958], [85.35987302367941, 28.22125261887787], [85.35991524724129, 28.22127791476385], [85.35995747082345, 28.221303210637544], [85.35999925747356, 28.221329045847433], [85.36003983298137, 28.221356376034674], [85.36008040851013, 28.22138370621063], [85.36012098405983, 28.221411036375308], [85.3601615596305, 28.2214383665287], [85.36020213522211, 28.221465696670812], [85.36024126415592, 28.2214944877552], [85.3602771478656, 28.22152655609721], [85.36031303159672, 28.22155862443055], [85.3603489153493, 28.221590692755225]]}, "properties": {"highway": "primary", "ref": null, "name": null, "length_m": 275, "blocks": true}}, {"type": "Feature", "geometry": {"type": "LineString", "coordinates": [[85.36042068291881, 28.22165482937858], [85.36045656673573, 28.221686897677255]]}, "properties": {"highway": "primary", "ref": null, "name": null, "length_m": 10, "blocks": false}}, {"type": "Feature", "geometry": {"type": "LineString", "coordinates": [[85.3615057790435, 28.22327619963272], [85.36152530379185, 28.223317907020526], [85.3615439276261, 28.223359910167886], [85.36155980940246, 28.223402813495902], [85.36157569119072, 28.223445716822347], [85.36159157299089, 28.22348862014723], [85.36160745480294, 28.223531523470523], [85.36162333662686, 28.223574426792258], [85.3616392184627, 28.22361733011241], [85.36165510031041, 28.223660233431], [85.36167098217003, 28.22370313674801], [85.36168686404153, 28.223746040063457], [85.36170274592493, 28.223788943377322], [85.36171830964003, 28.223831925048525], [85.36172971094977, 28.223875931805377], [85.36174111226796, 28.223919938561398], [85.36175251359461, 28.22396394531659], [85.3617639149297, 28.22400795207095], [85.36176881029334, 28.224052809369283], [85.36177224955892, 28.22409785702739], [85.3617756888264, 28.224142904685255], [85.36177912809573, 28.224187952342852], [85.36177659564729, 28.22423250771862], [85.36176382937053, 28.224276219463054], [85.36175106308247, 28.224319931205574], [85.36173829678312, 28.224363642946205], [85.36172553047247, 28.224407354684946]]}, "properties": {"highway": "primary", "ref": null, "name": null, "length_m": 135, "blocks": true}}, {"type": "Feature", "geometry": {"type": "LineString", "coordinates": [[85.35908148240978, 28.236995645085678], [85.35910648357672, 28.23695589770053], [85.3591314847246, 28.236916150309806], [85.35915648585338, 28.236876402913516], [85.35918148696308, 28.236836655511652], [85.35920648805369, 28.236796908104218], [85.35923148912522, 28.236757160691212], [85.35925649017767, 28.23671741327264]]}, "properties": {"highway": "path", "ref": null, "name": null, "length_m": 40, "blocks": true}}, {"type": "Feature", "geometry": {"type": "LineString", "coordinates": [[85.35929524264247, 28.23663430030158], [85.35930486820973, 28.236589607786016], [85.359314493768, 28.236544915269153], [85.3593241193173, 28.236500222750998], [85.3593337448576, 28.236455530231552], [85.3593433703889, 28.236410837710807], [85.35935299591124, 28.236366145188768], [85.3593626214246, 28.236321452665443], [85.35936939752264, 28.236276631946126], [85.35936493573007, 28.236231305633883], [85.35936047394026, 28.23618597932137], [85.35935601215319, 28.23614065300858], [85.3593515503689, 28.236095326695516], [85.35934708858736, 28.23605000038217], [85.35934262680858, 28.236004674068546], [85.35933816503255, 28.235959347754655], [85.3593337032593, 28.23591402144048], [85.35932924148881, 28.235868695126033], [85.35932477972106, 28.235823368811307], [85.35932031795609, 28.235778042496307], [85.35931585619387, 28.235732716181026], [85.35931139443441, 28.235687389865483], [85.35930693267771, 28.235642063549655], [85.35930247092377, 28.23559673723355], [85.35929800917259, 28.235551410917164], [85.35929593980958, 28.2355059901603], [85.35929583030992, 28.235460492036886], [85.35929572080931, 28.23541499391319], [85.35929561130779, 28.235369495789197], [85.3592955018053, 28.235323997664924], [85.35929539230189, 28.235278499540364], [85.35929528279753, 28.23523300141552], [85.35929938269219, 28.235188139798662], [85.35931653233015, 28.23514525144815], [85.35933368195359, 28.23510236309466], [85.35935083156251, 28.235059474738193], [85.3593679811569, 28.23501658637873], [85.35938513073677, 28.234973698016287], [85.35940228030212, 28.23493080965086], [85.35942530803383, 28.2348913826335], [85.35946332944984, 28.234860784609577], [85.35950135084424, 28.234830186574037], [85.35953937221704, 28.234799588526876], [85.35957739356823, 28.23476899046811], [85.3596154148978, 28.234738392397716], [85.35965343620576, 28.234707794315707], [85.35969145749212, 28.23467719622209], [85.35972947875686, 28.234646598116843], [85.3597675, 28.23461599999999]]}, "properties": {"highway": "path", "ref": null, "name": null, "length_m": 244, "blocks": true}}, {"type": "Feature", "geometry": {"type": "LineString", "coordinates": [[85.3594165, 28.234268999999998], [85.35938713887747, 28.234232780824378], [85.3593878086592, 28.23418765753475], [85.35938847843939, 28.23414253424483], [85.35938914821799, 28.234097410954586], [85.35938880100312, 28.23405267099905], [85.3593516182301, 28.23402181547908], [85.35931443547855, 28.233990959949754], [85.35926909675469, 28.233977709487444], [85.35921815893387, 28.23397654492181], [85.35916722111517, 28.23397538033723], [85.35911628329859, 28.23397421573372]]}, "properties": {"highway": "path", "ref": null, "name": null, "length_m": 60, "blocks": true}}, {"type": "Feature", "geometry": {"type": "LineString", "coordinates": [[85.3594165, 28.234268999999998], [85.35945159989826, 28.234303700037053], [85.35948669981914, 28.234338400065862], [85.35952179976262, 28.23437310008645], [85.35955689972872, 28.234407800098804], [85.35959199971741, 28.23444250010292], [85.35962709972871, 28.2344772000988], [85.35966219976264, 28.234511900086442], [85.35969729981915, 28.23454660006587], [85.35973239989826, 28.234581300037043], [85.3597675, 28.23461599999999]]}, "properties": {"highway": "path", "ref": null, "name": null, "length_m": 52, "blocks": true}}, {"type": "Feature", "geometry": {"type": "LineString", "coordinates": [[85.35889774992003, 28.242455225825278], [85.35891000848599, 28.2424990489194], [85.35892226706108, 28.242542872012564], [85.35893452564528, 28.242586695104773], [85.35894678423861, 28.242630518196037], [85.3589590428411, 28.242674341286357], [85.3589713014527, 28.24271816437572], [85.35898356007343, 28.24276198746414], [85.35899581870329, 28.24280581055159], [85.3590080773423, 28.242849633638105], [85.35902033599041, 28.242893456723667], [85.35903823568891, 28.242935553638272], [85.35905914409756, 28.242976729883438], [85.35908005252159, 28.243017906125825], [85.35910096096103, 28.243059082365452], [85.35912186941584, 28.243100258602308], [85.35914277788606, 28.243141434836414], [85.3591636863717, 28.243182611067734], [85.35919707184921, 28.24321598583108], [85.3592338923517, 28.243247212784762], [85.35927071287567, 28.243278439729274], [85.35930753342116, 28.243309666664626], [85.35934405229345, 28.24334116744128], [85.35938020792224, 28.243372997844748], [85.35941633422917, 28.24340485436037], [85.35945246055756, 28.243436710867208], [85.3594885879682, 28.243468566421843], [85.3595247165823, 28.24350042091646], [85.35956084521789, 28.243532275402288], [85.35959697387496, 28.24356412987932], [85.35963172513245, 28.243597150111732], [85.3596660244303, 28.243630552864946], [85.35970032374944, 28.243663955610284], [85.35973462308988, 28.243697358347752], [85.3597689224516, 28.243730761077348], [85.35980240491413, 28.243764806966755], [85.35983585062229, 28.24379888180235], [85.35986929635159, 28.243832956630474], [85.35990274210202, 28.243867031451142], [85.35993618787359, 28.243901106264342], [85.35996963366627, 28.243935181070093], [85.36000477369204, 28.243967708787135], [85.3600442608331, 28.24399626691592], [85.36008374799543, 28.244024825034046], [85.360123235179, 28.244053383141537], [85.36016272238383, 28.244081941238377], [85.36020220960992, 28.244110499324567], [85.36024169685724, 28.244139057400112], [85.36028118412584, 28.244167615465006], [85.36032067141566, 28.244196173519253], [85.36036015872675, 28.244224731562852], [85.36039899376655, 28.244253917569004], [85.3604344223339, 28.244286383055748], [85.36046985092267, 28.244318848534046], [85.36050527953287, 28.244351314003904], [85.36054351400279, 28.244380414975392], [85.36058897549385, 28.24440085001257], [85.36063443700286, 28.244421285035298], [85.36067989852981, 28.24444172004356], [85.3607253600747, 28.24446215503737], [85.36077082163753, 28.244482590016705], [85.36081628321828, 28.244503024981586], [85.36086174481699, 28.244523459932008], [85.36090622859933, 28.244545392752233], [85.36094891298123, 28.244570081979884], [85.3609915973832, 28.24459477119495], [85.36103428180526, 28.24461946039741]]}, "properties": {"highway": "primary", "ref": null, "name": "Pasang Laahamu", "length_m": 335, "blocks": true}}, {"type": "Feature", "geometry": {"type": "LineString", "coordinates": [[85.36120451618184, 28.244718843108497], [85.36124481789899, 28.244746494839998], [85.36128511963719, 28.244774146560378], [85.36132542139643, 28.244801798269624], [85.36136572317673, 28.244829449967753], [85.3614060249781, 28.244857101654745], [85.3614463268005, 28.244884753330616], [85.36148662864397, 28.244912404995357], [85.36152693050849, 28.244940056648975], [85.36156723239408, 28.24496770829146], [85.3616075343007, 28.24499535992282], [85.36164783622839, 28.24502301154305], [85.36168813817714, 28.24505066315216], [85.36172913353928, 28.245077479298367], [85.36177096759424, 28.24510328493687], [85.36181280166969, 28.24512909056331], [85.36185463576564, 28.24515489617768], [85.3618964698821, 28.245180701780004], [85.36193830401906, 28.24520650737026], [85.36198013817652, 28.245232312948445], [85.36202197235448, 28.245258118514577], [85.36206380655295, 28.245283924068648], [85.36210564077193, 28.24530972961065], [85.36214728064566, 28.245335760339703]]}, "properties": {"highway": "primary", "ref": null, "name": "Pasang Laahamu", "length_m": 120, "blocks": true}}, {"type": "Feature", "geometry": {"type": "LineString", "coordinates": [[85.36249919143016, 28.245596510135854], [85.36253829273508, 28.245625482283298]]}, "properties": {"highway": "primary", "ref": null, "name": "Pasang Laahamu", "length_m": 10, "blocks": false}}, {"type": "Feature", "geometry": {"type": "LineString", "coordinates": [[85.36409884474823, 28.247371669641108], [85.36411602995997, 28.24741417531993], [85.36413321518458, 28.247456680996887], [85.36415040042205, 28.247499186672016], [85.36416758567236, 28.247541692345287], [85.36418477093554, 28.247584198016707], [85.36420195621157, 28.24762670368628], [85.36421914150046, 28.247669209354004], [85.3642363268022, 28.247711715019886], [85.3642535121168, 28.247754220683923], [85.36427069744425, 28.247796726346113], [85.36428788278457, 28.24783923200645], [85.36430506813772, 28.24788173766494], [85.36432225350376, 28.247924243321584], [85.36433943888264, 28.24796674897638], [85.36435662427436, 28.248009254629338], [85.36437380967895, 28.248051760280443], [85.36439158402494, 28.24809405549894], [85.36441252479027, 28.248135219323125], [85.36443346557101, 28.248176383144532], [85.36445440636719, 28.24821754696317], [85.36447534717877, 28.248258710779016], [85.36449628800578, 28.24829987459209], [85.36451722884821, 28.248341038402398]]}, "properties": {"highway": "primary", "ref": null, "name": "Pasang Laahamu", "length_m": 120, "blocks": true}}, {"type": "Feature", "geometry": {"type": "LineString", "coordinates": [[85.3645982912441, 28.248455761111753], [85.36462586894285, 28.248493734295735], [85.36465344666074, 28.248531707474754]]}, "properties": {"highway": "primary", "ref": null, "name": "Pasang Laahamu", "length_m": 15, "blocks": false}}, {"type": "Feature", "geometry": {"type": "LineString", "coordinates": [[85.36521620850306, 28.249053634353253], [85.36525239030605, 28.24908543636021], [85.36528930600373, 28.249116577059098], [85.36532622172292, 28.24914771774877], [85.36536313746363, 28.24917885842922], [85.36540005322586, 28.24920999910046], [85.36543696900958, 28.24924113976247], [85.36547388481482, 28.249272280415273], [85.36551080064157, 28.24930342105885], [85.36554771648983, 28.249334561693225], [85.36558463235961, 28.24936570231836], [85.36562154825091, 28.249396842934285], [85.36565642527951, 28.249429525670042], [85.36568538834017, 28.249466681499086], [85.36571435142056, 28.24950383732263], [85.3657433145207, 28.24954099314068], [85.3657674567563, 28.249580676288456], [85.36579031664753, 28.24962103170705], [85.36581317655538, 28.24966138712231], [85.36583603647985, 28.249701742534217], [85.36585917421036, 28.249741971367506], [85.36588296852075, 28.249781901033142], [85.36590676284831, 28.249821830695144], [85.36593055719304, 28.249861760353518], [85.36595436306979, 28.249901684626206], [85.36597816903324, 28.249941608862766], [85.36600197501387, 28.249981533095696], [85.36602578101169, 28.250021457324987], [85.36604958702665, 28.25006138155065], [85.36606624786458, 28.250103704607746], [85.3660783173409, 28.250147569111295], [85.3660903868262, 28.250191433613914], [85.36610245632048, 28.250235298115612], [85.36611452582376, 28.250279162616383], [85.36612659533603, 28.250323027116224], [85.36613866485727, 28.250366891615148], [85.36615073438752, 28.250410756113144], [85.36616280392676, 28.250454620610213], [85.36617487347498, 28.250498485106352], [85.36618694303219, 28.25054234960157], [85.36619901259839, 28.25058621409586], [85.36621108217358, 28.250630078589232], [85.36621798826455, 28.25067471518865], [85.36622285455084, 28.250719656804172], [85.36622772084021, 28.250764598419398], [85.36623258713269, 28.25080954003435], [85.36623746274583, 28.250854480853565], [85.36624102403609, 28.250899398493726], [85.36623446705697, 28.250944171313943], [85.36622791007142, 28.250988944133336], [85.3662213530794, 28.251033716951902], [85.36621479608092, 28.251078489769654], [85.36620823907599, 28.251123262586574], [85.36619641143112, 28.251167014205944], [85.3661812530725, 28.2512101204924], [85.36616609470084, 28.251253226776413], [85.36615093631615, 28.25129633305797], [85.36613577791843, 28.251339439337077], [85.36612061950767, 28.251382545613737], [85.36610546108389, 28.25142565188794], [85.36609030264707, 28.251468758159696], [85.36607523106981, 28.251511888297216], [85.36606017047212, 28.251555021452493], [85.36604510986146, 28.251598154605354], [85.36603004923785, 28.251641287755792], [85.36601498860126, 28.25168442090379], [85.36599992795172, 28.251727554049378], [85.36598486728921, 28.251770687192536], [85.36596980661373, 28.25181382033326], [85.36595474592531, 28.251856953471563], [85.36594172315553, 28.251900587396293], [85.36592952696229, 28.251944424439756], [85.36591733075817, 28.25198826148145], [85.36590513454317, 28.252032098521372], [85.3658929383173, 28.252075935559517], [85.36588074208056, 28.252119772595893], [85.36586903765631, 28.252163710676342], [85.3658581880928, 28.252207824389714], [85.36584733851944, 28.252251938101583], [85.36583648893624, 28.252296051811943], [85.36582563934316, 28.252340165520792], [85.36581478974023, 28.25238427922813], [85.36580394012745, 28.25242839293398], [85.3657986132389, 28.252473150809145], [85.36579619171957, 28.252518247566027], [85.36579377019721, 28.25256334432249], [85.36579134867182, 28.252608441078536], [85.36578892714338, 28.25265353783417], [85.3657865056119, 28.252698634589393], [85.36578746172664, 28.252743715120143], [85.36579043565034, 28.252788785958362], [85.36579340957553, 28.252833856796325], [85.36579710908477, 28.25287886163232], [85.36580454593074, 28.252923526505985], [85.36581198278193, 28.25296819137923], [85.36581941963837, 28.253012856252052], [85.36582685650004, 28.25305752112444], [85.36583748333152, 28.253101612121338], [85.36585032001682, 28.253145305565877], [85.3658631567117, 28.25318899900938], [85.36587396497431, 28.25323310542837], [85.36588396938656, 28.253277375506492], [85.36589397380614, 28.253321645583966], [85.36590397823306, 28.253365915660765], [85.36591398266734, 28.253410185736893], [85.36592703942337, 28.253453812219057], [85.365940641885, 28.25349732363788], [85.36595424435681, 28.253540835055553], [85.3659678468388, 28.253584346472056], [85.36598144933099, 28.253627857887402], [85.36599505183335, 28.25367136930159], [85.36600865434592, 28.253714880714618], [85.36602225686866, 28.253758392126482], [85.36603585940159, 28.25380190353719], [85.36605030552332, 28.253845171947354], [85.36606821876833, 28.253887441627533], [85.36608613202671, 28.253929711305712], [85.36610404529847, 28.253971980981866]]}, "properties": {"highway": "primary", "ref": null, "name": "Pasang Laahamu", "length_m": 590, "blocks": true}}, {"type": "Feature", "geometry": {"type": "LineString", "coordinates": [[85.36613987188214, 28.254056520328152], [85.36615778519405, 28.25409878999827], [85.36617569851933, 28.254141059666384]]}, "properties": {"highway": "primary", "ref": null, "name": "Pasang Laahamu", "length_m": 15, "blocks": false}}, {"type": "Feature", "geometry": {"type": "LineString", "coordinates": [[85.36634749560949, 28.254468281084257], [85.3663700909615, 28.254508753589942], [85.36639268632995, 28.254549226092376], [85.36640713870256, 28.25459248301038], [85.36642112887154, 28.254635897976502], [85.36643511905099, 28.25467931294139], [85.36644910924095, 28.25472272790505], [85.36646309944138, 28.254766142867496], [85.36647708965229, 28.254809557828708], [85.3664910798737, 28.254852972788694], [85.36650507010557, 28.254896387747458], [85.36651906034795, 28.254939802704996], [85.36653305060081, 28.2549832176613], [85.36654758398053, 28.255026487166162], [85.36656311211226, 28.255069490271328], [85.36657864025564, 28.255112493375005], [85.36659416841066, 28.255155496477155], [85.36660969657733, 28.255198499577812], [85.36662522475564, 28.25524150267696], [85.3666407529456, 28.255284505774608], [85.36665628114721, 28.25532750887074], [85.36667180936047, 28.25537051196536], [85.36668733758538, 28.255413515058486]]}, "properties": {"highway": "primary", "ref": null, "name": "Pasang Laahamu", "length_m": 115, "blocks": true}}, {"type": "Feature", "geometry": {"type": "LineString", "coordinates": [[85.36682709213375, 28.25580054282877], [85.36684262047513, 28.255843545906828], [85.36685814882817, 28.25588654898337], [85.36687367719286, 28.255929552058415], [85.36688873304439, 28.25597268637454], [85.36690372606252, 28.256015838144208], [85.36691871772912, 28.256058990283666], [85.36693370894855, 28.256102142546588], [85.36694870017922, 28.256145294808107]]}, "properties": {"highway": "primary", "ref": null, "name": "Pasang Laahamu", "length_m": 45, "blocks": true}}, {"type": "Feature", "geometry": {"type": "LineString", "coordinates": [[85.36718856139964, 28.256835730801374], [85.36720355282151, 28.25687888303902]]}, "properties": {"highway": "primary", "ref": null, "name": "Pasang Laahamu", "length_m": 10, "blocks": false}}, {"type": "Feature", "geometry": {"type": "LineString", "coordinates": [[85.36727851009961, 28.25709464420614], [85.36729350158896, 28.257137796435345]]}, "properties": {"highway": "primary", "ref": null, "name": "Pasang Laahamu", "length_m": 10, "blocks": false}}, {"type": "Feature", "geometry": {"type": "LineString", "coordinates": [[85.36735006847132, 28.25726323334274], [85.367372160274, 28.257303923471387], [85.36739425209284, 28.25734461359692]]}, "properties": {"highway": "primary", "ref": null, "name": "Pasang Laahamu", "length_m": 15, "blocks": false}}, {"type": "Feature", "geometry": {"type": "LineString", "coordinates": [[85.36746052764627, 28.257466683954885], [85.36748263405623, 28.257507367881324]]}, "properties": {"highway": "primary", "ref": null, "name": "Pasang Laahamu", "length_m": 10, "blocks": false}}, {"type": "Feature", "geometry": {"type": "LineString", "coordinates": [[85.36755350825003, 28.25762703175709], [85.36758318392148, 28.257663745457126]]}, "properties": {"highway": "primary", "ref": null, "name": "Pasang Laahamu", "length_m": 10, "blocks": false}}, {"type": "Feature", "geometry": {"type": "LineString", "coordinates": [[85.36764253532446, 28.2577371728398], [85.36767221105599, 28.257773886522454], [85.36770188680754, 28.257810600199313], [85.3677315625791, 28.25784731387038], [85.36776123837069, 28.257884027535663], [85.36779091418231, 28.257920741195143], [85.36782134815338, 28.25795690682061], [85.36785603477524, 28.25798999838532], [85.36789072141846, 28.258023089941965], [85.36792540808305, 28.25805618149053], [85.367960094769, 28.258089273031022], [85.36799478147633, 28.258122364563445], [85.368029468205, 28.2581554560878], [85.36806836387248, 28.258184077659223], [85.36811136702352, 28.25820833702026], [85.36815437019446, 28.258232596368483], [85.36819737338531, 28.258256855703902], [85.36824037659609, 28.258281115026495], [85.36828337982676, 28.258305374336288]]}, "properties": {"highway": "primary", "ref": null, "name": "Pasang Laahamu", "length_m": 95, "blocks": true}}, {"type": "Feature", "geometry": {"type": "LineString", "coordinates": [[85.36854714185783, 28.258441858011054], [85.36859295770796, 28.25846167389926]]}, "properties": {"highway": "primary", "ref": null, "name": "Pasang Laahamu", "length_m": 10, "blocks": false}}, {"type": "Feature", "geometry": {"type": "LineString", "coordinates": [[85.37042882877762, 28.259625080964778], [85.3704659558339, 28.259656027532454], [85.3705030829117, 28.259686974090805], [85.370540210011, 28.25971792063981], [85.37057504555506, 28.259750717605755], [85.3706064384576, 28.259786294481206]]}, "properties": {"highway": "primary", "ref": null, "name": "Pasang Laahamu", "length_m": 30, "blocks": true}}, {"type": "Feature", "geometry": {"type": "LineString", "coordinates": [[85.37166187538698, 28.260858152663637], [85.37167428034736, 28.26090194403086]]}, "properties": {"highway": "primary", "ref": null, "name": "Pasang Laahamu", "length_m": 10, "blocks": false}}, {"type": "Feature", "geometry": {"type": "LineString", "coordinates": [[85.37176110511331, 28.261110093120227], [85.37179273141224, 28.261145507870253], [85.37182435773187, 28.261180922613647], [85.37185598407217, 28.2612163373504], [85.37188761043318, 28.26125175208052], [85.37191923681486, 28.261287166804017], [85.37196145428868, 28.261311167685307], [85.37200682920201, 28.261331765848613], [85.37205220413337, 28.261352363997513], [85.37209757908279, 28.261372962131997], [85.37214295405026, 28.261393560252067], [85.37218832903575, 28.261414158357738], [85.3722337040393, 28.26143475644899]]}, "properties": {"highway": "primary", "ref": null, "name": "Pasang Laahamu", "length_m": 65, "blocks": true}}, {"type": "Feature", "geometry": {"type": "LineString", "coordinates": [[85.37360456843666, 28.262956082978754], [85.37361621440041, 28.263000037506334], [85.37362786037282, 28.263043992033055]]}, "properties": {"highway": "primary", "ref": null, "name": "Pasang Laahamu", "length_m": 15, "blocks": false}}, {"type": "Feature", "geometry": {"type": "LineString", "coordinates": [[85.37364979564829, 28.263403842269202], [85.37365125384544, 28.263448971576317]]}, "properties": {"highway": "primary", "ref": null, "name": "Pasang Laahamu", "length_m": 10, "blocks": false}}, {"type": "Feature", "geometry": {"type": "LineString", "coordinates": [[85.37363833362734, 28.263764795848058], [85.3736364728644, 28.26380991354719], [85.37363461209891, 28.26385503124594], [85.37363275133083, 28.263900148944312]]}, "properties": {"highway": "primary", "ref": null, "name": "Pasang Laahamu", "length_m": 20, "blocks": false}}, {"type": "Feature", "geometry": {"type": "LineString", "coordinates": [[85.37362716901119, 28.264035502037185], [85.37362836676458, 28.264080629231064], [85.37362987007225, 28.264125757373453], [85.37363137338019, 28.26417088551559], [85.37364159935375, 28.264214240448325], [85.3736624806547, 28.264255429285992], [85.37368336197106, 28.264296618120884], [85.37370424330283, 28.264337806953016], [85.37373001990603, 28.264376340437206], [85.37376198240428, 28.26441151849672], [85.3737939449233, 28.264446696549445], [85.3738284448974, 28.26447963668607], [85.37386805328852, 28.26450807142495], [85.37390766170087, 28.264536506153096], [85.37394727013448, 28.264564940870514], [85.37398820922606, 28.264591817033466], [85.3740299109273, 28.264617799982016], [85.37407161264915, 28.264643782918576], [85.37411331439155, 28.264669765843145], [85.37415501615453, 28.264695748755724], [85.3741967179381, 28.264721731656312], [85.37423841974227, 28.264747714544907], [85.374280121567, 28.264773697421514], [85.37432182341232, 28.26479968028612], [85.37436352527821, 28.264825663138748], [85.37440522716469, 28.26485164597937], [85.37444692907175, 28.264877628808012], [85.3744886309994, 28.26490361162466], [85.37453033294761, 28.26492959442931], [85.37457203491643, 28.264955577221972], [85.37461373690581, 28.264981560002642], [85.37465543891578, 28.26500754277133], [85.37469714094634, 28.26503352552801], [85.37473884299746, 28.265059508272707], [85.37478054506917, 28.265085491005408], [85.37482224716146, 28.265111473726115], [85.37486394927434, 28.265137456434836], [85.3749056514078, 28.265163439131566], [85.37494735356185, 28.265189421816295], [85.37498905573646, 28.265215404489037], [85.37503075793167, 28.26524138714979], [85.37507246014745, 28.26526736979855], [85.37511416238382, 28.265293352435314], [85.37515586464077, 28.26531933506008], [85.3751975669183, 28.265345317672868], [85.37523926921641, 28.26537130027365], [85.37528049174652, 28.265397823951073], [85.37531889865932, 28.265427522995203], [85.37535730559355, 28.265457222029273], [85.37539571254925, 28.265486921053306], [85.37543411952639, 28.265516620067295], [85.37547252652496, 28.265546319071234], [85.37551093354497, 28.265576018065136], [85.37554934058645, 28.265605717048988], [85.37558774764936, 28.2656354160228], [85.37562615473372, 28.265665114986565], [85.37566456183953, 28.26569481394029], [85.37570296896676, 28.265724512883967], [85.37574137675996, 28.26575421116417], [85.37577978836924, 28.26578390558711], [85.3758182, 28.2658136]]}, "properties": {"highway": "primary", "ref": null, "name": "Pasang Laahamu", "length_m": 305, "blocks": true}}, {"type": "Feature", "geometry": {"type": "LineString", "coordinates": [[85.35472329061281, 28.210016623012994], [85.3547378515542, 28.210045524493577], [85.35472993258377, 28.21009309132333], [85.35472201360521, 28.210140658152003], [85.35471409461852, 28.21018822497961], [85.3547204600543, 28.21023570480291], [85.3547291166955, 28.210283170670444], [85.35473777334327, 28.210330636537442], [85.3547464299976, 28.210378102403897], [85.3547550866585, 28.2104255682698], [85.35476374332598, 28.210473034135166], [85.3547724, 28.210520499999998]]}, "properties": {"highway": "path", "ref": null, "name": null, "length_m": 60, "blocks": true}}, {"type": "Feature", "geometry": {"type": "LineString", "coordinates": [[85.3665421, 28.255011299999996], [85.3665909026306, 28.254996882132083]]}, "properties": {"highway": "path", "ref": null, "name": null, "length_m": 10, "blocks": false}}, {"type": "Feature", "geometry": {"type": "LineString", "coordinates": [[85.36675208919392, 28.25442703334658], [85.36674178721758, 28.254382401632764], [85.36673013196943, 28.25433843632839], [85.36669274617309, 28.25430714179991], [85.36665564977623, 28.254275584478254], [85.36661937480866, 28.254243281227687], [85.3665876603475, 28.254208007824438], [85.36657128494315, 28.254166134986708], [85.36657255849435, 28.254120594577806], [85.36657415424304, 28.25407509757251], [85.36658823342155, 28.25403128222696], [85.36660231258769, 28.253987466879213], [85.36662023907621, 28.253944891839645], [85.36664127008838, 28.253903317643154], [85.36663736987784, 28.253860169325705], [85.36662321363951, 28.253816373456818], [85.36660330316438, 28.253774540845896], [85.36658061064905, 28.25373365742595], [85.36655791815043, 28.253692774002722], [85.36654281279495, 28.253649249831582], [85.36652799122669, 28.25360562688912], [85.36651316966966, 28.253562003945294], [85.36649834812383, 28.253518381000085], [85.36648352658923, 28.253474758053517], [85.36647078982372, 28.253430663139895], [85.36646014674815, 28.253386094239573], [85.3664495036805, 28.25334152533851], [85.36643886062078, 28.253296956436714], [85.36642821756895, 28.25325238753417], [85.36641757452507, 28.253207818630898], [85.36640526589872, 28.253163596410115], [85.36639236997624, 28.253119496432678], [85.36637947406349, 28.253075396454197], [85.36636657816047, 28.253031296474656], [85.36635368226717, 28.25298719649408], [85.36634078638359, 28.252943096512443], [85.36632789050972, 28.252898996529765], [85.36631499464559, 28.25285489654603], [85.36630209879117, 28.25281079656125], [85.36628870695337, 28.252766828411758], [85.36627204208865, 28.25272373024339], [85.36625537723654, 28.252680632073275], [85.36623871239702, 28.252637533901428], [85.3662220475701, 28.25259443572785], [85.3662053827558, 28.252551337552536], [85.36618871795407, 28.252508239375487], [85.3661789718078, 28.252463779565243], [85.36616641115306, 28.25242092233867], [85.3661335176888, 28.252387400400362], [85.36608338400423, 28.25237717645718], [85.36604120378688, 28.25236033849924], [85.36603282402204, 28.252315392499735], [85.36602628149826, 28.252270504803267], [85.36603827335574, 28.25222620528301], [85.36605026520238, 28.252181905761017], [85.36606225703817, 28.252137606237284], [85.36607424886313, 28.25209330671181], [85.3660888429297, 28.252049680616125], [85.3661056798296, 28.252006634939534], [85.36612251671517, 28.251963589260036], [85.3661393535864, 28.25192054357764], [85.36615554741857, 28.251877318159405], [85.36616967115224, 28.25183351412561], [85.36618273114513, 28.251789479124206], [85.36619155850715, 28.251744759639408], [85.36618859484564, 28.25169928091359], [85.36619067442314, 28.251654405084864], [85.36619978808078, 28.251610074041295], [85.36620138105518, 28.251564541506344], [85.36617012843202, 28.251529179605058], [85.3661293642053, 28.251501389808222], [85.3660886, 28.2514736]]}, "properties": {"highway": "path", "ref": null, "name": null, "length_m": 359, "blocks": true}}, {"type": "Feature", "geometry": {"type": "LineString", "coordinates": [[85.3540329, 28.286931500000005], [85.35398262177424, 28.286924066677976], [85.35393230344631, 28.28691696543314], [85.35388138632995, 28.286914821940822], [85.35383046921662, 28.286912678429598], [85.3537795571162, 28.286911550487726], [85.35372866309545, 28.286914087542876], [85.35367776907329, 28.286916624578932], [85.35362687504974, 28.286919161595925], [85.35357598102478, 28.286921698593833], [85.35352508699842, 28.28692423557266], [85.35347419297065, 28.28692677253242], [85.35342329894146, 28.286929309473102], [85.35337240491089, 28.286931846394694], [85.3533215108789, 28.28693438329721], [85.3532706168455, 28.286936920180658], [85.3532197228107, 28.286939457045023], [85.3531688287745, 28.286941993890313], [85.35311791493227, 28.286940003690546], [85.3530670002285, 28.286937815851346], [85.35301608552781, 28.286935627993234], [85.35296544051506, 28.28693159938441], [85.35291557968478, 28.28692221837532], [85.35286571886417, 28.286912837348364], [85.35281585805322, 28.286903456303545], [85.35276684412315, 28.286891556543004], [85.35271930307705, 28.28687527626997], [85.35267176204619, 28.28685899598094], [85.35262422103052, 28.28684271567592], [85.3525766800301, 28.286826435354918], [85.35252764113812, 28.286814541830402], [85.3524778720714, 28.28680478673074], [85.35242755090847, 28.28679944211803], [85.35237657652905, 28.286799315739636], [85.35232576112405, 28.28680022519928], [85.35227667223357, 28.28681238450272], [85.35222758333279, 28.28682454378804], [85.35217882274334, 28.28683764776988], [85.35213050109067, 28.286852014766964], [85.35208217942584, 28.286866381746364], [85.35203693756176, 28.286887119131006], [85.35199183417397, 28.28690814296569], [85.35194673076901, 28.28692916678468]]}, "properties": {"highway": "trunk", "ref": null, "name": null, "length_m": 215, "blocks": true}}, {"type": "Feature", "geometry": {"type": "LineString", "coordinates": [[85.351111399804, 28.287264413420267], [85.35106501640517, 28.287283128499862]]}, "properties": {"highway": "trunk", "ref": null, "name": null, "length_m": 10, "blocks": false}}, {"type": "Feature", "geometry": {"type": "LineString", "coordinates": [[85.35092483772648, 28.2873372315781], [85.35087810794494, 28.28735525890417], [85.35083137814833, 28.28737328621353], [85.35078692762542, 28.287395213407603], [85.35074330744726, 28.28741856135136], [85.3506996872505, 28.2874419092803], [85.35065606703519, 28.287465257194434], [85.35061244680128, 28.287488605093753], [85.35056882654881, 28.287511952978246], [85.35052520627778, 28.287535300847942], [85.35048158598818, 28.28755864870282], [85.35043796567999, 28.287581996542876], [85.35039434535322, 28.287605344368124], [85.350348397837, 28.287624743212092]]}, "properties": {"highway": "trunk", "ref": null, "name": null, "length_m": 70, "blocks": true}}, {"type": "Feature", "geometry": {"type": "LineString", "coordinates": [[85.35009997454088, 28.287664228944216], [85.3500490009894, 28.287664562606654], [85.34999802743862, 28.287664896250025], [85.34994705388854, 28.28766522987437], [85.34989608033918, 28.28766556347965], [85.34984519829214, 28.287668167240085], [85.34979432749213, 28.28767105006154], [85.34974531244556, 28.28768183241281], [85.34969736043607, 28.28769713991194], [85.34964940841361, 28.28771244739361], [85.34960332900633, 28.28773157424253], [85.34955794670347, 28.287752122912607], [85.34951256438379, 28.287772671566806], [85.34946718204725, 28.287793220205124], [85.34942179969389, 28.287813768827558], [85.34937641732365, 28.287834317434115], [85.3493310349366, 28.287854866024798], [85.3492856525327, 28.2878754145996], [85.34924027011195, 28.28789596315852], [85.34919488767437, 28.28791651170156], [85.34914950521993, 28.287937060228725], [85.34910412274866, 28.287957608740005], [85.34905874026055, 28.28797815723541], [85.34901335775557, 28.287998705714934], [85.34896797523378, 28.28801925417858], [85.34892259269513, 28.288039802626344], [85.34887827480017, 28.288061995081307], [85.34883530930266, 28.288086275889427], [85.34879234378606, 28.288110556683133], [85.34875034204647, 28.288135985614105], [85.34871168028386, 28.288165393406555], [85.34867301850015, 28.288194801187046], [85.34863435669531, 28.28822420895557], [85.34860264123485, 28.28825868562017], [85.34857740390598, 28.288297889519843], [85.3485521665581, 28.288337093413848], [85.34852692919117, 28.288376297302204], [85.34849677959244, 28.28841244462504], [85.34846365003564, 28.288446737712732], [85.34843052045743, 28.28848103079133], [85.34839610962429, 28.28851425465896], [85.34835938560475, 28.288545548157572], [85.34832266156376, 28.288576841645263], [85.34828387768194, 28.288605920554378], [85.34824213152747, 28.288631814652803], [85.34820038535312, 28.288657708737528], [85.34815863915891, 28.28868360280854], [85.34811689294484, 28.288709496865845], [85.3480751467109, 28.288735390909434], [85.3480334004571, 28.28876128493932], [85.34799165418342, 28.288787178955484], [85.34795336053529, 28.2888169026048], [85.34791557483597, 28.28884718967881], [85.34787778911534, 28.28887747674132], [85.3478404330022, 28.288908141104297], [85.34780651554735, 28.288941825401096], [85.34777259807102, 28.288975509688395], [85.3477386805732, 28.289009193966223], [85.34770731285113, 28.289044444757252], [85.34768352572854, 28.289084352857614], [85.34765973858762, 28.289124260952864], [85.34763595142837, 28.289164169043005], [85.34761216425079, 28.28920407712803], [85.34759608702849, 28.289246609764284], [85.34758353545661, 28.28929034257096], [85.34757098387354, 28.289334075375784], [85.34755843227933, 28.28937780817875]]}, "properties": {"highway": "trunk", "ref": null, "name": null, "length_m": 335, "blocks": true}}, {"type": "Feature", "geometry": {"type": "LineString", "coordinates": [[85.34753693871322, 28.289465947292157], [85.34752847951489, 28.28951044368179], [85.34752002030858, 28.289554940070328], [85.34751156109427, 28.289599436457767], [85.34750310187194, 28.28964393284411]]}, "properties": {"highway": "trunk", "ref": null, "name": null, "length_m": 25, "blocks": true}}, {"type": "Feature", "geometry": {"type": "LineString", "coordinates": [[85.3474155051028, 28.290041735695116], [85.34739817487622, 28.29008417009528], [85.3473808446351, 28.290126604492407], [85.34736351437944, 28.29016903888651], [85.34734618410926, 28.29021147327758], [85.34732885382452, 28.290253907665615], [85.34731378962458, 28.290296982374798], [85.34730013769794, 28.290340456146616], [85.34728648575935, 28.290383929916338], [85.34727283380879, 28.290427403683957], [85.34725918184624, 28.290470877449486], [85.34725059131844, 28.290515149288435], [85.34724644381316, 28.290560121691467], [85.34724229630338, 28.290605094093944], [85.3472381487891, 28.29065006649586], [85.34723400127032, 28.290695038897226], [85.34722985374707, 28.29074001129803]]}, "properties": {"highway": "trunk", "ref": null, "name": null, "length_m": 85, "blocks": true}}, {"type": "Feature", "geometry": {"type": "LineString", "coordinates": [[85.3549766156897, 28.217681019452087], [85.355015661799, 28.217651739607316], [85.35505470788715, 28.217622459750377], [85.35509375395415, 28.217593179881266], [85.3551328, 28.217563900000002]]}, "properties": {"highway": "path", "ref": null, "name": null, "length_m": 25, "blocks": true}}, {"type": "Feature", "geometry": {"type": "LineString", "coordinates": [[85.36690354170345, 28.2558965158183], [85.3668755, 28.255934600000003]]}, "properties": {"highway": "path", "ref": null, "name": null, "length_m": 10, "blocks": false}}, {"type": "Feature", "geometry": {"type": "LineString", "coordinates": [[85.36704818939693, 28.25242864995563], [85.36701350595234, 28.252461735234014], [85.36698080599673, 28.252496024673903], [85.36695845686678, 28.25253659801171], [85.3669361077193, 28.25257717134492], [85.36691375855425, 28.252617744673543], [85.36689140937165, 28.25265831799757], [85.3668690601715, 28.252698891317014], [85.3668467109538, 28.252739464631862], [85.36682436171854, 28.252780037942117], [85.3668026496331, 28.25282077893002], [85.3667963450673, 28.252865574688624], [85.36679004049526, 28.252910370446433], [85.36678373591695, 28.25295516620346], [85.36677743133241, 28.252999961959688], [85.36677112674161, 28.253044757715124], [85.36676482214456, 28.25308955346977], [85.36675851754124, 28.253134349223625], [85.36675221293169, 28.25317914497669], [85.36673666983165, 28.2532220496819], [85.3667201318345, 28.25326475073936], [85.36670359382336, 28.25330745179401], [85.36668705579825, 28.253350152845854], [85.36667051775915, 28.25339285389489], [85.36665343615532, 28.253435378099763], [85.36663481737853, 28.253477402195156], [85.36661619858637, 28.25351942628716], [85.36659757977888, 28.253561450375773], [85.36657896095603, 28.25360347446099], [85.36656559402209, 28.253646788701538], [85.3665571, 28.2536913]]}, "properties": {"highway": "path", "ref": null, "name": null, "length_m": 155, "blocks": true}}, {"type": "Feature", "geometry": {"type": "LineString", "coordinates": [[85.36168955826058, 28.226812154540365], [85.36166247309232, 28.226773672313072], [85.36161603317419, 28.226762240348656], [85.36158267200898, 28.22679317139967], [85.36155219486426, 28.2268298575989]]}, "properties": {"highway": "track", "ref": null, "name": null, "length_m": 25, "blocks": true}}, {"type": "Feature", "geometry": {"type": "LineString", "coordinates": [[85.36146626794168, 28.22674431852259], [85.36148799331892, 28.226703035791903], [85.36151516620158, 28.226665390446396], [85.36155399731616, 28.226635529474457], [85.36159282840924, 28.22660566849046], [85.36163165948086, 28.22657580749441], [85.36166800686658, 28.226544710405054], [85.36167660993321, 28.22649980539955], [85.36168508801056, 28.226454883568728], [85.36169193700965, 28.22640974244151], [85.36165523847049, 28.22638824642416], [85.36160671120926, 28.22637317306887], [85.36155818396247, 28.226358099696874], [85.36150965673014, 28.2263430263082], [85.36146112951225, 28.226327952902828], [85.3614148320938, 28.226311636300043], [85.3614204700299, 28.22626636397018], [85.36142610796024, 28.226221091639594], [85.36143174588481, 28.2261758193083], [85.36143738380362, 28.22613054697628], [85.3614470714511, 28.22608616416807]]}, "properties": {"highway": "track", "ref": null, "name": null, "length_m": 105, "blocks": true}}, {"type": "Feature", "geometry": {"type": "LineString", "coordinates": [[85.36155979825041, 28.225261135647912], [85.36153406975271, 28.225221699205], [85.36150834127344, 28.22518226275782], [85.36148261281257, 28.225142826306364], [85.36147460028775, 28.22510055183925], [85.36148310251029, 28.225055631780744]]}, "properties": {"highway": "track", "ref": null, "name": null, "length_m": 30, "blocks": true}}, {"type": "Feature", "geometry": {"type": "LineString", "coordinates": [[85.36149457864344, 28.224828715807984], [85.36149468112221, 28.224783169000894], [85.36149478359987, 28.224737622193498], [85.36149488607641, 28.224692075385814], [85.36149498855184, 28.224646528577836], [85.36149509102614, 28.224600981769562], [85.36149519349934, 28.224555434960998], [85.36149529597141, 28.224509888152124], [85.36149539844236, 28.224464341342966], [85.3614956235406, 28.22441880957628], [85.36150950108063, 28.224374952547326], [85.36152337860845, 28.224331095516217], [85.36153725612402, 28.22428723848296], [85.36155113362739, 28.224243381447547], [85.36156140023333, 28.22419970230532], [85.36154211685486, 28.224157478982463], [85.36152283349084, 28.224115255657274], [85.36150355014125, 28.224073032329756], [85.36148426680612, 28.224030808999895], [85.36146498348543, 28.223988585667698], [85.36144570017919, 28.22394636233317], [85.36142641688738, 28.223904138996293], [85.36140713361003, 28.223861915657096], [85.36138785034711, 28.223819692315562], [85.36136856709865, 28.22377746897169], [85.36134928386461, 28.223735245625477], [85.36132968775577, 28.22369313588396], [85.36130996088927, 28.22365107362216], [85.36129023403753, 28.22360901135792], [85.36127050720053, 28.22356694909123], [85.36125078037828, 28.223524886822098], [85.36123105357076, 28.223482824550512], [85.36121132677802, 28.223440762276482], [85.3611916, 28.2233987]]}, "properties": {"highway": "track", "ref": null, "name": null, "length_m": 170, "blocks": true}}, {"type": "Feature", "geometry": {"type": "LineString", "coordinates": [[85.36132100006418, 28.22276437814687], [85.36136870011595, 28.222780604163674], [85.36141640018289, 28.2227968301644], [85.36146410026505, 28.222813056149047], [85.36151263816745, 28.222824618486403], [85.36156366845147, 28.222822307022685], [85.3616146987343, 28.222819995539826], [85.36165469396167, 28.22280155820152], [85.3616806173797, 28.22276255734228], [85.36171920422365, 28.222734641881463], [85.36176292942832, 28.222711224473198]]}, "properties": {"highway": "path", "ref": null, "name": null, "length_m": 55, "blocks": true}}, {"type": "Feature", "geometry": {"type": "LineString", "coordinates": [[85.35583823574252, 28.206418046636294], [85.35582406109936, 28.206374574661602], [85.35580608748693, 28.206332257182975], [85.35578715315788, 28.206290231664962], [85.3557682188429, 28.206248206144704], [85.35574928454203, 28.206206180622193], [85.35573035025524, 28.206164155097436], [85.35571141598254, 28.20612212957043], [85.35569248172393, 28.206080104041185], [85.35567354747943, 28.206038078509685], [85.35565461324899, 28.20599605297595], [85.35563567903264, 28.20595402743996], [85.3556164366504, 28.205912135176156], [85.35559067909205, 28.20587306044602], [85.35556492155196, 28.205833985711596], [85.35553916403012, 28.205794910972898], [85.35551340652655, 28.205755836229915], [85.35548764904124, 28.205716761482666], [85.35546189157417, 28.205677686731132], [85.35543613412536, 28.205638611975317], [85.35541037669479, 28.205599537215225]]}, "properties": {"highway": "path", "ref": null, "name": null, "length_m": 104, "blocks": true}}, {"type": "Feature", "geometry": {"type": "LineString", "coordinates": [[85.3552688, 28.206901699999992], [85.35527343304958, 28.206946838650577], [85.35527806610204, 28.206991977300884], [85.35528269915739, 28.207037115950904], [85.35528733221562, 28.207082254600646], [85.35529196527676, 28.20712739325011], [85.35529040229136, 28.207172612817647], [85.35528727330525, 28.20721785283616], [85.35528414431549, 28.207263092854184], [85.35528101532206, 28.20730833287175], [85.355277886325, 28.20735357288885], [85.35527475732428, 28.20739881290547], [85.35527603791611, 28.207444037538952], [85.35527956903782, 28.207489254321278], [85.35528310016146, 28.207534471103337], [85.35528663128709, 28.207579687885154], [85.35529016241465, 28.20762490466671], [85.3552936935442, 28.207670121448025], [85.3552972246757, 28.20771533822908], [85.35530075580915, 28.207760555009884], [85.35530428694459, 28.207805771790436], [85.35531777238597, 28.207849435105192], [85.35533189700789, 28.207892998670044], [85.3553460216404, 28.207936562233648], [85.35536014628352, 28.20798012579601], [85.35536166412288, 28.208022305214556], [85.3553359611152, 28.208061495965744], [85.35531025808825, 28.208100686711095], [85.35528314418337, 28.208138976175665], [85.35524928279966, 28.20817295526771], [85.35521542139435, 28.2082069343503], [85.35518155996749, 28.20824091342345], [85.35516879425411, 28.208283378817832], [85.35516219584404, 28.208328325178467], [85.35515559742747, 28.208373271538264], [85.35514899900437, 28.208418217897236], [85.35514344439324, 28.208463194678185], [85.3551466934267, 28.208508428046994], [85.3551499424619, 28.208553661415547], [85.35515319149884, 28.208598894783854], [85.35515644053748, 28.20864412815191], [85.35515968957787, 28.208689361519717], [85.35516293861997, 28.208734594887275], [85.35516618766378, 28.20877982825458], [85.3551705062378, 28.208824991322686], [85.3551748288908, 28.208870154122597], [85.35517915154641, 28.20891531692222], [85.35518347420465, 28.208960479721586], [85.35518779686554, 28.209005642520676], [85.35519211952902, 28.20905080531949], [85.35519644219517, 28.20909596811805], [85.35520076486394, 28.20914113091633], [85.3552053345615, 28.209186270407205], [85.35521184746409, 28.209231226554934], [85.35521836037115, 28.209276182702315], [85.35522487328268, 28.209321138849333], [85.35523191482659, 28.209365248561248], [85.35527836930738, 28.209346250580708]]}, "properties": {"highway": "path", "ref": null, "name": null, "length_m": 288, "blocks": true}}, {"type": "Feature", "geometry": {"type": "LineString", "coordinates": [[85.3547724, 28.210520499999998], [85.35472122868023, 28.210532900196682], [85.35467005734957, 28.210545300373685], [85.35461888600803, 28.21055770053103], [85.35456771465562, 28.210570100668708], [85.35451654329232, 28.210582500786714], [85.35446537191814, 28.210594900885056], [85.35441420053309, 28.210607300963723], [85.35436302913716, 28.210619701022733], [85.35431185773034, 28.210632101062068], [85.35426068631266, 28.21064450108174], [85.35420951488408, 28.210656901081737], [85.35415834344462, 28.210669301062065], [85.3541071719943, 28.21068170102273], [85.35405600053309, 28.21069410096373], [85.354004829061, 28.21070650088506], [85.35395365757803, 28.210718900786716], [85.35390248608418, 28.210731300668712], [85.35385131457946, 28.210743700531037], [85.35380014306385, 28.21075610037369], [85.35374897153737, 28.210768500196675], [85.3536978, 28.210780899999996]]}, "properties": {"highway": "footway", "ref": null, "name": "Out of order", "length_m": 109, "blocks": true}}, {"type": "Feature", "geometry": {"type": "LineString", "coordinates": [[85.3538579, 28.203563000000003], [85.35381288469777, 28.203539807339425], [85.35376786941553, 28.203516614664785], [85.35372285415328, 28.203493421976066], [85.353677838911, 28.203470229273275], [85.35363282368868, 28.2034470365564], [85.35360865280828, 28.203406470145485], [85.35358526192914, 28.20336525361663], [85.35356187106733, 28.203324037084297], [85.35353848022287, 28.203282820548488], [85.35351508939573, 28.203241604009182], [85.35349425309411, 28.203199785967534], [85.35349145638709, 28.20315372022176], [85.35348865968142, 28.20310765447574], [85.35347832153764, 28.203062751699708], [85.3534633827034, 28.203018558399435], [85.35344844388055, 28.20297436509777], [85.35343350506913, 28.202930171794716], [85.35341856626914, 28.202885978490272], [85.35340362748056, 28.202841785184443], [85.35340070851474, 28.20279686785357], [85.35340875711523, 28.20275128988061], [85.3534168057079, 28.202705711906592], [85.35342485429268, 28.20266013393152], [85.35343290286963, 28.202614555955392], [85.35344095143873, 28.202568977978224], [85.353449, 28.202523399999997]]}, "properties": {"highway": "track", "ref": null, "name": null, "length_m": 133, "blocks": true}}, {"type": "Feature", "geometry": {"type": "LineString", "coordinates": [[85.3673789293492, 28.257749605651863], [85.36740212624133, 28.25770866056399], [85.36744665085611, 28.257674107058538], [85.36749117544234, 28.257639553537203]]}, "properties": {"highway": "path", "ref": null, "name": null, "length_m": 19, "blocks": false}}, {"type": "Feature", "geometry": {"type": "LineString", "coordinates": [[85.3549022, 28.211771199999998], [85.35491036128808, 28.21172664917391], [85.35491852256843, 28.211682098346763], [85.35492668384104, 28.21163754751857], [85.35493484510592, 28.211592996689326], [85.35494300636304, 28.21154844585903], [85.35495116761243, 28.21150389502769], [85.35495932885406, 28.21145934419529], [85.35496749008797, 28.211414793361843], [85.35497565131412, 28.211370242527355], [85.35498381253255, 28.211325691691815], [85.35499197374324, 28.21128114085522], [85.35500013494617, 28.21123659001758], [85.35500829614138, 28.211192039178886], [85.35501645732883, 28.211147488339144], [85.35503240074249, 28.21110486258836], [85.35505147745428, 28.211063011921464], [85.35507055415046, 28.21102116125104], [85.35508963083105, 28.21097931057708], [85.35510870749602, 28.21093745989959], [85.35512778414535, 28.21089560921857], [85.35513219573188, 28.210850744964468], [85.35513586775073, 28.21080572873444], [85.35513953689738, 28.210760712326966], [85.35514294406238, 28.210715679758064], [85.35514635122351, 28.210670647188667], [85.35514975838078, 28.210625614618777], [85.35515316553418, 28.2105805820484], [85.3551565726837, 28.210535549477537], [85.35515997982937, 28.210490516906177], [85.35516338697116, 28.210445484334336], [85.3551667941091, 28.210400451762006], [85.35517020124315, 28.210355419189185], [85.35517360837335, 28.210310386615873], [85.35517701549969, 28.21026535404207], [85.35518042262215, 28.210220321467784]]}, "properties": {"highway": "unclassified", "ref": null, "name": null, "length_m": 180, "blocks": true}}, {"type": "Feature", "geometry": {"type": "LineString", "coordinates": [[85.35528341751812, 28.209609854712593], [85.35526937585851, 28.209566468962226], [85.35525533420942, 28.20952308321063], [85.35524265939308, 28.20947947258246], [85.35523817845569, 28.209434513863236], [85.35523369752103, 28.20938955514374], [85.35523701642764, 28.20934513524556], [85.35524931112309, 28.209301335404035], [85.35526160580763, 28.209257535560724], [85.35528668207334, 28.209218261480988]]}, "properties": {"highway": "unclassified", "ref": null, "name": null, "length_m": 50, "blocks": true}}, {"type": "Feature", "geometry": {"type": "LineString", "coordinates": [[85.3537258, 28.2091082], [85.3537807999963, 28.209114300010935], [85.3538358, 28.209120399999996]]}, "properties": {"highway": "footway", "ref": null, "name": null, "length_m": 11, "blocks": false}}, {"type": "Feature", "geometry": {"type": "LineString", "coordinates": [[85.3549774, 28.209266299999996], [85.35502817996081, 28.209286140036248], [85.35507895994122, 28.209305980054367], [85.35512973994122, 28.20932582005437], [85.35518051996081, 28.209345660036252], [85.3552313, 28.209365499999997]]}, "properties": {"highway": "footway", "ref": null, "name": null, "length_m": 27, "blocks": true}}, {"type": "Feature", "geometry": {"type": "LineString", "coordinates": [[85.3538358, 28.209120399999996], [85.35388769083092, 28.20912703202217], [85.35393958166927, 28.209133664024918], [85.35399147251506, 28.209140296008243], [85.35404336336832, 28.209146927972135], [85.35409525422901, 28.2091535599166], [85.35414714509714, 28.209160191841633], [85.35419903597271, 28.209166823747253], [85.35425092685576, 28.209173455633426], [85.35430281774623, 28.209180087500176], [85.35435470864415, 28.2091867193475], [85.35440659954952, 28.2091933511754], [85.35445849046233, 28.20919998298387], [85.3545103813826, 28.209206614772903], [85.3545622723103, 28.20921324654252], [85.35461416324546, 28.209219878292703], [85.35466605418804, 28.20922651002346], [85.35471794513809, 28.209233141734785], [85.35476983609558, 28.209239773426685], [85.35482172706052, 28.20924640509915], [85.3548736180329, 28.209253036752195], [85.35492550901273, 28.209259668385812], [85.3549774, 28.209266299999996]]}, "properties": {"highway": "footway", "ref": null, "name": null, "length_m": 113, "blocks": true}}, {"type": "Feature", "geometry": {"type": "LineString", "coordinates": [[85.3537258, 28.2091082], [85.3536861352673, 28.209136591935664], [85.35364647051381, 28.209164983858813], [85.35360680573956, 28.209193375769473], [85.3535671409445, 28.209221767667632], [85.35352747612869, 28.209250159553292], [85.3534878112921, 28.20927855142645], [85.35344814643473, 28.20930694328711], [85.35340848155658, 28.209335335135265], [85.35336881665766, 28.20936372697092], [85.35332446173175, 28.209383297430804], [85.35327448950679, 28.20939230239994], [85.35322451727437, 28.209401307350443], [85.35317454503449, 28.20941031228233]]}, "properties": {"highway": "footway", "ref": null, "name": null, "length_m": 70, "blocks": true}}, {"type": "Feature", "geometry": {"type": "LineString", "coordinates": [[85.3602302, 28.2214846], [85.36025826402114, 28.221446704834488], [85.36028632802203, 28.22140880966219], [85.36031439200266, 28.221370914483096]]}, "properties": {"highway": "path", "ref": null, "name": null, "length_m": 20, "blocks": false}}, {"type": "Feature", "geometry": {"type": "LineString", "coordinates": [[85.3584519, 28.220046599999996], [85.35847023855007, 28.22000443609737], [85.35848857708497, 28.21996227219143]]}, "properties": {"highway": "path", "ref": null, "name": null, "length_m": 15, "blocks": false}}, {"type": "Feature", "geometry": {"type": "LineString", "coordinates": [[85.3642275, 28.251932899999996], [85.36424087976745, 28.251889334893487], [85.36425425952315, 28.251845769784964], [85.36426763926707, 28.251802204674398], [85.36428101899926, 28.251758639561814], [85.3642943987197, 28.251715074447183], [85.3643078132076, 28.25167151779368], [85.36432145456016, 28.251628016346032], [85.36433509590073, 28.2515845148963], [85.36434873722936, 28.251541013444477], [85.36436237854608, 28.251497511990554], [85.36437601985082, 28.251454010534548], [85.36438423499838, 28.251409805724567], [85.36438524741699, 28.251364667276814], [85.36438625983375, 28.25131952882873], [85.36438727224863, 28.251274390380313], [85.36438828466166, 28.251229251931566], [85.36439103792279, 28.251184280912806], [85.36440099349184, 28.25114000259249], [85.36441094905172, 28.25109572427083], [85.36442090460244, 28.251051445947816], [85.364430860144, 28.251007167623477], [85.36444081567639, 28.25096288929779], [85.3644507017351, 28.25091859880679], [85.36446052849669, 28.25087429793253], [85.36447035524922, 28.250829997056947], [85.3644801819927, 28.250785696180053], [85.36449000872712, 28.25074139530183], [85.36449983545245, 28.250697094422286], [85.36450966216874, 28.25065279354142], [85.36451579729996, 28.250608023658902], [85.36452043346291, 28.250563063338298], [85.36452506962098, 28.250518103017104], [85.36452970577417, 28.250473142695295], [85.36453434192246, 28.25042818237288], [85.36453897806588, 28.250383222049866], [85.36454850030086, 28.250338885142103], [85.3645583871365, 28.2502945947535], [85.36456827396303, 28.250250304363554], [85.36457816078044, 28.25020601397227], [85.36458804758875, 28.250161723579662], [85.36459793438796, 28.25011743318573], [85.36459533906414, 28.250072957542923], [85.36458713396489, 28.250028398644567], [85.36457892887152, 28.249983839745717], [85.36457072378401, 28.24993928084638], [85.36456251870239, 28.249894721946557], [85.36455431362661, 28.249850163046244], [85.36454593390275, 28.249805629706184], [85.36453751142855, 28.249761102623047], [85.36452908896042, 28.249716575539406], [85.36452066649832, 28.249672048455256], [85.36451224404227, 28.2496275213706], [85.36450382159227, 28.249582994285436], [85.36449539914831, 28.249538467199773], [85.3644869767104, 28.249493940113602], [85.36447855427852, 28.249449413026923], [85.36447013185271, 28.249404885939736], [85.36444976115918, 28.24936448012938], [85.36442195101637, 28.249326640384492], [85.3643941408928, 28.249288800634577], [85.36436633078846, 28.249250960879603], [85.36433852070337, 28.24921312111959], [85.36431071063751, 28.249175281354535], [85.36428290059088, 28.249137441584434], [85.3642550905635, 28.249099601809284], [85.36422728055535, 28.249061762029093], [85.36419947056645, 28.24902392224386], [85.36416942743922, 28.248987456941922], [85.36413906590538, 28.24895118762282], [85.3641087043918, 28.24891491829763], [85.3640783428985, 28.24887864896637], [85.36404798142543, 28.24884237962905], [85.36401761997266, 28.248806110285635], [85.36398725854012, 28.248769840936145], [85.36395689712786, 28.248733571580583], [85.36392653573587, 28.24869730221895], [85.36389617436414, 28.24866103285124], [85.36386581301268, 28.248624763477448], [85.3638354516815, 28.248588494097582], [85.36380509037055, 28.248552224711638], [85.36379227077876, 28.24850860650305], [85.36377985934914, 28.248464817304303], [85.36376744792875, 28.248421028104573], [85.36375503651762, 28.24837723890387], [85.36374262511575, 28.248333449702205], [85.36373021372314, 28.248289660499548], [85.36371780233979, 28.248245871295918], [85.36370539096568, 28.248202082091325], [85.36369175919732, 28.248158601251145], [85.36367620559953, 28.248115606010522], [85.36366065201341, 28.248072610768386], [85.36364509843894, 28.248029615524747], [85.36362954487613, 28.247986620279598], [85.36361275674018, 28.247944021309383], [85.36359358607142, 28.2479021870857], [85.36357441541688, 28.2478603528597], [85.3635552447766, 28.24781851863139], [85.36353607415057, 28.24777668440077], [85.36351690353878, 28.24773485016784], [85.36349424263435, 28.24769518628172], [85.36345631395423, 28.247665016237054], [85.36341838529559, 28.247634846182613], [85.36338045665842, 28.247604676118407], [85.36334252804272, 28.247574506044433], [85.36330623906308, 28.24754328169971], [85.36328558235768, 28.247502005915077], [85.36326492566751, 28.247460730127756], [85.36324426899257, 28.24741945433773], [85.36322361233289, 28.247378178545013], [85.36320295568844, 28.247336902749584], [85.36318043308977, 28.24729641187188], [85.36315735242961, 28.247256155746495], [85.36313427178624, 28.247215899617697], [85.36311119115958, 28.247175643485498], [85.36308811054967, 28.247135387349907], [85.36306502995653, 28.24709513121089], [85.36303577635631, 28.247058259604454], [85.36300537074082, 28.247022019628236], [85.36297496514561, 28.246985779645925], [85.36294455957068, 28.246949539657525], [85.36291415401602, 28.246913299663024], [85.36288374848166, 28.246877059662435], [85.36285053855134, 28.246842831729932], [85.3628168096143, 28.246808976174943], [85.36278308069843, 28.24677512061236], [85.36274935180379, 28.246741265042175], [85.36271562293031, 28.246707409464396], [85.36268189407802, 28.24667355387901], [85.36264816524694, 28.246639698286035], [85.36261443643704, 28.246605842685458], [85.36258070764832, 28.246571987077274], [85.3625469788808, 28.246538131461502], [85.36250784892307, 28.24650985837341], [85.36246489602952, 28.246485536569928], [85.36242194315591, 28.246461214753662], [85.3623789903022, 28.24643689292463], [85.36233603746844, 28.246412571082832], [85.36229308465461, 28.246388249228257], [85.36225013186069, 28.246363927360903], [85.36221357872434, 28.246333258057103], [85.36218143920021, 28.246298211163666], [85.36214929969692, 28.24626316426336], [85.36211716021444, 28.24622811735621], [85.36208502075277, 28.246193070442192], [85.36205288131193, 28.246158023521325], [85.3620207418919, 28.246122976593604], [85.3619886024927, 28.246087929659023], [85.3619564631143, 28.24605288271759], [85.36192432375674, 28.2460178357693], [85.36188890080653, 28.245985747060075], [85.3618487759814, 28.245957894334317], [85.36180865117737, 28.245930041597532], [85.36176852639444, 28.245902188849733], [85.36172840163262, 28.245874336090914], [85.36168827689191, 28.245846483321074], [85.3616481521723, 28.245818630540203], [85.36160802747378, 28.245790777748315], [85.36156790279637, 28.245762924945392], [85.36153181380605, 28.245731332502043], [85.36149857339231, 28.245697100451075], [85.36146533299966, 28.24566286839275], [85.36143209262809, 28.24562863632705], [85.36139885227762, 28.24559440425399], [85.36136387197382, 28.24556169748899], [85.3613255528945, 28.245531917607554], [85.3612872338366, 28.245502137716137], [85.36124891480016, 28.245472357814727], [85.36121059578512, 28.24544257790335], [85.36117227679152, 28.245412797981977], [85.36113395781938, 28.245383018050628], [85.36109563886865, 28.245353238109292], [85.36105731993935, 28.245323458157984], [85.36101757886131, 28.24529526495177], [85.36097612783462, 28.24526897959511], [85.3609346768286, 28.24524269422662], [85.36089322584327, 28.245216408846296], [85.36085177487858, 28.245190123454165], [85.36081032393454, 28.245163838050196], [85.3607688730112, 28.245137552634414], [85.36072742210851, 28.245111267206802], [85.36068597122649, 28.245084981767377], [85.36064452036511, 28.245058696316118], [85.36060306952442, 28.24503241085304], [85.36056161870438, 28.245006125378143], [85.36052016790502, 28.244979839891414], [85.36047871712633, 28.24495355439286], [85.36043726636827, 28.244927268882492], [85.36040064876605, 28.244895937471643], [85.36036460024556, 28.244864011941658], [85.36032855174655, 28.24483208640292], [85.36029250326905, 28.244800160855416], [85.360256454813, 28.244768235299162], [85.36022040637846, 28.24473630973415], [85.36018435796538, 28.24470438416038], [85.36014830957379, 28.244672458577856], [85.3601122612037, 28.244640532986573], [85.36007621285506, 28.244608607386525], [85.36004016452792, 28.244576681777726], [85.36000411622226, 28.24454475616017], [85.3599680679381, 28.244512830533864], [85.3599320196754, 28.244480904898797], [85.35989441708959, 28.244450460842835], [85.35985581369209, 28.244420970762487], [85.359817210316, 28.244391480672007], [85.35977860696129, 28.24436199057138], [85.35974000362799, 28.244332500460615], [85.35970140031608, 28.244303010339696], [85.35966279672603, 28.24427352051615], [85.35962419286605, 28.244244030981555], [85.35958558190423, 28.2442145487508], [85.3595469709638, 28.244185066509882], [85.35950836004479, 28.244155584258845], [85.35946974914715, 28.244126101997644], [85.35942787007244, 28.244100694895078], [85.35938371534905, 28.244078125346682], [85.35933956064477, 28.244055555784715], [85.35929540595961, 28.24403298620919], [85.35925125129356, 28.244010416620096], [85.35920709664659, 28.24398784701745], [85.35916294201876, 28.243965277401237], [85.35912584147931, 28.24393476933036], [85.35909068563049, 28.243902072777082], [85.35905555322435, 28.243869356508608], [85.35902039225505, 28.243836664292946], [85.35897963336221, 28.24381013220013], [85.35893604966824, 28.24378670860498], [85.35889246599378, 28.24376328499664], [85.35884888233883, 28.24373986137512], [85.35880529870342, 28.243716437740417], [85.35876171508752, 28.243693014092532], [85.35871813149116, 28.24366959043146], [85.35868080471131, 28.243640416850017], [85.35865275740188, 28.243602715577932], [85.35862471471134, 28.243565011618085], [85.35859667802352, 28.24352730416338], [85.35856864135502, 28.24348959670355], [85.35854060470585, 28.24345188923859], [85.35850083705984, 28.243423827010297], [85.35846045068037, 28.2433962735109], [85.3584200643219, 28.243368720000326], [85.35837967798449, 28.243341166478583], [85.35834265369466, 28.24331097007057], [85.35831654748833, 28.243272191010817], [85.35829044130043, 28.24323341194664], [85.35826433513094, 28.243194632878076], [85.35823822897984, 28.243155853805096], [85.35821212284718, 28.243117074727706], [85.35818601673293, 28.24307829564591], [85.35815991063708, 28.243039516559698], [85.35813380455967, 28.243000737469078], [85.35810769850065, 28.24296195837405], [85.35808159246005, 28.24292317927462], [85.35805548643786, 28.242884400170773], [85.35802938043409, 28.242845621062518], [85.35800327444873, 28.242806841949864], [85.35797891353268, 28.242767374706453], [85.35796383409006, 28.242724247500345], [85.35794875465875, 28.242681120292822], [85.35793367523874, 28.242637993083875], [85.35791859583003, 28.242594865873517], [85.35790351643263, 28.24255173866174], [85.35788843704653, 28.24250861144854], [85.35787335767172, 28.24246548423393], [85.35785827830821, 28.24242235701789], [85.35784319895602, 28.242379229800445], [85.35782811961512, 28.24233610258157], [85.35781304028552, 28.242292975361288], [85.35780286088202, 28.24224888662189], [85.35779595582535, 28.24220415535305], [85.35778905077345, 28.24215942408383], [85.35778214572636, 28.24211469281422], [85.35777524068405, 28.242069961544217], [85.35776833564653, 28.24202523027383], [85.35776143061379, 28.241980499003052], [85.35775452558585, 28.24193576773189], [85.35774762056269, 28.24189103646033], [85.35774071554431, 28.241846305188385], [85.35773381053073, 28.241801573916057], [85.35772690552193, 28.241756842643333], [85.35772000051792, 28.24171211137022], [85.35771519978903, 28.24166722514453], [85.3577136673492, 28.241622098251593], [85.35771213490965, 28.24157697135842], [85.35771060247036, 28.24153184446499], [85.35770907003136, 28.241486717571313], [85.35770753759263, 28.241441590677386], [85.35770600515418, 28.24139646378321], [85.35770447271602, 28.241351336888783], [85.35770294027813, 28.24130620999411], [85.357716455586, 28.241263852577934], [85.3577381650939, 28.241223003271195], [85.35775987458462, 28.241182153960082], [85.35778158405813, 28.241141304644596], [85.35780329351445, 28.241100455324734], [85.35782500295356, 28.2410596060005], [85.35784435070266, 28.241018036988244], [85.3578556230968, 28.24097400713645], [85.35786689548074, 28.240929977283056], [85.35787816785451, 28.24088594742808], [85.35788944021812, 28.240841917571515], [85.35790071257152, 28.240797887713356], [85.3579081666783, 28.24075326895609], [85.35791436642799, 28.2407084567359], [85.35792056617153, 28.240663644514925], [85.35792679107043, 28.240618835028844], [85.35793301610117, 28.24057402555699], [85.35793924112572, 28.240529216084354], [85.35794358051291, 28.24048431775275], [85.35794276046917, 28.240439176288604], [85.3579419404251, 28.24039403482419], [85.35794113663675, 28.240348893131177], [85.35794033959102, 28.24030375134318], [85.35793954254495, 28.240258609554914], [85.35793874549856, 28.240213467766388], [85.35792671475497, 28.24017050972596], [85.35790608864652, 28.24012922256162], [85.35788546255328, 28.240087935394588], [85.35787524829288, 28.240107464574763], [85.3578693682947, 28.240152310580235], [85.3578634882906, 28.240197156584955], [85.3578576082806, 28.240242002588932], [85.35785068551343, 28.240286674972385], [85.35783777193537, 28.240330349876118], [85.35782485834591, 28.240374024777925], [85.35781195881569, 28.24041770293712], [85.35779907059778, 28.240461383717413], [85.35778618236846, 28.240505064495775], [85.35777329412775, 28.240548745272218], [85.35776158892656, 28.240592665679223], [85.35775175374492, 28.24063696486792], [85.35774191855421, 28.240681264055283], [85.35773208335443, 28.240725563241323], [85.35772224814559, 28.240769862426053], [85.35771241292767, 28.240814161609443], [85.35770257770068, 28.24085846079152], [85.3576922089439, 28.240902552258248], [85.35766199861064, 28.240938918864618], [85.35763178825655, 28.240975285463286], [85.35760157788167, 28.24101165205422], [85.35757136748597, 28.241048018637432], [85.35754115706949, 28.241084385212922], [85.35751094663219, 28.241120751780695], [85.35748861500865, 28.241160091711762], [85.35747991818609, 28.24120457724306], [85.35747122135537, 28.241249062773218], [85.35746252451645, 28.241293548302245], [85.35745382766937, 28.241338033830147], [85.35744513081411, 28.241382519356915], [85.35744180764124, 28.241427563682286], [85.35743863097028, 28.24147262324202], [85.35743545429564, 28.241517682801287], [85.35743227761732, 28.241562742360088], [85.35742910093533, 28.24160780191841], [85.35742592424965, 28.241652861476272], [85.3574227475603, 28.24169792103365], [85.35741957086728, 28.24174298059057], [85.35741639417057, 28.241788040147014], [85.35741260178034, 28.241833052169543], [85.35740692566473, 28.241877918761556], [85.35740124954339, 28.24192278535285], [85.35739557341631, 28.241967651943426], [85.35738989728348, 28.24201251853329], [85.35738422114491, 28.24205738512243], [85.35737854500061, 28.242102251710858], [85.35737286885056, 28.24214711829856], [85.35736097544205, 28.24219085669515], [85.35734626744876, 28.242234084353697], [85.35733155944276, 28.242277312009904], [85.35731685142403, 28.242320539663776], [85.3573021433926, 28.242363767315304], [85.35728553597438, 28.2423884832395], [85.3572622707936, 28.24234831106294], [85.35726347795448, 28.24230422786595], [85.3572694187882, 28.242259388160747], [85.35727535961598, 28.2422145484548], [85.3572813004378, 28.242169708748094], [85.35727820128218, 28.24212484450785], [85.3572725709167, 28.242079973398006], [85.35726694055494, 28.242035102287836], [85.3572613101969, 28.24199023117735], [85.3572556798426, 28.24194536006655], [85.35724975538011, 28.241900519311162]]}, "properties": {"highway": "unclassified", "ref": null, "name": null, "length_m": 1913, "blocks": true}}, {"type": "Feature", "geometry": {"type": "LineString", "coordinates": [[85.35719298543026, 28.241589647150217], [85.35717588171441, 28.241547116447748], [85.35715877801132, 28.241504585743467]]}, "properties": {"highway": "unclassified", "ref": null, "name": null, "length_m": 15, "blocks": false}}, {"type": "Feature", "geometry": {"type": "LineString", "coordinates": [[85.35711381430754, 28.241329746266167], [85.3571084949307, 28.241284845410604], [85.35714352570537, 28.241252893092685], [85.35718009135391, 28.241221433318582], [85.35721665698102, 28.24118997353366], [85.35722070540271, 28.241147515143638], [85.35721713236418, 28.241102478873955], [85.35721355932768, 28.241057442604028], [85.35721022107046, 28.24101239975819], [85.35721057335351, 28.240967253547115], [85.35721092563524, 28.240922107335738], [85.35721127791567, 28.24087696112406], [85.35720681289328, 28.240832339045017]]}, "properties": {"highway": "unclassified", "ref": null, "name": null, "length_m": 65, "blocks": true}}, {"type": "Feature", "geometry": {"type": "LineString", "coordinates": [[85.35942906389836, 28.23264824762859], [85.35947794477849, 28.232661823605312], [85.35952755037503, 28.232673180036997], [85.35957715598298, 28.232684536451096], [85.35962676160233, 28.232695892847612], [85.35967636723309, 28.232707249226557], [85.35972597287525, 28.232718605587902], [85.35977672166767, 28.232722000031238], [85.35982795781692, 28.232722000059454], [85.35987919396719, 28.232722000068456], [85.35993043011848, 28.232722000058253], [85.3599816662708, 28.23272200002884], [85.36003148603687, 28.23272828787773], [85.3600788, 28.232745699999995]]}, "properties": {"highway": "path", "ref": null, "name": null, "length_m": 69, "blocks": true}}, {"type": "Feature", "geometry": {"type": "LineString", "coordinates": [[85.35987157566478, 28.231606192486872], [85.35992160054924, 28.231595874026954], [85.35997162542499, 28.231585555548303], [85.36002165029204, 28.231575237050933], [85.36007167515037, 28.231564918534826], [85.36012170000001, 28.2315546]]}, "properties": {"highway": "path", "ref": null, "name": null, "length_m": 30, "blocks": true}}, {"type": "Feature", "geometry": {"type": "LineString", "coordinates": [[85.35907570000002, 28.23426509999999], [85.35905920643633, 28.234307915738245], [85.35904271285867, 28.234350731473683], [85.35902621926705, 28.234393547206334], [85.35900690100881, 28.2344353966281], [85.35898661176823, 28.234476913880453], [85.35896632251121, 28.23451843112889], [85.35894631551719, 28.234560054561037], [85.35892666494702, 28.234601812074693], [85.35890701436082, 28.234643569584648], [85.35888736375861, 28.23468532709088], [85.35886771314037, 28.234727084593406], [85.35884872105507, 28.234769079235118], [85.35882989270299, 28.234811132839138], [85.35881106433538, 28.2348531864397], [85.35879310031176, 28.234895462901854], [85.35878349757286, 28.234939895224993], [85.35877389482505, 28.234984327546847], [85.35876429206833, 28.23502875986741], [85.3587546893027, 28.235073192186693], [85.35874348975597, 28.23511731619218], [85.3587313371218, 28.235161256171267], [85.35871918447674, 28.235205196148588], [85.35870703182084, 28.23524913612415], [85.35869669166938, 28.235293329920307], [85.35869294349683, 28.235338446848893], [85.35868919532011, 28.235383563776953], [85.35868445199472, 28.235428589835642], [85.35867772663529, 28.23547343491019], [85.35867100126926, 28.2355182799839], [85.3586642758966, 28.23556312505676], [85.35865627126412, 28.23560780016875], [85.35864784204627, 28.23565241887083], [85.35863941282042, 28.23569703757182], [85.3586309835866, 28.235741656271713], [85.35862455263818, 28.235786453662598], [85.35862274019674, 28.23583166405101], [85.35862092775277, 28.235876874439043], [85.35861268650557, 28.23592070626917], [85.35859094589978, 28.23596164336887], [85.35856765407704, 28.23600188553702], [85.35854329809814, 28.23604165097338], [85.35851894210063, 28.23608141640442], [85.35849458608449, 28.236121181830136], [85.35846094348898, 28.236154951326473], [85.35842564479361, 28.236187651555937], [85.35839034607666, 28.236220351775213], [85.35836769876286, 28.23626060890048], [85.35834668932925, 28.2363018443658], [85.35832548049717, 28.23634299409476], [85.35830188548194, 28.236383117790435], [85.35827829044845, 28.236423241481067], [85.35825469539671, 28.23646336516666], [85.35822795206306, 28.236501870745922], [85.3582003197544, 28.236539919425777], [85.35817258110897, 28.236577895041915], [85.35813782815337, 28.236611050676306], [85.35810307517619, 28.2366442063008], [85.35806252994465, 28.236671217017925], [85.35801948551243, 28.236695576375453], [85.3579856558732, 28.236729361663368], [85.35795227181899, 28.236763602758273], [85.35792016065827, 28.23679875622123], [85.3578893041874, 28.23683480900522], [85.35786287304022, 28.236873361783807], [85.35783896485606, 28.236913339860667], [85.35781505665348, 28.23695331793237], [85.35779114843251, 28.236993295998932], [85.35777278060966, 28.237035435496175], [85.35775561004195, 28.237078042071012], [85.35773843945978, 28.23712064864288], [85.35772126886317, 28.23716325521175], [85.35769998753241, 28.237204363602473], [85.35767832163585, 28.23724533183791], [85.35766342790569, 28.237287861936046], [85.35765977777153, 28.237332985142135], [85.35765609393701, 28.237378106197294], [85.35765240097419, 28.237423226669662], [85.35764870800725, 28.2374683471415], [85.35764501503618, 28.237513467612835], [85.35763924585581, 28.23755838743311], [85.35763186297942, 28.237603151300856], [85.3576244800959, 28.23764791516767], [85.35761709720522, 28.23769267903354], [85.35763212226816, 28.237735510221466], [85.35764912655374, 28.23777816909549], [85.35766613085208, 28.23782082796771], [85.35768313516316, 28.237863486838126], [85.35770426017271, 28.237904575068555], [85.35772755470217, 28.237944836369017], [85.35775084924852, 28.237985097666023], [85.35776437223372, 28.238028446990253], [85.35777512122485, 28.23807267295858], [85.35778587022392, 28.23811689892616], [85.3577966941419, 28.23816110926709], [85.35780936386203, 28.238204934587635], [85.35782203359165, 28.23824875990717], [85.35783470333072, 28.238292585225686], [85.35784941396858, 28.238335900926685], [85.35786446185459, 28.238379132417162], [85.35786731004794, 28.23842270806397], [85.35785539955312, 28.238466700056563], [85.35784695072857, 28.238511132703437], [85.3578443874918, 28.238556314558327], [85.35784182425184, 28.238601496412794], [85.35783374480764, 28.238646078455048], [85.3578238894312, 28.238690467388544], [85.35781400958426, 28.238734852038437], [85.35780405229558, 28.238779223131452], [85.3577940949977, 28.238823594223117], [85.3577814725227, 28.23886742675046], [85.35777530249854, 28.23891223081583], [85.35777087855818, 28.238957299689304], [85.35775421605425, 28.23900003827576], [85.35773733228096, 28.23904273473116], [85.35772060648357, 28.239085479685613], [85.35770402748345, 28.23912826970736]]}, "properties": {"highway": "path", "ref": null, "name": null, "length_m": 583, "blocks": true}}, {"type": "Feature", "geometry": {"type": "LineString", "coordinates": [[85.3576909014158, 28.239216717074097], [85.35769141457017, 28.239261953626553], [85.35769120257912, 28.239307189492727], [85.35769058029199, 28.239352424970466], [85.35770088201899, 28.239395828514013], [85.35772013681918, 28.23943773064646], [85.3577393916337, 28.23947963277656], [85.35775879415095, 28.239521480819068], [85.35777858088176, 28.23956318816088], [85.35779836762725, 28.239604895500225], [85.35776904093318, 28.239622724118973], [85.3577186841164, 28.239630327981303], [85.35766832729344, 28.23963793182477], [85.35761797046429, 28.23964553564938], [85.35756761362896, 28.23965313945512], [85.35751725678743, 28.239660743242002], [85.35746689993972, 28.23966834701001], [85.35741800889335, 28.23967956998126]]}, "properties": {"highway": "path", "ref": null, "name": null, "length_m": 90, "blocks": true}}, {"type": "Feature", "geometry": {"type": "LineString", "coordinates": [[85.3578794, 28.2400758], [85.3578783880485, 28.240029287703166], [85.3578773760968, 28.23998277540606], [85.3578745974394, 28.239936372930092], [85.35786826229872, 28.23989019153105], [85.35785747250011, 28.23984476096456], [85.35784420832444, 28.239799747454672], [85.35783094415898, 28.239754733943677], [85.35781830322638, 28.239709611725218], [85.3578113016107, 28.23966350586281], [85.3578043, 28.239617399999997]]}, "properties": {"highway": "path", "ref": null, "name": null, "length_m": 52, "blocks": true}}, {"type": "Feature", "geometry": {"type": "LineString", "coordinates": [[85.3618006, 28.2264317], [85.3618001800033, 28.22648204000075], [85.36179976000496, 28.22653238000112], [85.36179934000495, 28.22658272000112], [85.36179892000331, 28.22663306000074]]}, "properties": {"highway": "primary", "ref": null, "name": null, "length_m": 23, "blocks": true}}, {"type": "Feature", "geometry": {"type": "LineString", "coordinates": [[85.3715733, 28.28523240000001], [85.3715387032078, 28.285266582080826], [85.3715041063934, 28.2853007641518], [85.37146950955676, 28.28533494621292], [85.3714349126979, 28.285369128264204], [85.3714003158168, 28.285403310305636], [85.37136571891348, 28.28543749233721], [85.37133112198794, 28.285471674358945], [85.37129652504018, 28.285505856370843], [85.37125966147346, 28.285538031452937], [85.37122103727964, 28.285568647625418], [85.37118241306383, 28.28559926378593], [85.37114378882605, 28.285629879934465], [85.37110308807765, 28.285658129317007], [85.37106001683746, 28.285683676854344], [85.3710169455771, 28.285709224377147], [85.37097387429655, 28.28573477188541], [85.37092974465983, 28.285758653414987], [85.37088270848972, 28.285777959679315], [85.37083567230331, 28.28579726592669], [85.37078863610058, 28.28581657215709], [85.37074159988157, 28.28583587837053], [85.37069244333449, 28.285850336460683], [85.37064298267464, 28.285864099204467], [85.3705935220029, 28.285877861929773], [85.37054406131931, 28.285891624636605], [85.37049460062383, 28.285905387324963], [85.3704451399165, 28.285919149994847]]}, "properties": {"highway": "trunk", "ref": null, "name": null, "length_m": 139, "blocks": true}}, {"type": "Feature", "geometry": {"type": "LineString", "coordinates": [[85.37029317500267, 28.28594756022756], [85.37024215081495, 28.28595570321693], [85.37019112662041, 28.285963846186906], [85.37014010241909, 28.28597198913748], [85.37008907821098, 28.285980132068648], [85.37003805399605, 28.28598827498042], [85.36998702977435, 28.28599641787278], [85.36993600554585, 28.28600456074574], [85.36988498131055, 28.286012703599305], [85.36983395706847, 28.28602084643345], [85.36978293281959, 28.2860289892482], [85.36973184174467, 28.28603679347385], [85.3696807208755, 28.28604444674665], [85.36962960000001, 28.2860521]]}, "properties": {"highway": "trunk", "ref": null, "name": null, "length_m": 70, "blocks": true}}, {"type": "Feature", "geometry": {"type": "LineString", "coordinates": [[85.36962960000001, 28.2860521], [85.36956220000447, 28.28606055001686], [85.3694948, 28.286068999999994]]}, "properties": {"highway": "trunk", "ref": null, "name": null, "length_m": 13, "blocks": false}}, {"type": "Feature", "geometry": {"type": "LineString", "coordinates": [[85.3694948, 28.286068999999994], [85.36944404283696, 28.2860736454596], [85.3693932856705, 28.28607829090015], [85.36934252850061, 28.286082936321634], [85.36929177132731, 28.28608758172407], [85.36924101415057, 28.28609222710744], [85.36919025697043, 28.286096872471745], [85.36913949978685, 28.286101517817], [85.36908874259987, 28.286106163143188], [85.36903798540945, 28.286110808450324], [85.36898722821562, 28.286115453738397], [85.36893647101836, 28.286120099007412], [85.36888571381766, 28.286124744257368], [85.36883477120548, 28.28612669166074], [85.36878375217832, 28.28612752715407], [85.36873273315136, 28.28612836262829], [85.3686817141246, 28.286129198083415], [85.36863069509808, 28.286130033519427], [85.36857967607175, 28.286130868936343], [85.36852865704563, 28.286131704334156], [85.36847771627049, 28.286134080533984], [85.36842681836056, 28.2861373007986], [85.36837592044859, 28.286140521044114], [85.36832576287772, 28.286147009232153], [85.36827739777384, 28.286161409599607], [85.36822903265772, 28.286175809949356], [85.3681806675294, 28.286190210281397], [85.36813429154726, 28.286208989450362], [85.3680881280199, 28.286228236327226], [85.36804196447656, 28.28624748318774], [85.36799580091726, 28.286266730031898], [85.367949637342, 28.28628597685971], [85.36790347375076, 28.28630522367116], [85.36785731014353, 28.28632447046626], [85.36780984880424, 28.286339408400348], [85.3677589878451, 28.286343058483734], [85.36770848504062, 28.286343562152684], [85.36765946911753, 28.28633100367004], [85.3676104532068, 28.286318445170252], [85.3675631597225, 28.28630162287426], [85.36751626175202, 28.286283821520673], [85.36746925695505, 28.2862662434623], [85.3674221809294, 28.28624881429612], [85.36737510491979, 28.286231385114277], [85.36732686248885, 28.28621679793925], [85.36727812610924, 28.286203414285357], [85.36722938974266, 28.286190030614545], [85.3671806533891, 28.28617664692681], [85.36713184549066, 28.286163512188086], [85.36708180929787, 28.286154650980414], [85.3670317731143, 28.286145789754734], [85.36698173693996, 28.286136928511045], [85.36693102621769, 28.28613218699805], [85.36688020692874, 28.286128108551296], [85.36682938764466, 28.286124030085766], [85.36677848035629, 28.2861213163336], [85.36672746688775, 28.286120249110386], [85.36667648852068, 28.286118731156023], [85.3666257921608, 28.28611359198024], [85.36657509580678, 28.286108452785825], [85.36652531551192, 28.2860993214493], [85.36647637161273, 28.286086545164395], [85.36642742772608, 28.286073768862398], [85.36637848385197, 28.28606099254332], [85.3663295399904, 28.286048216207153], [85.36628059614137, 28.286035439853894], [85.36623165230489, 28.28602266348356], [85.36618270848095, 28.28600988709614], [85.36613376466954, 28.28599711069162], [85.36608482087067, 28.28598433427002], [85.36603587708436, 28.285971557831335], [85.36598693331058, 28.285958781375566], [85.36593775585854, 28.28594708645095], [85.3658869402787, 28.28594297299267], [85.36583612470376, 28.285938859515632], [85.36578524706272, 28.28593574982419], [85.3657342278805, 28.285934929145853], [85.3656832728568, 28.28593495985249], [85.36563282880176, 28.285941771475702], [85.3655823994378, 28.28594864458007], [85.36553316031284, 28.28596049845669], [85.36548392117783, 28.285972352315074], [85.36543561779467, 28.28598680833964], [85.3653876981902, 28.286002331600923], [85.36533977857259, 28.28601785484476], [85.36529132142218, 28.286031906501858], [85.36524220602908, 28.286044156098452], [85.3651930906256, 28.286056405676888], [85.36514260712752, 28.28606260138501], [85.36509200124762, 28.286067333625123], [85.36504265902131, 28.286055820445227], [85.36499483354687, 28.286040919482836], [85.36494997725939, 28.28601938661676], [85.3649051209905, 28.285997853736628], [85.36486026474026, 28.28597632084244], [85.3648154085086, 28.285954787934205], [85.36477055229557, 28.2859332550119], [85.3647255969172, 28.285911926958864], [85.36467704523461, 28.285898027774273], [85.36462849356549, 28.28588412857292], [85.3645799419098, 28.285870229354785], [85.36453139026753, 28.285856330119877], [85.36448283863872, 28.2858424308682], [85.36443428702333, 28.285828531599755], [85.36438573542138, 28.285814632314537], [85.36433718383289, 28.28580073301254], [85.36428863225781, 28.285786833693788], [85.36424008069619, 28.285772934358246], [85.36419152914799, 28.285759035005942], [85.36414297761326, 28.285745135636862], [85.36409442609192, 28.285731236251014], [85.36404587458405, 28.285717336848396], [85.36399644995068, 28.285706820411022], [85.36394589665268, 28.285700677006815], [85.36389534336149, 28.285694533584135], [85.36384471227932, 28.285689356217624], [85.36379368571716, 28.285689089857208], [85.36374265915624, 28.285688823477727], [85.3636916325966, 28.28568855707918], [85.36364070458426, 28.28569099563909], [85.36358980344123, 28.285694171757974], [85.36353890229617, 28.285697347857756], [85.3634880011491, 28.285700523938434], [85.3634371, 28.285703699999996]]}, "properties": {"highway": "trunk", "ref": null, "name": null, "length_m": 616, "blocks": true}}, {"type": "Feature", "geometry": {"type": "LineString", "coordinates": [[85.3634371, 28.285703699999996], [85.36338204999838, 28.285703800033303], [85.36332699999785, 28.28570390004441], [85.36327194999838, 28.285704000033302], [85.3632169, 28.285704099999993]]}, "properties": {"highway": "trunk", "ref": null, "name": null, "length_m": 22, "blocks": true}}, {"type": "Feature", "geometry": {"type": "LineString", "coordinates": [[85.3632169, 28.285704099999993], [85.3631657496908, 28.28570213412378], [85.3631145993845, 28.28570016822847], [85.36306344908111, 28.285698202314073], [85.3630122987806, 28.285696236380595], [85.362961148483, 28.285694270428024], [85.36291041344762, 28.28568909141439], [85.36286008320468, 28.285680780383885], [85.36280975297052, 28.28567246933514], [85.36275942274511, 28.285664158268155], [85.36270909252849, 28.285655847182937], [85.36265855326886, 28.285648843467833], [85.36260759444862, 28.285644463662777], [85.36255663563355, 28.28564008383887], [85.3625055951868, 28.285638703847255], [85.3624544572411, 28.285640906583605], [85.36240345461289, 28.28564406652826], [85.36235328034304, 28.28565308619591], [85.36230310606568, 28.285662105844736], [85.36225408236186, 28.28567477029802], [85.3622058940686, 28.28569008119361], [85.3621577057623, 28.285705392071584], [85.362109517443, 28.285720702931933], [85.36206132911072, 28.285736013774677], [85.3620131407654, 28.28575132459979], [85.36196495240708, 28.28576663540729], [85.36191676403575, 28.285781946197165], [85.36186800616487, 28.28579575820523], [85.36181916005611, 28.285809338003133], [85.36177031393576, 28.28582291778302], [85.36172146780386, 28.28583649754488], [85.3616726216604, 28.285850077288718], [85.36162377550538, 28.285863657014538], [85.36157492933876, 28.28587723672234], [85.3615260831606, 28.28589081641211], [85.36147723697087, 28.285904396083872], [85.36142839076958, 28.28591797573761], [85.3613795445567, 28.28593155537332], [85.36133069833228, 28.285945134991014], [85.36128185209628, 28.28595871459069], [85.36123224709124, 28.285969740180835], [85.36118217336366, 28.285979188052757], [85.36113154719143, 28.28598457756077], [85.3610803713756, 28.28598592923944], [85.36102919555948, 28.28598728089888], [85.36097888871774, 28.28597981329408], [85.36092874999545, 28.285970639511294], [85.36087942907248, 28.285958827101577], [85.3608310212779, 28.285944068496498], [85.36078261349748, 28.285929309874767], [85.36073420573122, 28.28591455123641], [85.36068579797913, 28.2858997925814], [85.36063739024121, 28.285885033909757], [85.36058898251744, 28.28587027522146], [85.36053901119125, 28.28586098234122], [85.3604885024303, 28.285853568146447], [85.36043799367731, 28.28584615393326], [85.36038748493229, 28.28583873970167], [85.36033697619523, 28.285831325451674], [85.36028646746615, 28.285823911183268], [85.36023595874504, 28.28581649689646], [85.36018545003189, 28.285809082591246], [85.36013442629914, 28.28580555486316], [85.3600833503472, 28.28580242121369], [85.36003227439927, 28.285799287545224], [85.35998121911493, 28.28579746559749], [85.35993026171289, 28.28580185848823], [85.35987930430767, 28.285806251359766], [85.35983136614037, 28.285820472006943], [85.35978491351274, 28.28583952819495], [85.35974256051534, 28.285864560991826], [85.35970203332043, 28.285892255530968], [85.35966150610479, 28.2859199500571], [85.35962097886842, 28.285947644570214], [85.35958045161132, 28.28597533907032], [85.35953907781928, 28.286001915161478], [85.35949472830764, 28.286024559808496], [85.35945037877771, 28.286047204440255], [85.35940602922953, 28.286069849056748], [85.35935900986712, 28.28608771680717], [85.35931176675403, 28.286105184228163], [85.35926392158868, 28.286120931914326], [85.35921379863423, 28.28613017311729], [85.35916367567206, 28.286139414301463], [85.35911355270217, 28.286148655466864], [85.35906342972454, 28.286157896613492], [85.3590133067392, 28.28616713774134], [85.35896318374614, 28.286176378850413], [85.35891306074535, 28.2861856199407], [85.35886293773683, 28.28619486101221], [85.3588128147206, 28.28620410206495], [85.35876269169663, 28.286213343098904], [85.35871256866494, 28.28622258411408], [85.35866244562551, 28.28623182511048], [85.35861232257838, 28.28624106608811], [85.35856219952352, 28.28625030704695], [85.35851207646093, 28.286259547987015], [85.35846195339062, 28.286268788908302], [85.35841183031259, 28.286278029810816], [85.35836170722683, 28.28628727069455]]}, "properties": {"highway": "trunk", "ref": null, "name": null, "length_m": 499, "blocks": true}}, {"type": "Feature", "geometry": {"type": "LineString", "coordinates": [[85.35796073694287, 28.286361259055145], [85.35791064266832, 28.286370621679012]]}, "properties": {"highway": "trunk", "ref": null, "name": null, "length_m": 10, "blocks": false}}, {"type": "Feature", "geometry": {"type": "LineString", "coordinates": [[85.35766332347538, 28.286427591394585], [85.35761485662393, 28.286442197728345], [85.35756638976004, 28.28645680404431], [85.35751792288373, 28.28647141034248], [85.35746945599499, 28.286486016622856], [85.35742098909382, 28.28650062288544], [85.35737252218023, 28.28651522913024], [85.357324076556, 28.286529890106763], [85.35727572768056, 28.286544799760076], [85.35722737879242, 28.28655970939566], [85.35717902989161, 28.286574619013525], [85.35713068097813, 28.286589528613668], [85.35708186238097, 28.286602979692994], [85.3570318992728, 28.28661287665215], [85.3569819361563, 28.286622773592626], [85.35693197303148, 28.286632670514404], [85.3568814625786, 28.286640052169332], [85.35683092118303, 28.286647291633056], [85.35677990774889, 28.286649717535614], [85.35672871308714, 28.28665029535885], [85.35667751842584, 28.286650873162856], [85.35662632376503, 28.286651450947637], [85.35657512910467, 28.286652028713196], [85.35652393444481, 28.286652606459537], [85.3564728377741, 28.286654170119956], [85.35642231554513, 28.286661513654746], [85.35637179331017, 28.286668857170532], [85.35632127106926, 28.28667620066733], [85.35627158048673, 28.28668681635723], [85.35622237328498, 28.28669933394553], [85.35617316607258, 28.28671185151559], [85.35612395884951, 28.28672436906741], [85.35607475161581, 28.286736886600988], [85.35602554437143, 28.286749404116325], [85.35597633711643, 28.28676192161342], [85.35592712985077, 28.286774439092266], [85.35587792257445, 28.286786956552877], [85.3558287152875, 28.286799473995245], [85.35577950798988, 28.286811991419373], [85.35573030068161, 28.28682450882526], [85.3556810933627, 28.286837026212897], [85.35563188603315, 28.286849543582303], [85.35558267869293, 28.286862060933455], [85.35553347134207, 28.28687457826637], [85.35548426398054, 28.286887095581047], [85.35543505660837, 28.286899612877484], [85.35538639934116, 28.286913687806823], [85.35533789963772, 28.286928208894256], [85.3552894019706, 28.286942734869005], [85.35524189506928, 28.286959633034307]]}, "properties": {"highway": "trunk", "ref": null, "name": null, "length_m": 250, "blocks": true}}, {"type": "Feature", "geometry": {"type": "LineString", "coordinates": [[85.35500436034867, 28.287044123602854], [85.35495685336174, 28.287061021664957]]}, "properties": {"highway": "trunk", "ref": null, "name": null, "length_m": 10, "blocks": false}}, {"type": "Feature", "geometry": {"type": "LineString", "coordinates": [[85.35408411144125, 28.28695043595494], [85.3540329, 28.286931500000005]]}, "properties": {"highway": "trunk", "ref": null, "name": null, "length_m": 10, "blocks": false}}, {"type": "Feature", "geometry": {"type": "LineString", "coordinates": [[85.3643247, 28.2520836], [85.36434222686297, 28.252126068957857], [85.36435975373908, 28.252168537913793], [85.36435569698466, 28.25221241111704], [85.36434536844268, 28.25225669236591], [85.36433503989123, 28.25230097361337], [85.36432471133031, 28.25234525485943], [85.36431438275991, 28.252389536104065], [85.36430405418005, 28.252433817347285], [85.36429372559073, 28.25247809858911], [85.36428339699192, 28.25252237982951], [85.36427306838365, 28.252566661068503], [85.36427899780591, 28.2526110244439], [85.36428875512593, 28.252655407157608], [85.36429851245308, 28.252699789870686], [85.36430826978737, 28.252744172583128], [85.36431802712883, 28.252788555294924], [85.36433302245389, 28.252831734090684], [85.36434887545514, 28.252874715756207], [85.36436472846827, 28.25291769742017], [85.36438058149334, 28.25296067908256], [85.36439643453028, 28.253003660743378], [85.36441228757914, 28.253046642402623], [85.3644281406399, 28.253089624060298], [85.36444399371257, 28.253132605716413], [85.3644579046024, 28.253175991218914], [85.3644653147282, 28.253220728450838], [85.36447272485921, 28.253265465682325], [85.36448013499543, 28.25331020291339], [85.36448754513688, 28.253354940144035], [85.36449495528356, 28.25339967737426], [85.36450236543546, 28.25344441460405], [85.36450977559257, 28.25348915183342], [85.36451718575488, 28.25353388906236], [85.36452459592242, 28.253578626290885], [85.3645405747025, 28.253620675304365], [85.36456662643387, 28.253659564149288], [85.36459267818367, 28.253698452989827], [85.3646187299519, 28.253737341825964], [85.36463077652571, 28.253780625717066], [85.36463819560956, 28.253825361789612], [85.36464561469863, 28.253870097861732], [85.36465303379293, 28.253914833933436], [85.36466045289247, 28.253959570004696], [85.36466787199723, 28.254004306075544], [85.3646752911072, 28.254049042145965], [85.36468271022241, 28.254093778215953], [85.36469012934286, 28.254138514285525], [85.36469970883829, 28.25418291092844], [85.36471012472752, 28.254227176161923], [85.36472054062443, 28.2542714413947], [85.36473095652903, 28.25431570662676], [85.3647413724413, 28.25435997185811], [85.36475178836126, 28.254404237088757], [85.3647622042889, 28.25444850231868], [85.3647726202242, 28.254492767547898], [85.3647830361672, 28.254537032776412], [85.36479345211788, 28.254581298004208], [85.36480665147347, 28.254624873292745], [85.36482370463405, 28.2546674933152], [85.3648407578074, 28.254710113335822], [85.36485781099356, 28.25475273335464], [85.36487486419249, 28.25479535337163], [85.36489191740421, 28.254837973386806], [85.3649089706287, 28.254880593400166], [85.36492602386599, 28.25492321341169], [85.36494235148012, 28.254966053482107], [85.36495838853685, 28.25500898167076], [85.3649744256056, 28.255051909857805], [85.36499046268641, 28.255094838043238], [85.36500649977926, 28.255137766227072], [85.36502253688414, 28.25518069440929], [85.36503857400108, 28.255223622589906], [85.36505461113005, 28.25526655076892], [85.36506518325466, 28.255310524594606], [85.36507059474967, 28.255355485829213], [85.36507600624823, 28.25540044706351], [85.36508141775035, 28.255445408297497], [85.36508682925603, 28.25549036953118], [85.36509224076525, 28.255535330764545], [85.36509765227802, 28.255580291997607], [85.36510306379436, 28.25562525323036], [85.36510847531424, 28.2556702144628], [85.36510957595226, 28.255713928936814], [85.36507523462559, 28.255747393180638], [85.36504481243615, 28.255736249669944], [85.3650167291063, 28.25569848545921], [85.36498864579585, 28.255660721243334], [85.36496253650544, 28.255622077867788], [85.36494503775884, 28.255579599644893], [85.36492753902537, 28.255537121420065], [85.36491004030499, 28.255494643193334], [85.36489254159771, 28.25545216496468], [85.36487504290355, 28.255409686734115], [85.36485754422249, 28.25536720850162], [85.36484279360734, 28.25532410017016], [85.36483480880061, 28.255279440517178], [85.36482682399956, 28.255234780863724], [85.36481883920423, 28.255190121209804], [85.36481085441459, 28.2551454615554], [85.36479420391326, 28.255103271044053], [85.36477127565531, 28.255062869270215], [85.36474834741408, 28.255022467493013], [85.36472541918954, 28.25498206571245], [85.36470548025979, 28.254940719646765], [85.36469435074729, 28.2548965907799], [85.36468322124304, 28.254852461912236], [85.36467209174705, 28.25480833304377], [85.3646548814055, 28.254766362797145], [85.36462850165677, 28.254727647570824], [85.36460212192662, 28.254688932340006], [85.36457574221508, 28.25465021710467], [85.36454794625523, 28.254612526089005], [85.36451037229855, 28.25458190638945], [85.36447279836342, 28.254551286680336], [85.36443522444989, 28.25452066696164], [85.36440052900336, 28.25448782057445], [85.36437130718106, 28.254450740002927], [85.36434208537865, 28.254413659425786], [85.36431286359611, 28.25437657884307], [85.36428364183347, 28.254339498254733], [85.36425442009072, 28.2543024176608], [85.36422519836783, 28.25426533706127], [85.36419597666485, 28.25422825645613], [85.36416675498172, 28.254191175845392], [85.36414876635027, 28.25414920809955], [85.36413347317077, 28.254106067653055], [85.36411818000275, 28.25406292720511], [85.36409609436441, 28.254041967038617], [85.36405828331431, 28.254072356852525], [85.36402047224284, 28.254102746654944], [85.36402584313213, 28.254145428977587], [85.36403656991136, 28.25418963594797], [85.36404729669854, 28.254233842917618], [85.36405802349366, 28.254278049886505], [85.3640687502967, 28.254322256854653], [85.36407947710767, 28.25436646382205], [85.36409020392655, 28.254410670788694], [85.36410614876895, 28.254453592252766], [85.364122748465, 28.254496352389502], [85.36413934817348, 28.254539112524515], [85.36415594789443, 28.254581872657806], [85.36417254762783, 28.254624632789376], [85.3641891473737, 28.25466739291922], [85.36420654922333, 28.254709893162964], [85.36422503834876, 28.25475204112244], [85.364243527488, 28.25479418907979], [85.36426201664105, 28.254836337034984], [85.3642805058079, 28.254878484988023], [85.36428798107978, 28.254922077060495], [85.3642840801075, 28.25496716076233], [85.36428017913093, 28.25501224446363], [85.36427627815006, 28.255057328164398], [85.36427237716492, 28.255102411864634], [85.36426847617548, 28.255147495564334], [85.36427096640581, 28.255192463841006], [85.36427694023624, 28.255237369205183], [85.3642829140707, 28.25528227456902], [85.36428888790917, 28.255327179932518], [85.36429486175167, 28.255372085295694], [85.36429599359056, 28.255417212918307], [85.3642952958279, 28.255462424523675], [85.36429459806364, 28.255507636128723], [85.36429390029778, 28.25555284773346], [85.36429320253032, 28.255598059337878], [85.36429076495028, 28.255643053781572], [85.3642773203931, 28.255686674351626], [85.36426387582408, 28.255730294919637], [85.36425043124325, 28.2557739154856], [85.3642369866506, 28.25581753604952], [85.3642235420461, 28.255861156611388], [85.36421009742979, 28.255904777171214], [85.36420707114969, 28.25594958827512], [85.36420756780208, 28.255994801958284], [85.36420806445388, 28.256040015641183], [85.36420856110509, 28.25608522932381], [85.3642090577557, 28.256130443006157], [85.3642081412157, 28.25617561309659]]}, "properties": {"highway": "unclassified", "ref": null, "name": null, "length_m": 889, "blocks": true}}, {"type": "Feature", "geometry": {"type": "LineString", "coordinates": [[85.3642516012572, 28.256938676103136], [85.36425695915419, 28.256983642353138], [85.3642623170547, 28.257028608602827]]}, "properties": {"highway": "unclassified", "ref": null, "name": null, "length_m": 15, "blocks": false}}, {"type": "Feature", "geometry": {"type": "LineString", "coordinates": [[85.36470093712283, 28.257323988642042], [85.36474291367321, 28.257349738285978], [85.36478489024414, 28.25737548791776], [85.36482712391629, 28.257400883982225], [85.36487097180904, 28.257424060072942], [85.36491481972125, 28.257447236150302], [85.36495866765293, 28.257470412214296], [85.36500251560408, 28.25749358826493], [85.36504636357466, 28.257516764302203], [85.36509021156473, 28.25753994032611], [85.36513405957425, 28.25756311633666], [85.36515383230575, 28.257589635417933], [85.36512010204365, 28.257623583887078], [85.36508637176003, 28.25765753234683], [85.3650526414549, 28.25769148079721], [85.36501891112826, 28.2577254292382], [85.3649851807801, 28.257759377669817], [85.36495145041043, 28.257793326092045], [85.36491772001924, 28.257827274504894], [85.36487509338355, 28.2578451649659]]}, "properties": {"highway": "unclassified", "ref": null, "name": null, "length_m": 100, "blocks": true}}, {"type": "Feature", "geometry": {"type": "LineString", "coordinates": [[85.36488945756098, 28.257946090775786], [85.36494029292109, 28.257950387643973], [85.36499112828628, 28.25795468449342], [85.36504196365657, 28.257958981324112], [85.3650927990319, 28.257963278136053], [85.36514182183268, 28.257972181796788], [85.36518466868176, 28.2579967823292], [85.36522751555093, 28.258021382848902], [85.3652703624402, 28.258045983355895], [85.36531320934958, 28.258070583850188], [85.36535605627905, 28.25809518433176], [85.36539148895405, 28.258126226199543], [85.36541845453212, 28.25816462415063], [85.36544542012909, 28.258203022097003], [85.36547238574497, 28.258241420038644], [85.36549935137973, 28.25827981797556], [85.36552775553537, 28.25831731751323], [85.36555955967674, 28.258352693648146], [85.36559136383889, 28.258388069776366], [85.36562316802184, 28.25842344589787], [85.36565497222557, 28.258458822012667], [85.36568677645009, 28.25849419812076], [85.36571858069539, 28.258529574222145], [85.36575307166007, 28.258562899326463], [85.36578790765225, 28.258595961049608], [85.36582274366586, 28.258629022764605], [85.36585757970093, 28.258662084471464], [85.36590377223493, 28.258680235638096], [85.36595144637877, 28.258696441524034], [85.3659991205378, 28.258712647393885], [85.366046794712, 28.258728853247668], [85.36609446890138, 28.25874505908537], [85.36614214310596, 28.258761264906994], [85.36618981732572, 28.258777470712545], [85.36623749156064, 28.258793676502016], [85.36628516581077, 28.25880988227541], [85.36633284007605, 28.258826088032723], [85.36638051435655, 28.25884229377397], [85.36642818865222, 28.258858499499127], [85.36647552035707, 28.258875268976713], [85.36651706110227, 28.25890156766914], [85.36655860186822, 28.258927866349694], [85.36660014265489, 28.258954165018363], [85.36664168346228, 28.25898046367515], [85.36668389285754, 28.25900591228978], [85.36672615838569, 28.25903128954947], [85.36676842393426, 28.25905666679682], [85.36681068950324, 28.259082044031846], [85.36685295509264, 28.25910742125453], [85.36689695720207, 28.259129907732664], [85.36694434787296, 28.25914675332314], [85.36699173855949, 28.259163598897754], [85.36703912926167, 28.2591804444565], [85.36708651997948, 28.25919728999938], [85.36713391071294, 28.259214135526403], [85.36718130146203, 28.25923098103756], [85.36722549342247, 28.259253525047843], [85.36726927416252, 28.259276801648216], [85.3673130549221, 28.259300078235274], [85.36735683570117, 28.25932335480902], [85.36740061649976, 28.259346631369436], [85.36744439731787, 28.259369907916536], [85.36748817815547, 28.25939318445032], [85.36753441879969, 28.25941220444663], [85.36758135232881, 28.259430025457903], [85.36762828587426, 28.259447846453657], [85.36767521943602, 28.259465667433886], [85.36772215099836, 28.25948349255961], [85.36776908173914, 28.259501319399398], [85.36781704888527, 28.259516823193884], [85.36786506990134, 28.25953220625722], [85.36791309093198, 28.259547589304194], [85.36796111197721, 28.25956297233484], [85.36800913303699, 28.259578355349145], [85.36805715411136, 28.2595937383471], [85.3681051752003, 28.259609121328708], [85.36815319630382, 28.259624504293978], [85.36820054846848, 28.25964130520662], [85.3682466594473, 28.259660737049114], [85.3682927705412, 28.259680168694878], [85.36833888224058, 28.259699599231634], [85.36838499395732, 28.259719029753473], [85.36843110569143, 28.25973846026039], [85.3684798354164, 28.25975198097558], [85.3685285705198, 28.259765489562305], [85.36857730563632, 28.25977899813214], [85.36862604076597, 28.259792506685066], [85.36867477590874, 28.259806015221084], [85.36872352359693, 28.259819487292066], [85.36877249267883, 28.25983231549468], [85.3688214617733, 28.259845143680213], [85.36887043088036, 28.259857971848653], [85.3689194, 28.259870799999998]]}, "properties": {"highway": "unclassified", "ref": null, "name": null, "length_m": 465, "blocks": true}}, {"type": "Feature", "geometry": {"type": "LineString", "coordinates": [[85.3642275, 28.251932899999996], [85.36425989997046, 28.251983133340104], [85.36429229997046, 28.25203336667344], [85.3643247, 28.2520836]]}, "properties": {"highway": "unclassified", "ref": null, "name": null, "length_m": 19, "blocks": false}}, {"type": "Feature", "geometry": {"type": "LineString", "coordinates": [[85.3581800857219, 28.23560589826474], [85.35816627251425, 28.23564934875454], [85.35815245929457, 28.235692799242212], [85.3581386460628, 28.23573624972776], [85.35812483281896, 28.235779700211175], [85.35811101956308, 28.23582315069246], [85.35809720629511, 28.23586660117162], [85.35807732139243, 28.23590755943516]]}, "properties": {"highway": "path", "ref": null, "name": null, "length_m": 40, "blocks": true}}, {"type": "Feature", "geometry": {"type": "LineString", "coordinates": [[85.35801732281257, 28.236028383213142], [85.35801066573369, 28.23607313629371], [85.35800400864827, 28.236117889373435], [85.35799644310555, 28.236162384050438], [85.35797242984479, 28.23620220029985], [85.35794841656563, 28.236242016544082]]}, "properties": {"highway": "path", "ref": null, "name": null, "length_m": 30, "blocks": true}}, {"type": "Feature", "geometry": {"type": "LineString", "coordinates": [[85.35790180246924, 28.236322178414373], [85.35788624769806, 28.23636516482886], [85.35787069291358, 28.2364081512408], [85.3578551381158, 28.236451137650185], [85.3578395833047, 28.236494124057025], [85.35782402848031, 28.236537110461306], [85.35779789767022, 28.2365757896271], [85.35777117185387, 28.23661422646875], [85.35774444601788, 28.236652663304145]]}, "properties": {"highway": "path", "ref": null, "name": null, "length_m": 45, "blocks": true}}, {"type": "Feature", "geometry": {"type": "LineString", "coordinates": [[85.35771470069035, 28.23673716166113], [85.35770734678658, 28.236781829104494], [85.35769999287572, 28.23682649654693], [85.35769263895777, 28.236871163988425], [85.3576846967581, 28.236915743467833], [85.35767508371109, 28.236960073115586], [85.35766547065519, 28.23700440276205], [85.3576558575904, 28.237048732407224], [85.35764668154118, 28.23709312927625], [85.3576388520212, 28.23713773327474], [85.35763102249372, 28.237182337272234], [85.35762319295877, 28.237226941268727]]}, "properties": {"highway": "path", "ref": null, "name": null, "length_m": 59, "blocks": true}}, {"type": "Feature", "geometry": {"type": "LineString", "coordinates": [[85.35762173700425, 28.23731180099759], [85.357659, 28.237342599999998]]}, "properties": {"highway": "path", "ref": null, "name": null, "length_m": 10, "blocks": false}}, {"type": "Feature", "geometry": {"type": "LineString", "coordinates": [[85.3581165, 28.2398432], [85.35817377499075, 28.239844475083828], [85.35823104998414, 28.2398457501437], [85.35828832498018, 28.23984702517962], [85.35834559997886, 28.239848300191603], [85.35840287498019, 28.23984957517962], [85.35846014998414, 28.2398508501437], [85.35851742499075, 28.23985212508382], [85.3585747, 28.239853399999994]]}, "properties": {"highway": "path", "ref": null, "name": null, "length_m": 45, "blocks": true}}, {"type": "Feature", "geometry": {"type": "LineString", "coordinates": [[85.357866, 28.2398737], [85.35792862501111, 28.239866075043626], [85.35799125001482, 28.239858450058165], [85.35805387501111, 28.239850825043625], [85.3581165, 28.2398432]]}, "properties": {"highway": "path", "ref": null, "name": null, "length_m": 25, "blocks": true}}, {"type": "Feature", "geometry": {"type": "LineString", "coordinates": [[85.35559684356855, 28.212245271091277], [85.35562008421066, 28.212204973829415], [85.35562124075771, 28.21216380224379], [85.35560215110928, 28.212121829098706], [85.3556214397015, 28.21208222532339], [85.35559983213109, 28.21206450887836], [85.35554898560028, 28.212060146621987], [85.35549813907461, 28.212055784346877], [85.35544730585335, 28.21205809739598], [85.35539647702927, 28.21206261863836], [85.35534564820192, 28.212067139861663], [85.35529481937128, 28.21207166106589], [85.35525845351904, 28.21209337517088], [85.3552390280636, 28.212135227238527], [85.35521960259226, 28.212177079302542], [85.35520017710505, 28.212218931362905], [85.35515663909639, 28.212235685015642], [85.35510689260926, 28.21224597403647], [85.35505893404904, 28.21225868781222], [85.3550283, 28.212294899999996]]}, "properties": {"highway": "path", "ref": null, "name": null, "length_m": 99, "blocks": true}}, {"type": "Feature", "geometry": {"type": "LineString", "coordinates": [[85.3654122, 28.2523829], [85.36542175877099, 28.25233786529533], [85.36543131753298, 28.25229283058938], [85.36544087628596, 28.252247795882145], [85.36545043502994, 28.252202761173614], [85.36545999376492, 28.252157726463796], [85.36547235347457, 28.252113349191422], [85.36548924248063, 28.252070035022886], [85.36550613147223, 28.252026720851422], [85.36552302044934, 28.25198340667704], [85.36553990941196, 28.251940092499737], [85.36555679836012, 28.251896778319516], [85.3655736872938, 28.25185346413638], [85.365590576213, 28.251810149950316], [85.36560746511773, 28.25176683576134], [85.36562435400796, 28.251723521569442], [85.36564124288373, 28.251680207374626], [85.36565813174502, 28.25163689317689], [85.36567502059185, 28.251593578976223], [85.36569190942417, 28.25155026477265], [85.36571027296937, 28.251507483994796], [85.36573246298612, 28.251466087305037], [85.36575465298507, 28.251424690610712], [85.36577684296623, 28.251383293911836], [85.36579903292956, 28.2513418972084], [85.36582122287508, 28.2513005005004], [85.3658434128028, 28.251259103787845], [85.36586560271272, 28.25121770707073], [85.36588779260481, 28.251176310349063], [85.36590998247911, 28.251134913622835], [85.36592612248191, 28.251091757885494], [85.36593596490114, 28.251046771114822], [85.36594580731114, 28.251001784342826], [85.36595564971189, 28.25095679756948], [85.36596342170213, 28.250911537470007], [85.36596886335056, 28.25086596831103], [85.36597432460161, 28.2508204009844], [85.36597724074589, 28.250774657160665], [85.36597985715444, 28.2507288925508], [85.36598247355973, 28.250683127940498], [85.36598508996174, 28.250637363329748], [85.36598770636049, 28.250591598718568], [85.36599032275596, 28.25054583410695], [85.36599293914817, 28.250500069494894], [85.3659955555371, 28.250454304882407], [85.36599817192277, 28.25040854026948], [85.36599235330418, 28.250363039219753], [85.36598610052634, 28.250317551735744], [85.3659798477528, 28.25027206425136], [85.36597359498357, 28.25022657676662], [85.36596734221864, 28.250181089281536], [85.36596108945801, 28.250135601796092], [85.36595483670168, 28.250090114310286], [85.36594983325112, 28.250044508173982], [85.36594504993377, 28.249998881130917], [85.36594026661946, 28.249953254087565], [85.3659354833082, 28.24990762704393], [85.3659307, 28.249861999999993]]}, "properties": {"highway": "service", "ref": null, "name": null, "length_m": 289, "blocks": true}}, {"type": "Feature", "geometry": {"type": "LineString", "coordinates": [[85.36701439321104, 28.256107156658565], [85.36699107680704, 28.256067071917776], [85.36695746635108, 28.256036073787516], [85.3669075, 28.256026699999993]]}, "properties": {"highway": "path", "ref": null, "name": null, "length_m": 20, "blocks": false}}, {"type": "Feature", "geometry": {"type": "LineString", "coordinates": [[85.35836134555186, 28.24100700150907], [85.35834709712928, 28.241052259284032]]}, "properties": {"highway": "unclassified", "ref": null, "name": null, "length_m": 10, "blocks": false}}, {"type": "Feature", "geometry": {"type": "LineString", "coordinates": [[85.3579206, 28.240663400000003], [85.35797447828675, 28.24067562684699], [85.35802835658687, 28.24068785367323], [85.35808223490032, 28.240700080478728], [85.35813543205514, 28.24071440527202], [85.35818841555424, 28.24072938815228], [85.35824139585579, 28.24074437990839], [85.35829436201202, 28.24075941084836], [85.35834695932847, 28.240775394712895]]}, "properties": {"highway": "unclassified", "ref": null, "name": null, "length_m": 44, "blocks": true}}, {"type": "Feature", "geometry": {"type": "LineString", "coordinates": [[85.3651133, 28.255710299999997], [85.3651819, 28.2557625]]}, "properties": {"highway": "unclassified", "ref": null, "name": null, "length_m": 9, "blocks": false}}, {"type": "Feature", "geometry": {"type": "LineString", "coordinates": [[85.3651819, 28.2557625], [85.36523254287718, 28.25575441434302], [85.3652831857477, 28.255746328666945], [85.36533382861151, 28.25573824297176], [85.36538447146867, 28.25573015725747], [85.36543511431913, 28.255722071524083], [85.3654857571629, 28.255713985771596], [85.3655364, 28.25570589999999]]}, "properties": {"highway": "unclassified", "ref": null, "name": null, "length_m": 35, "blocks": true}}, {"type": "Feature", "geometry": {"type": "LineString", "coordinates": [[85.3655364, 28.25570589999999], [85.365611, 28.255694000000002]]}, "properties": {"highway": "unclassified", "ref": null, "name": null, "length_m": 7, "blocks": false}}, {"type": "Feature", "geometry": {"type": "LineString", "coordinates": [[85.365611, 28.255694000000002], [85.36565509822, 28.255717529636524], [85.36569758659347, 28.255742577470514], [85.36572293110841, 28.255781310856435], [85.3657269647622, 28.25582675902891], [85.36573099841841, 28.255872207201108], [85.36573331783777, 28.255917684311623], [85.36573124355643, 28.255963235593136], [85.3657291692723, 28.256008786874254], [85.36572709498539, 28.256054338154975], [85.36572904027211, 28.256099823766583], [85.36573301089199, 28.25614527628961], [85.3657369815142, 28.256190728812363], [85.36574095213878, 28.256236181334856], [85.36574892185996, 28.25628112932091], [85.36575944653767, 28.25632575496719], [85.36576997122322, 28.25637038061275], [85.36578049591658, 28.256415006257587], [85.36578540000097, 28.256460145994858], [85.36578540000203, 28.256505734286822], [85.36578540000204, 28.256551322578495], [85.36578540000102, 28.256596910869874], [85.36578427721962, 28.256642474435953], [85.365781717828, 28.25668800636573], [85.36577915843318, 28.256733538295084], [85.36578200052763, 28.256778371539713], [85.36579916334615, 28.256821352394983], [85.36581632617765, 28.256864333248416], [85.36583348902214, 28.256907314100005], [85.36585303224138, 28.256949237140546], [85.36588169714497, 28.25698710659856], [85.36591036206848, 28.25702497605119], [85.36593902701185, 28.257062845498453], [85.3659676919751, 28.257100714940346], [85.36599635695825, 28.257138584376854], [85.36603418906411, 28.257162773703328], [85.3660854642951, 28.257166901798733], [85.36613501435087, 28.257174106461974], [85.36616972278563, 28.25720777882897], [85.36620033722535, 28.257244209343252], [85.36622773288957, 28.257282808367158], [85.36625512857307, 28.257321407386183], [85.36628354582872, 28.257359310425013], [85.36631866341651, 28.257392648591477], [85.36635710472616, 28.257420913486154], [85.36640756505106, 28.257426643038887], [85.36645878062322, 28.257421969123186], [85.36650732080737, 28.257407642825502], [85.36654763586608, 28.257382545815414], [85.36657628696688, 28.25734466809365], [85.3665969984535, 28.257304289627296], [85.3666018, 28.257258899999997]]}, "properties": {"highway": "unclassified", "ref": null, "name": null, "length_m": 258, "blocks": true}}, {"type": "Feature", "geometry": {"type": "LineString", "coordinates": [[85.3657223, 28.2557742], [85.3657633115907, 28.255745617591025], [85.36580432315974, 28.255717035168708], [85.36584534335452, 28.25568846246411], [85.36587480378752, 28.25565422857678], [85.36588034019968, 28.25560827636392], [85.36588220985922, 28.255562316173], [85.3658769285489, 28.255516340424037], [85.3658716472421, 28.255470364674785], [85.3658663659388, 28.255424388925206], [85.365861084639, 28.255378413175315], [85.36585580334268, 28.255332437425118], [85.36585052204987, 28.255286461674608], [85.36582488736543, 28.255248882190024], [85.36578853216776, 28.255215725176164], [85.36575217699254, 28.25518256815341], [85.36571582183981, 28.255149411121753], [85.36566538678868, 28.255160989327536], [85.36561490438166, 28.25517271794306], [85.36556749011741, 28.25519012919782], [85.36552548166688, 28.255217552810436], [85.36549858356737, 28.25525266095247], [85.36549299964757, 28.2552986086519], [85.36548741572193, 28.255344556350607], [85.36548535462443, 28.255390722480236], [85.36548365199477, 28.25543691083627], [85.36548267000477, 28.255483090071266], [85.36548586284799, 28.255529216468165], [85.36549675979398, 28.255574155002297], [85.36551275520405, 28.255618081447263], [85.36553322759427, 28.25566059072496], [85.3655537, 28.255703099999998]]}, "properties": {"highway": "service", "ref": null, "name": null, "length_m": 159, "blocks": true}}, {"type": "Feature", "geometry": {"type": "LineString", "coordinates": [[85.3674664, 28.257477499999993], [85.36741590678295, 28.257484889278405], [85.36736541355988, 28.257492278537853], [85.3673149203308, 28.257499667778347], [85.3672658992041, 28.257499355538606], [85.36722164061077, 28.25747699782956], [85.36719240478014, 28.257439804560217], [85.3671631689695, 28.25740261128526], [85.3671339331788, 28.25736541800469], [85.36710469740807, 28.257328224718528], [85.36707546165728, 28.25729103142674], [85.36704622592644, 28.257253838129355], [85.36701699021557, 28.257216644826354], [85.36698775452466, 28.25717945151775], [85.36695851885368, 28.257142258203537], [85.36692928320267, 28.25710506488371], [85.36690004757162, 28.257067871558284], [85.36687081196052, 28.25703067822725], [85.36684157636938, 28.256993484890607], [85.36681234079819, 28.256956291548352], [85.36678310524694, 28.25691909820049], [85.36675386971567, 28.25688190484703], [85.36672047948558, 28.2568486819941], [85.36667515786313, 28.256828565440873], [85.36662873945492, 28.25683999117988], [85.36661858630919, 28.256882989115088], [85.36662383727256, 28.25692801957215], [85.36663088555672, 28.256972902728297], [85.36663793384581, 28.257017785884035], [85.36664498213983, 28.257062669039378], [85.36665203043879, 28.257107552194327], [85.36665907874266, 28.257152435348864], [85.36666130454405, 28.257197297003763], [85.3666453031857, 28.25723915285698], [85.3666018, 28.257258899999997]]}, "properties": {"highway": "service", "ref": null, "name": null, "length_m": 171, "blocks": true}}, {"type": "Feature", "geometry": {"type": "LineString", "coordinates": [[85.3660781, 28.256864400000005], [85.36606237807278, 28.256821437551828], [85.36604665615737, 28.256778475102113], [85.36603093425374, 28.25673551265086], [85.36601521236192, 28.256692550198046], [85.3659994904819, 28.256649587743702], [85.36598376861367, 28.25660662528781], [85.36596804675725, 28.256563662830374], [85.36595232491261, 28.256520700371393], [85.36593660307976, 28.25647773791087], [85.36592088125872, 28.2564347754488], [85.36591000880934, 28.256391028935006], [85.36590756808138, 28.256345919170673], [85.36590512735448, 28.256300809406095], [85.36590268662864, 28.256255699641276], [85.36590024590384, 28.256210589876215], [85.3658978051801, 28.256165480110916], [85.36589536445739, 28.25612037034536], [85.36589292373574, 28.256075260579564], [85.36589048301515, 28.256030150813533], [85.36588804229561, 28.25598504104725], [85.3658856015771, 28.25593993128073], [85.36588316085967, 28.255894821513955], [85.36588072014327, 28.255849711746944], [85.36587827942793, 28.255804601979683], [85.36587630933066, 28.2557594754684], [85.36587465466513, 28.255714337734325], [85.365873, 28.2556692]]}, "properties": {"highway": "service", "ref": null, "name": null, "length_m": 135, "blocks": true}}, {"type": "Feature", "geometry": {"type": "LineString", "coordinates": [[85.3842459157164, 28.15330193096292], [85.38419539316077, 28.153307830932732], [85.38414487060055, 28.153313730883674], [85.38409434803576, 28.15331963081573], [85.38404382546638, 28.153325530728914], [85.38399305309525, 28.153329191618514], [85.38394220522697, 28.153332175805293], [85.38389135735687, 28.15333515997306], [85.38384050948494, 28.153338144121832], [85.38378966161116, 28.153341128251604], [85.38373881373556, 28.15334411236238], [85.38368796585812, 28.153347096454155]]}, "properties": {"highway": "path", "ref": null, "name": "Langtang Trek Trail", "length_m": 60, "blocks": true}}, {"type": "Feature", "geometry": {"type": "LineString", "coordinates": [[85.38077105230342, 28.153290262620413], [85.38074309281352, 28.153328022875534], [85.3807196079211, 28.153322706821072], [85.38069989728956, 28.15328105672634], [85.38068018667259, 28.15323940662915], [85.38066047607018, 28.15319775652952], [85.38062457082047, 28.15316683687044]]}, "properties": {"highway": "path", "ref": null, "name": "Langtang Trek Trail", "length_m": 35, "blocks": true}}, {"type": "Feature", "geometry": {"type": "LineString", "coordinates": [[85.37863934710988, 28.152536689967892], [85.37859175885218, 28.15252053689495], [85.3785441706095, 28.15250438380603], [85.37849658238189, 28.152488230701124], [85.37844899416929, 28.152472077580235], [85.37840151297365, 28.152455680283428], [85.37835409981109, 28.152439127765874], [85.37830668666385, 28.152422575232485], [85.37827978099138, 28.15238715843164], [85.37825935699934, 28.152345779319756], [85.3782607075007, 28.15230255172858]]}, "properties": {"highway": "path", "ref": null, "name": "Langtang Trek Trail", "length_m": 55, "blocks": true}}, {"type": "Feature", "geometry": {"type": "LineString", "coordinates": [[85.3775133, 28.280031799999996], [85.37756411689561, 28.280027883669153], [85.3776149337885, 28.280023967319238], [85.37766575067863, 28.280020050950252], [85.37771656756605, 28.280016134562196], [85.37776738445072, 28.28001221815507], [85.37781820133267, 28.280008301728877], [85.37786901821188, 28.2800043852836], [85.37791865384344, 28.28001195639263], [85.37796783667416, 28.280023931055126], [85.37801701951673, 28.28003590570034], [85.3780662023712, 28.280047880328272], [85.37811538523754, 28.280059854938916], [85.37816456811574, 28.280071829532275], [85.3782137510058, 28.280083804108354], [85.37826293390775, 28.28009577866714], [85.37831211682158, 28.28010775320864], [85.37836119212298, 28.28012001782745], [85.37840881810047, 28.280136189029978], [85.37845644409309, 28.28015236021646], [85.37850407010086, 28.280168531386877], [85.37855169612375, 28.280184702541234]]}, "properties": {"highway": "unclassified", "ref": null, "name": null, "length_m": 110, "blocks": true}}, {"type": "Feature", "geometry": {"type": "LineString", "coordinates": [[85.37864694821499, 28.28021704480178], [85.37869457428334, 28.28023321590797], [85.37874115701436, 28.28025161028887], [85.37878770756481, 28.280270073263985], [85.37883425813202, 28.280288536223836], [85.37888080871595, 28.280306999168427], [85.37892735931662, 28.280325462097768], [85.37897349131433, 28.280344614457587], [85.37901656828942, 28.28036879830381], [85.37905964528441, 28.280392982137162], [85.37910272229932, 28.280417165957633], [85.37914579933411, 28.28044134976524], [85.37918887638882, 28.280465533559973], [85.37923195346342, 28.280489717341826], [85.37927503055792, 28.28051390111082], [85.37931810767233, 28.280538084866933], [85.37936118480664, 28.280562268610176], [85.37940426196086, 28.280586452340543], [85.37944733913496, 28.280610636058043], [85.37949041632898, 28.28063481976266], [85.3795334935429, 28.280659003454417], [85.37957657077672, 28.2806831871333], [85.37961934728916, 28.280707778223096], [85.37966166464483, 28.28073299136207], [85.37970398202081, 28.280758204488663], [85.37974629941712, 28.28078341760287], [85.37978861683375, 28.28080863070469], [85.3798309342707, 28.280833843794127], [85.37987325172797, 28.280859056871172], [85.37991556920556, 28.280884269935843], [85.37995788670348, 28.28090948298813], [85.38000020422173, 28.280934696028023], [85.38004338667697, 28.28095831084132], [85.38009210106604, 28.280971703626843], [85.38014082809882, 28.28098505982895], [85.3801896729985, 28.28099807482034], [85.3802385179109, 28.281011089794713], [85.38028671675214, 28.28102577296198], [85.38033430754383, 28.28104202615462], [85.38038189835073, 28.28105827933123], [85.38042948917284, 28.281074532491807], [85.38047708001015, 28.28109078563635], [85.38052467086266, 28.28110703876487], [85.38057226173036, 28.281123291877346], [85.38061968222658, 28.281139877671148], [85.38066485445954, 28.281160853445463], [85.38071002671077, 28.28118182920549], [85.3807551989803, 28.28120280495124], [85.3808003712681, 28.281223780682716], [85.38084554357418, 28.281244756399904], [85.38089071589854, 28.28126573210281], [85.3809358882412, 28.281286707791445], [85.38098106060212, 28.281307683465794], [85.38101818362844, 28.281335511716712], [85.38104009696329, 28.281376288319503], [85.38106201031421, 28.281417064919218], [85.3810839236812, 28.28145784151588], [85.38110583706427, 28.281498618109477], [85.38112775046342, 28.281539394700005], [85.38114966387863, 28.281580171287477], [85.38117178076745, 28.28162086006551], [85.38119457232855, 28.281661257678397], [85.38121736390627, 28.28170165528796], [85.3812401555006, 28.281742052894202], [85.38126294711157, 28.28178245049711], [85.38128573873911, 28.2818228480967], [85.38130853038328, 28.281863245692957], [85.38133226467879, 28.281902985691087], [85.38137130711664, 28.281932046527], [85.38141034957589, 28.281961107352497], [85.38144939205651, 28.281990168167585], [85.3814884345585, 28.282019228972263], [85.3815274770819, 28.282048289766525], [85.38156651962669, 28.282077350550374], [85.38160909461133, 28.282100903352408], [85.38165729354358, 28.282115686948757], [85.38170549248997, 28.282130470528596], [85.38175369145044, 28.282145254091937]]}, "properties": {"highway": "unclassified", "ref": null, "name": null, "length_m": 390, "blocks": true}}, {"type": "Feature", "geometry": {"type": "LineString", "coordinates": [[85.38204288550955, 28.282233955125488], [85.38209108456878, 28.282248738573333], [85.3821392836421, 28.28226352200467], [85.38218748272955, 28.282278305419513], [85.38223568183109, 28.28229308881785], [85.38228388094674, 28.282307872199688], [85.3823320800765, 28.282322655565025], [85.38238027922037, 28.28233743891386], [85.38242847837834, 28.282352222246196], [85.38247667755043, 28.282367005562033], [85.3825248767366, 28.28238178886137], [85.3825730759369, 28.282396572144204], [85.38260923250508, 28.28242683619929], [85.38264202513656, 28.282461424603635], [85.3826748177891, 28.2824960130008], [85.38270761046266, 28.28253060139081], [85.38274040315726, 28.282565189773628], [85.38277319587287, 28.282599778149283], [85.38280598860953, 28.28263436651776], [85.38283878136723, 28.282668954879068], [85.38287157414594, 28.2827035432332], [85.3829043669457, 28.282738131580153], [85.38293715976648, 28.282772719919937], [85.38296995260829, 28.282807308252544], [85.38300274547115, 28.28284189657797], [85.38303553835503, 28.282876484896228], [85.38306833125995, 28.28291107320731], [85.3831011241859, 28.282945661511224], [85.38313391713287, 28.28298024980796], [85.38317466799548, 28.28300705377427], [85.3832168111112, 28.283032495862305], [85.38325895424734, 28.283057937938064], [85.3833010974039, 28.283083380001536], [85.38334324058087, 28.283108822052743], [85.38338538377823, 28.28313426409166], [85.38342752699602, 28.28315970611831], [85.38346967023422, 28.283185148132677], [85.38351181349282, 28.28321059013476], [85.38355395677183, 28.28323603212457], [85.38359610007126, 28.283261474102105], [85.3836382433911, 28.283286916067368], [85.38368038673134, 28.283312358020346], [85.38372253009202, 28.28333779996104]]}, "properties": {"highway": "unclassified", "ref": null, "name": null, "length_m": 215, "blocks": true}}, {"type": "Feature", "geometry": {"type": "LineString", "coordinates": [[85.38403443677024, 28.28348908420959], [85.38408102309032, 28.283507479362417], [85.38412760942708, 28.283525874499954], [85.38417419578055, 28.283544269622197], [85.38422078215069, 28.283562664729153], [85.38426736853754, 28.28358105982083], [85.38431395494106, 28.283599454897203], [85.3843577744993, 28.28362174758511], [85.3843967072702, 28.283650924215326], [85.38443564006248, 28.283680100835184], [85.38447457287617, 28.283709277444697], [85.38451350571127, 28.28373845404386], [85.38455243856774, 28.28376763063266], [85.38459137144564, 28.283796807211118], [85.38463030434494, 28.283825983779213], [85.38466923726564, 28.28385516033696], [85.38470817020774, 28.28388433688436], [85.38474710317125, 28.28391351342141], [85.38478603615616, 28.283942689948105], [85.38482496916248, 28.283971866464448], [85.38486390219019, 28.284001042970434], [85.38490519284676, 28.28402685567139], [85.38495202641454, 28.284044752576893], [85.38499888324739, 28.284062601756155], [85.38504574009656, 28.284080450919927], [85.38509259696205, 28.284098300068223], [85.38513945384386, 28.284116149201026], [85.385186310742, 28.284133998318346], [85.38523316765647, 28.284151847420176], [85.38528002458725, 28.284169696506517], [85.38532688153435, 28.284187545577375], [85.38537373849779, 28.284205394632743], [85.38542059547754, 28.284223243672635], [85.38546745247362, 28.284241092697027], [85.38551430512155, 28.284258949732695], [85.38555929427295, 28.284280233960885], [85.3856042834428, 28.284301518174924], [85.38564927263113, 28.284322802374806], [85.38569426183791, 28.284344086560534], [85.38573925106314, 28.2843653707321], [85.38578424030683, 28.284386654889513], [85.38582922956898, 28.28440793903276], [85.3858742188496, 28.284429223161865], [85.38591920814865, 28.2844505072768], [85.38596419746618, 28.284471791377594], [85.38600918680216, 28.284493075464216], [85.3860541761566, 28.284514359536683], [85.3860991655295, 28.284535643595003], [85.38614415492086, 28.28455692763916], [85.38618626545617, 28.28458206201157], [85.38622597795002, 28.284610403653666], [85.38626569046512, 28.28463874528496], [85.38630540300149, 28.284667086905447], [85.38634511555908, 28.28469542851513], [85.38638482813796, 28.28472377011402], [85.38642454073809, 28.284752111702097], [85.38646000242714, 28.284784206718122], [85.3864919187879, 28.28481943215764], [85.38652383516946, 28.28485465759038], [85.38655575157182, 28.284889883016348], [85.38656101814114, 28.284933017200604], [85.38655953703669, 28.284978153862642], [85.38655940068533, 28.28502316184424], [85.38657174430207, 28.28506697561314], [85.38658408792806, 28.28511078938107], [85.38659643156326, 28.28515460314803], [85.38660877520772, 28.28519841691401], [85.38662111886138, 28.285242230679025], [85.3866334625243, 28.285286044443072], [85.38664580619644, 28.28532985820614], [85.38665814987782, 28.285373671968237], [85.38667049356842, 28.285417485729365], [85.38668283726825, 28.28546129948952], [85.38669518097731, 28.285505113248707], [85.38670752469562, 28.285548927006914], [85.3867217478661, 28.285592220660973], [85.38673979389792, 28.28563445640623], [85.38675783994321, 28.28567669214943], [85.38677588600201, 28.28571892789058], [85.38679393207433, 28.285761163629683], [85.38681197816015, 28.28580339936673], [85.38683002425948, 28.28584563510173], [85.38684807037231, 28.285887870834667], [85.38686611649864, 28.28593010656555], [85.38688416263847, 28.285972342294396], [85.38690220879181, 28.286014578021177], [85.38693284976623, 28.286050504623788], [85.38696446137078, 28.286085945012015], [85.38699607299604, 28.28612138539362], [85.38702768464202, 28.286156825768575], [85.3870592963087, 28.286192266136897], [85.38709090799613, 28.286227706498575], [85.38712251970426, 28.286263146853624], [85.38715413143312, 28.286298587202015], [85.38718574318267, 28.286334027543784]]}, "properties": {"highway": "unclassified", "ref": null, "name": null, "length_m": 475, "blocks": true}}, {"type": "Feature", "geometry": {"type": "LineString", "coordinates": [[85.3874644286834, 28.286592358926175], [85.38750737392995, 28.286616729390524]]}, "properties": {"highway": "unclassified", "ref": null, "name": null, "length_m": 10, "blocks": false}}, {"type": "Feature", "geometry": {"type": "LineString", "coordinates": [[85.38797977296096, 28.286884803654], [85.38802271844733, 28.286909173964833], [85.3880656639537, 28.28693354426287], [85.38810860948003, 28.28695791454811], [85.38815155502635, 28.286982284820553]]}, "properties": {"highway": "unclassified", "ref": null, "name": null, "length_m": 25, "blocks": true}}, {"type": "Feature", "geometry": {"type": "LineString", "coordinates": [[85.3897581282312, 28.287940514437743], [85.38980194249088, 28.287963641998445], [85.38984575676999, 28.287986769545796]]}, "properties": {"highway": "unclassified", "ref": null, "name": null, "length_m": 15, "blocks": false}}, {"type": "Feature", "geometry": {"type": "LineString", "coordinates": [[85.38993338538647, 28.288033024600384], [85.38997719972384, 28.288056152107632], [85.39002101408063, 28.288079279601522], [85.39006482845686, 28.288102407082047], [85.3901086428525, 28.288125534549202], [85.39015245726756, 28.288148662002992], [85.39019627170204, 28.288171789443428], [85.39024008615594, 28.288194916870495], [85.39028390062927, 28.28821804428419], [85.39032771512201, 28.288241171684525], [85.39037152963418, 28.2882642990715], [85.39041534416577, 28.28828742644511], [85.3904591587168, 28.28831055380535], [85.39050297328721, 28.288333681152235], [85.39054678787708, 28.288356808485734], [85.39059060248637, 28.288379935805892], [85.39063441711507, 28.28840306311267], [85.39067823176318, 28.288426190406096], [85.39072582290268, 28.288436043180855], [85.39077678618732, 28.288434042677075], [85.39082774947103, 28.288432042154184], [85.39087871275382, 28.288430041612195], [85.39092967603571, 28.288428041051105], [85.39098063931667, 28.288426040470902], [85.39103160259671, 28.288424039871586], [85.39108256587585, 28.28842203925317], [85.39113352915408, 28.288420038615648], [85.39118449243136, 28.288418037959012], [85.39123545570774, 28.288416037283277], [85.39127833316974, 28.288438626560943], [85.39132012262507, 28.288464524649438], [85.391361912101, 28.288490422725875], [85.3914037015975, 28.288516320790247], [85.39144549111458, 28.288542218842558], [85.39148728065223, 28.28856811688281], [85.39152907021047, 28.288594014911002], [85.39157085978928, 28.288619912927135], [85.39161264938868, 28.28864581093119], [85.39165443900865, 28.288671708923204], [85.39169622864921, 28.288697606903145]]}, "properties": {"highway": "unclassified", "ref": null, "name": null, "length_m": 200, "blocks": true}}, {"type": "Feature", "geometry": {"type": "LineString", "coordinates": [[85.39198875670927, 28.28887889242501], [85.39203054651445, 28.288904790308454], [85.3920723363402, 28.288930688179835], [85.39211412618654, 28.288956586039163], [85.39215591605347, 28.28898248388642], [85.39219770594096, 28.28900838172162]]}, "properties": {"highway": "unclassified", "ref": null, "name": null, "length_m": 30, "blocks": true}}, {"type": "Feature", "geometry": {"type": "LineString", "coordinates": [[85.39228128577768, 28.28906017735583], [85.39232307572692, 28.28908607515483], [85.39236486569673, 28.28911197294178], [85.39240665568713, 28.28913787071666], [85.39244844569811, 28.28916376847948], [85.39249023572965, 28.289189666230246], [85.39253202578179, 28.289215563968938], [85.39257381585449, 28.28924146169557], [85.39261560594778, 28.28926735941015], [85.39265739606164, 28.289293257112657], [85.39269753361623, 28.289320114560436], [85.39270773393989, 28.289364358447738], [85.39271793427108, 28.28940860233435], [85.3927281346098, 28.289452846220268]]}, "properties": {"highway": "unclassified", "ref": null, "name": null, "length_m": 70, "blocks": true}}, {"type": "Feature", "geometry": {"type": "LineString", "coordinates": [[85.39285053926142, 28.289983772797243], [85.39286073969798, 28.290028016674146]]}, "properties": {"highway": "unclassified", "ref": null, "name": null, "length_m": 10, "blocks": false}}, {"type": "Feature", "geometry": {"type": "LineString", "coordinates": [[85.39296432270719, 28.290421051030187], [85.39299788052459, 28.290455061591448]]}, "properties": {"highway": "unclassified", "ref": null, "name": null, "length_m": 10, "blocks": false}}, {"type": "Feature", "geometry": {"type": "LineString", "coordinates": [[85.39306499622303, 28.29052308269134], [85.39309855410407, 28.290557093229978], [85.39313211200631, 28.290591103761066], [85.39316566992977, 28.290625114284612], [85.39319922787445, 28.29065912480062]]}, "properties": {"highway": "unclassified", "ref": null, "name": null, "length_m": 25, "blocks": true}}, {"type": "Feature", "geometry": {"type": "LineString", "coordinates": [[85.37636490696481, 28.266509919593155], [85.37638250839736, 28.266552363505948]]}, "properties": {"highway": "primary", "ref": null, "name": null, "length_m": 10, "blocks": false}}, {"type": "Feature", "geometry": {"type": "LineString", "coordinates": [[85.37645291425942, 28.26672213913767], [85.3764705157579, 28.26676458304075], [85.37648811726959, 28.266807026941866], [85.37650571879445, 28.266849470841038], [85.37652332033251, 28.26689191473827], [85.37654092188377, 28.26693435863356], [85.37655852344822, 28.26697680252689], [85.37657612502585, 28.267019246418293], [85.37659372661668, 28.267061690307745], [85.37661280727873, 28.26710361645858], [85.37663274833659, 28.26714524143496], [85.37665268940926, 28.26718686640882], [85.37667263049674, 28.267228491380166], [85.37669257159902, 28.267270116348993], [85.37671015493297, 28.267312540675423], [85.37672671664829, 28.26735531136409], [85.37674327837608, 28.267398082051038], [85.37675984011629, 28.267440852736264], [85.37677640186897, 28.26748362341978], [85.37679296363407, 28.267526394101562], [85.37680952541162, 28.267569164781634], [85.3768260872016, 28.267611935459986], [85.37684264900402, 28.267654706136618], [85.37685921081889, 28.26769747681153], [85.37687232779538, 28.26774105436678], [85.37688182217958, 28.267785480437272], [85.37689131657072, 28.26782990650716], [85.37690081096882, 28.267874332576426], [85.37691030537384, 28.267918758645084], [85.37691979978581, 28.267963184713132], [85.37692929420473, 28.26800761078056], [85.37693017115399, 28.268052610278186], [85.37692828399479, 28.268097793706755], [85.37692639683301, 28.268142977134943], [85.37692450966863, 28.268188160562755], [85.37692331259078, 28.26823333848868], [85.3769261184755, 28.268278484502012], [85.37692892436161, 28.268323630515102], [85.37693173024908, 28.268368776527943], [85.37693453613791, 28.26841392254054], [85.37693734202811, 28.268459068552886], [85.37695012687706, 28.2685021783403], [85.37696992382422, 28.26854385729655], [85.37698972078609, 28.268585536250317], [85.37700951776267, 28.268627215201615], [85.37702931475397, 28.268668894150423], [85.37705006393841, 28.268710207762595], [85.37707087924669, 28.268751496007365], [85.37709169457034, 28.268792784249385], [85.3771125099094, 28.268834072488655], [85.37713332526383, 28.26887536072518], [85.37716113195003, 28.268912010715823], [85.37720004626999, 28.268941291583424], [85.3772389606114, 28.26897057244069], [85.37727787497425, 28.26899985328762], [85.37731678935856, 28.269029134124228], [85.37735570376434, 28.2690584149505], [85.37739468763016, 28.2690876213088], [85.37743452805108, 28.269115909212456], [85.37747436849328, 28.26914419710524], [85.37751758703388, 28.269167740040324], [85.37756359856624, 28.269187359868543], [85.37760961011611, 28.269206979681897], [85.37765562168346, 28.26922659948039], [85.37769358651762, 28.269256253950182], [85.37772968086267, 28.269288241027155], [85.3777657752293, 28.26932022809533], [85.37780186961749, 28.269352215154722], [85.37782954375473, 28.269389913685945], [85.37785503517934, 28.269429092761545], [85.3778805266221, 28.26946827183295], [85.37790601808304, 28.26950745090015], [85.37793150956213, 28.269546629963138], [85.37795708900057, 28.269585764045193], [85.37798268986421, 28.269624887174615], [85.37800829074605, 28.26966401029979], [85.3780338916461, 28.269703133420727], [85.37805949256436, 28.26974225653742], [85.37808509350084, 28.26978137964986], [85.37811069445556, 28.269820502758073], [85.37813629542848, 28.269859625862033], [85.3781618964196, 28.269898748961754], [85.37818749742894, 28.269937872057234], [85.37819999304372, 28.269981346864945], [85.37820976688677, 28.27002572545203], [85.37821954073698, 28.270070104038474], [85.37822931459438, 28.27011448262428], [85.37823908845895, 28.27015886120943], [85.3782488623307, 28.270203239793954], [85.3782531635046, 28.270248214877274], [85.37825583971122, 28.2702933670744], [85.37825851591911, 28.27033851927129], [85.37826119212825, 28.270383671467922], [85.37826386833866, 28.270428823664314], [85.37826654455031, 28.27047397586047], [85.37826922076324, 28.270519128056367], [85.37827189697742, 28.27056428025202], [85.37827457319287, 28.27060943244743], [85.37827724940956, 28.270654584642593], [85.37827992562752, 28.27069973683752], [85.37828260184675, 28.270744889032187], [85.37828527806722, 28.27079004122661], [85.37828795428896, 28.270835193420794], [85.37829063051196, 28.27088034561473], [85.37829330673621, 28.27092549780842], [85.37829598296172, 28.27097065000186], [85.37829865918849, 28.271015802195066], [85.37830133541652, 28.27106095438801], [85.37830635887485, 28.271105814145464], [85.37831786214751, 28.271149866599547], [85.37832936542877, 28.271193919052788], [85.37834086871857, 28.27123797150517], [85.37835237201695, 28.271282023956708], [85.37836387532387, 28.27132607640739], [85.37837537863938, 28.271370128857217], [85.37838688196345, 28.2714141813062], [85.3783983852961, 28.27145823375432], [85.3784098886373, 28.271502286201603], [85.37842139198706, 28.271546338648022], [85.37843289534541, 28.2715903910936], [85.37844439871232, 28.271634443538318], [85.3784559020878, 28.271678495982194], [85.37846740547184, 28.271722548425213], [85.378478962838, 28.271766589747745], [85.37849061033275, 28.271810612502893], [85.37850225783617, 28.271854635257185], [85.37851390534827, 28.271898658010603], [85.37852555286905, 28.27194268076315], [85.37853720039851, 28.271986703514823]]}, "properties": {"highway": "primary", "ref": null, "name": null, "length_m": 644, "blocks": true}}, {"type": "Feature", "geometry": {"type": "LineString", "coordinates": [[85.37859543817609, 28.27220681726014], [85.37860708575765, 28.27225084000658], [85.37861873334789, 28.27229486275217], [85.37862880620739, 28.27233897324497], [85.37862348540581, 28.27238394150719], [85.37861816459876, 28.27242890976875], [85.37861284378627, 28.272473878029626], [85.37860752296834, 28.272518846289824], [85.37860220214493, 28.27256381454935], [85.37859901973877, 28.27260892220941], [85.37859684319429, 28.272654095440142], [85.37859466664695, 28.272699268670486], [85.37859249009678, 28.27274444190043], [85.37859031354375, 28.272789615129973], [85.3785881369879, 28.27283478835912], [85.37858596042922, 28.272879961587876]]}, "properties": {"highway": "primary", "ref": null, "name": null, "length_m": 80, "blocks": true}}, {"type": "Feature", "geometry": {"type": "LineString", "coordinates": [[85.3785055195462, 28.273187431255597], [85.37849248886036, 28.2732311491198], [85.378479458163, 28.27327486698204], [85.37846642745411, 28.273318584842343], [85.37845339673372, 28.27336230270069], [85.37844026470616, 28.27340599296529]]}, "properties": {"highway": "primary", "ref": null, "name": null, "length_m": 30, "blocks": true}}, {"type": "Feature", "geometry": {"type": "LineString", "coordinates": [[85.37821821996273, 28.27400654734487], [85.37820987547988, 28.274051154066665], [85.37820153098914, 28.274095760787382], [85.37819318649049, 28.274140367507023], [85.37818882749346, 28.27418510274533], [85.3781934841246, 28.274230128707853], [85.37819814075864, 28.274275154670093], [85.37820279739564, 28.274320180632053], [85.37820745403556, 28.274365206593725], [85.3782121106784, 28.274410232555113], [85.37820983112336, 28.274455184965547], [85.37820395759844, 28.274500099265328], [85.3781980840676, 28.274545013564364], [85.37819221053086, 28.274589927862664], [85.37818633698821, 28.274634842160214], [85.37818046343965, 28.274679756457033], [85.3781713481967, 28.274724189273517], [85.37816034265231, 28.27476834132842], [85.37814933709794, 28.27481249338179], [85.37813833153358, 28.274856645433626], [85.37812732595921, 28.274900797483916], [85.37811632037487, 28.274944949532674], [85.37810531478053, 28.274989101579894], [85.37809430917619, 28.275033253625587], [85.37808330356185, 28.27507740566974], [85.37807229793754, 28.275121557712353], [85.37806129230322, 28.275165709753438], [85.3780502866589, 28.275209861792984], [85.37803662233122, 28.275253257814867], [85.37801652673073, 28.275294825051212], [85.37799643111394, 28.275336392283727], [85.37797633548085, 28.275377959512383], [85.37795623983146, 28.275419526737206], [85.37793614416576, 28.275461093958178], [85.37791604848374, 28.275502661175317], [85.37789595278542, 28.2755442283886], [85.3778758570708, 28.27558579559804], [85.37785576133987, 28.27562736280364], [85.37783566559263, 28.275668930005395]]}, "properties": {"highway": "primary", "ref": null, "name": null, "length_m": 195, "blocks": true}}, {"type": "Feature", "geometry": {"type": "LineString", "coordinates": [[85.37773829489781, 28.276064880442057], [85.3777296364664, 28.276109440247964], [85.37772097802683, 28.276154000052745], [85.37771231957912, 28.2761985598564], [85.3777035476907, 28.276243101727964], [85.37769425100043, 28.276287560641045], [85.37768495430151, 28.276332019552907], [85.37767565759391, 28.27637647846355], [85.37766636087767, 28.276420937372954], [85.37766300050288, 28.276465448209244], [85.37767130305186, 28.276510061066016], [85.37767960560683, 28.27655467392229]]}, "properties": {"highway": "primary", "ref": null, "name": null, "length_m": 60, "blocks": true}}, {"type": "Feature", "geometry": {"type": "LineString", "coordinates": [[85.37823095304233, 28.277954593320633], [85.378233749612, 28.277999649616866], [85.37823538941174, 28.278044840576097], [85.37823702921187, 28.27809003153508], [85.37823866901239, 28.278135222493805], [85.37823209772529, 28.278179849131515], [85.37822259886705, 28.27822427456639], [85.3782131, 28.278268700000005]]}, "properties": {"highway": "primary", "ref": null, "name": null, "length_m": 40, "blocks": true}}, {"type": "Feature", "geometry": {"type": "LineString", "coordinates": [[85.3758182, 28.2658136], [85.37585096414927, 28.265848178617937], [85.37588372831952, 28.265882757228713], [85.37591649251077, 28.265917335832338], [85.375949256723, 28.26595191442881], [85.37598202095624, 28.26598649301812], [85.37601478521046, 28.266021071600278], [85.37604754948568, 28.26605565017529], [85.3760803137819, 28.26609022874314], [85.3761130780991, 28.266124807303832], [85.3761458424373, 28.266159385857375], [85.37617860679649, 28.26619396440376], [85.37621137117667, 28.266228542942994]]}, "properties": {"highway": "primary", "ref": null, "name": null, "length_m": 61, "blocks": true}}, {"type": "Feature", "geometry": {"type": "LineString", "coordinates": [[85.3782822, 28.2794027], [85.37832178270786, 28.279434029985097], [85.37836136543903, 28.279465359959538], [85.3784009481935, 28.279496689923313], [85.37843545401995, 28.279528616337267], [85.37840647253199, 28.279568001489487], [85.37837749102228, 28.27960738663446], [85.37834850949078, 28.279646771772185], [85.37831954018515, 28.279686163908185], [85.37829088970616, 28.27972573841532], [85.37826223920555, 28.27976531291535], [85.37823358868329, 28.279804887408275], [85.37820493813936, 28.279844461894093], [85.37816654648465, 28.27987454433649], [85.37811930544967, 28.279896003656724], [85.37807206439638, 28.279917462959762], [85.37802482332476, 28.279938922245613], [85.37797758223483, 28.279960381514265], [85.37793034112657, 28.27998184076573], [85.3778831, 28.280003300000004]]}, "properties": {"highway": "footway", "ref": null, "name": null, "length_m": 99, "blocks": true}}, {"type": "Feature", "geometry": {"type": "LineString", "coordinates": [[85.3742194548753, 28.263389838005192], [85.37424259876636, 28.263430302685865]]}, "properties": {"highway": "residential", "ref": null, "name": null, "length_m": 10, "blocks": false}}, {"type": "Feature", "geometry": {"type": "LineString", "coordinates": [[85.3744060976869, 28.263659966996332], [85.37443563628635, 28.26369702511838]]}, "properties": {"highway": "residential", "ref": null, "name": null, "length_m": 10, "blocks": false}}, {"type": "Feature", "geometry": {"type": "LineString", "coordinates": [[85.37461548716942, 28.264016702597562], [85.37464400494834, 28.264054382392484], [85.3746724831878, 28.26409208080132], [85.37469181022422, 28.2641340863966], [85.37471404253003, 28.26417454276938], [85.37474694134048, 28.264209311259016], [85.3747798401721, 28.264244079741445], [85.3748079857659, 28.264281543972935], [85.37482990236762, 28.26432254091148], [85.3748629215021, 28.26435446351622], [85.37490732912526, 28.264377078063024], [85.37492873515805, 28.264408982904353], [85.3749189165437, 28.26445349931852], [85.37490909792024, 28.26449801573138], [85.37489927928766, 28.26454253214291], [85.3749136041492, 28.264583277137636], [85.37492443444143, 28.26462754207848], [85.37493484290309, 28.26467195332534], [85.37494525137247, 28.26471636457149], [85.37496517222492, 28.26475415571061], [85.37501145563124, 28.264773599917106], [85.37505583263902, 28.26479579365678], [85.37509636374209, 28.26482353420868], [85.37513525464301, 28.264852981094023], [85.37517266390478, 28.26488396935951], [85.37522016689289, 28.264894014511327], [85.37527132042925, 28.26489648525187], [85.37531831241253, 28.264910693036114], [85.37536188320207, 28.264934549829118], [85.37540550628368, 28.264958331409602], [85.37544919358729, 28.264982020614855], [85.37549735659096, 28.264986780851693], [85.37554810764502, 28.264980595450226], [85.37559882158726, 28.264974245477198], [85.37564836442827, 28.264962702213786], [85.37569334106547, 28.26494227967089], [85.37574208206833, 28.26493393924982], [85.37579253125506, 28.26493989614973], [85.3758426484267, 28.264949297139356], [85.37589276560807, 28.26495869811095], [85.37594288279917, 28.26496809906449], [85.375993, 28.2649775]]}, "properties": {"highway": "residential", "ref": null, "name": null, "length_m": 208, "blocks": true}}, {"type": "Feature", "geometry": {"type": "LineString", "coordinates": [[85.375993, 28.2649775], [85.37597503979269, 28.26493440502443], [85.37595707959906, 28.264891310046842], [85.37596140959361, 28.264846041293985], [85.37595010508689, 28.264803873837746], [85.37593355866044, 28.264763647990083], [85.37595102328444, 28.26472039365122], [85.37596801346953, 28.264677082649445], [85.37596411750448, 28.264631277242074], [85.37597032564643, 28.264589431551396], [85.37601466453712, 28.264566112507264], [85.37605192983872, 28.26454667860972], [85.3760041367008, 28.264528804454887], [85.37595634357956, 28.264510930283947], [85.3759119352093, 28.264487904116603]]}, "properties": {"highway": "path", "ref": null, "name": null, "length_m": 73, "blocks": true}}, {"type": "Feature", "geometry": {"type": "LineString", "coordinates": [[85.375993, 28.2649775], [85.37603149093368, 28.265008791609386], [85.37606882133744, 28.265041065418696], [85.37610239364952, 28.26507651982255], [85.37613023767692, 28.265114539274148], [85.37614259747046, 28.265159492350953], [85.37615495727343, 28.265204445426793], [85.37616731708584, 28.265249398501656], [85.37617967690773, 28.265294351575548], [85.37620417761623, 28.26533503680763], [85.37623143235678, 28.26537366756592], [85.3762815441912, 28.265386784695263], [85.3763316560388, 28.26539990180671], [85.37638350174205, 28.265402762235137], [85.37643575534993, 28.26540320967127], [85.37648800895929, 28.265403657087433], [85.37654026257012, 28.265404104483626], [85.37659251618246, 28.265404551859834], [85.37664463933855, 28.26540261239728], [85.3766966, 28.265397699999998]]}, "properties": {"highway": "residential", "ref": null, "name": null, "length_m": 97, "blocks": true}}, {"type": "Feature", "geometry": {"type": "LineString", "coordinates": [[85.3783033, 28.271094099999996], [85.37826386195928, 28.271122878151722], [85.37822442389755, 28.27115165629107], [85.37819293405258, 28.271184440424772], [85.37818511361574, 28.27122915422387], [85.37819304764355, 28.27127219883954], [85.37821256505765, 28.271314016197223], [85.37823178697803, 28.27135592644422], [85.37824642693077, 28.271399277014545], [85.37826106689452, 28.271442627583532], [85.3782757068693, 28.271485978151176], [85.3782885114562, 28.271529727747858]]}, "properties": {"highway": "service", "ref": null, "name": null, "length_m": 59, "blocks": true}}, {"type": "Feature", "geometry": {"type": "LineString", "coordinates": [[85.37830792512706, 28.27161857389593], [85.37831763197319, 28.271662996969003], [85.37832733882644, 28.271707420041448], [85.37832703814817, 28.271752660364733], [85.37832667400016, 28.271797905870784], [85.37832630985083, 28.271843151376533], [85.37832594570018, 28.271888396881973]]}, "properties": {"highway": "service", "ref": null, "name": null, "length_m": 34, "blocks": true}}, {"type": "Feature", "geometry": {"type": "LineString", "coordinates": [[85.3815905, 28.2820952], [85.38160243256893, 28.282139699576824], [85.38161436514686, 28.282184199152734], [85.38162629773382, 28.282228698727735], [85.38163823032978, 28.282273198301816], [85.38163753423181, 28.28231849331253], [85.38163283940084, 28.282364040188497], [85.38162814456486, 28.282409587063842], [85.38159173261833, 28.28244036992368], [85.38155200314478, 28.282469608503476], [85.38151227364969, 28.2824988470707], [85.38147254413308, 28.282528085625348], [85.38142780749861, 28.282550577553998]]}, "properties": {"highway": "path", "ref": null, "name": null, "length_m": 65, "blocks": true}}, {"type": "Feature", "geometry": {"type": "LineString", "coordinates": [[85.377637, 28.2797164], [85.37762022201501, 28.279759179239093], [85.3776034440158, 28.279801958475318], [85.3775866660024, 28.279844737708668], [85.3775698879748, 28.279887516939155], [85.37755310993299, 28.279930296166757], [85.37753633187695, 28.279973075391496], [85.3775195538067, 28.280015854613357], [85.37750453515038, 28.280059124901705], [85.37749056198103, 28.28010268699439], [85.37747658879944, 28.280146249084915], [85.37746261560562, 28.280189811173276], [85.37744864239956, 28.280233373259467], [85.37743466918126, 28.280276935343498], [85.37742069595072, 28.280320497425347], [85.37740672270795, 28.280364059505043], [85.37739274945294, 28.28040762158258], [85.3773787761857, 28.280451183657934], [85.37736480290621, 28.280494745731133], [85.37735082961449, 28.280538307802164], [85.37733685631052, 28.280581869871025], [85.37732288299433, 28.28062543193772], [85.3773089096659, 28.280668994002255], [85.37729493632523, 28.280712556064618]]}, "properties": {"highway": "trunk", "ref": null, "name": null, "length_m": 120, "blocks": true}}, {"type": "Feature", "geometry": {"type": "LineString", "coordinates": [[85.37680111953924, 28.281480387793994], [85.37677464453674, 28.28151913558324]]}, "properties": {"highway": "trunk", "ref": null, "name": null, "length_m": 10, "blocks": false}}, {"type": "Feature", "geometry": {"type": "LineString", "coordinates": [[85.37660741050681, 28.281746515955398], [85.37657481401324, 28.281781328971796], [85.3765385284266, 28.281813249133002], [85.3765022428183, 28.28184516928352], [85.37646748101365, 28.281878309981803]]}, "properties": {"highway": "trunk", "ref": null, "name": null, "length_m": 25, "blocks": true}}, {"type": "Feature", "geometry": {"type": "LineString", "coordinates": [[85.37640295651003, 28.28194859560243], [85.37637417329657, 28.281985905773595], [85.3763476949812, 28.28202465184442], [85.37632121664618, 28.2820633979091], [85.37629473829152, 28.282102143967656], [85.37627415686201, 28.282143600817978], [85.37625358395606, 28.28218506159017], [85.37623301103346, 28.28222652235838], [85.37621243809424, 28.28226798312258], [85.37619186513841, 28.282309443882777], [85.37617129216594, 28.28235090463899], [85.37614982514985, 28.282391989677997], [85.37612653966826, 28.282432310513038], [85.37610325416856, 28.28247263134315], [85.37607996865067, 28.282512952168346], [85.37604934197135, 28.2825491219907], [85.37601780505496, 28.28258477712968], [85.37598525696593, 28.282619548887947], [85.37594539808579, 28.28264793372582], [85.3759055391847, 28.282676318551072], [85.37586568026268, 28.282704703363695], [85.37582351243233, 28.282730279180083], [85.37578073916762, 28.282755118437045], [85.37573796588346, 28.2827799576797], [85.37569519257983, 28.282804796908046], [85.37565768615819, 28.28283521107558], [85.37562250301768, 28.282868084420787], [85.37559135532382, 28.28290330963929], [85.37557114876824, 28.282944911391514], [85.37555094219626, 28.282986513139857], [85.37552816202536, 28.28302701921336], [85.37550406423325, 28.283066964328675], [85.37547996642259, 28.28310690943876], [85.37545586859335, 28.283146854543627], [85.37542939042636, 28.28318530332472], [85.37539472746352, 28.283218606976323], [85.375360064479, 28.28325191061807], [85.37532282403156, 28.28328271146068], [85.37528216431252, 28.283310192074232], [85.37524150457284, 28.28333767267469], [85.37520084481255, 28.28336515326208], [85.37516018503163, 28.28339263383639], [85.37511952523009, 28.283420114397618], [85.37507886540793, 28.28344759494577], [85.37503820556513, 28.28347507548084], [85.37499754570172, 28.283502556002833], [85.37495688581767, 28.283530036511742], [85.37491622591301, 28.283557517007583], [85.37487556598772, 28.283584997490337]]}, "properties": {"highway": "trunk", "ref": null, "name": null, "length_m": 245, "blocks": true}}, {"type": "Feature", "geometry": {"type": "LineString", "coordinates": [[85.37474525215141, 28.283656503142474], [85.37470124090095, 28.283679586093765], [85.37465722963196, 28.283702669030014], [85.37461284891265, 28.283725180187442], [85.37456805897297, 28.283747058013404], [85.3745232690155, 28.28376893582384], [85.37447847904025, 28.28379081361876]]}, "properties": {"highway": "trunk", "ref": null, "name": null, "length_m": 35, "blocks": true}}, {"type": "Feature", "geometry": {"type": "LineString", "coordinates": [[85.37433996798335, 28.28384851031612], [85.37429211175663, 28.283864511465012], [85.37424425551636, 28.283880512596497], [85.37419639926252, 28.28389651371057], [85.37414883136039, 28.283913164983577], [85.3741014600239, 28.28393025946746], [85.37405408867298, 28.283947353934256], [85.37400671730765, 28.283964448383934], [85.37396196077431, 28.283985555520417], [85.3739215272269, 28.284013296660547], [85.37388109365877, 28.284041037787727], [85.37384154713504, 28.28406966219713], [85.37380568846802, 28.284101958799848], [85.37376982977932, 28.284134255392114], [85.37373397106896, 28.28416655197392], [85.37369811233692, 28.284198848545266], [85.37366180905498, 28.28423072158954], [85.37362279155693, 28.284260008720185], [85.37358377403766, 28.284289295838672]]}, "properties": {"highway": "trunk", "ref": null, "name": null, "length_m": 95, "blocks": true}}, {"type": "Feature", "geometry": {"type": "LineString", "coordinates": [[85.37350573893552, 28.28434787003918], [85.37346448363569, 28.28437464019271], [85.37342315493045, 28.284401327791116]]}, "properties": {"highway": "trunk", "ref": null, "name": null, "length_m": 15, "blocks": false}}, {"type": "Feature", "geometry": {"type": "LineString", "coordinates": [[85.37329221540669, 28.284471479376794], [85.37324686921306, 28.284492440549215], [85.37320152300227, 28.28451340170578], [85.3731546511063, 28.28453151455456], [85.3731076184213, 28.28454932723518], [85.37306058572133, 28.284567139898915], [85.37301355300639, 28.284584952545742], [85.37296652027648, 28.284602765175677], [85.37291948753162, 28.284620577788704], [85.37287245477177, 28.28463839038485], [85.37282542199696, 28.284656202964094], [85.3727783892072, 28.28467401552644], [85.37273135640247, 28.28469182807189], [85.37268432358276, 28.284709640600447], [85.37263729074809, 28.2847274531121], [85.37259025789847, 28.284745265606865], [85.37254322503387, 28.284763078084715], [85.3724961921543, 28.28478089054569], [85.37244915925976, 28.284798702989757], [85.37240212635027, 28.284816515416924], [85.3723550934258, 28.284834327827195], [85.37230806048638, 28.284852140220575], [85.37226102753198, 28.284869952597063], [85.37221399456263, 28.28488776495664], [85.3721669615783, 28.284905577299323], [85.37211992857901, 28.284923389625114], [85.37207289556476, 28.284941201934004], [85.37202586253552, 28.284959014225997], [85.37197882949134, 28.284976826501094], [85.37193216524952, 28.284995295836698], [85.37188771984188, 28.285017718215723], [85.37184327441611, 28.28504014057943], [85.37179882897223, 28.28506256292783], [85.37175852495984, 28.28509035491542], [85.37171874931566, 28.285118831980416], [85.3716789736505, 28.28514730903284], [85.3716403, 28.2851769]]}, "properties": {"highway": "trunk", "ref": null, "name": null, "length_m": 185, "blocks": true}}, {"type": "Feature", "geometry": {"type": "LineString", "coordinates": [[85.3716403, 28.2851769], [85.3715733, 28.28523240000001]]}, "properties": {"highway": "trunk", "ref": null, "name": null, "length_m": 9, "blocks": false}}, {"type": "Feature", "geometry": {"type": "LineString", "coordinates": [[85.3777709, 28.279370999999998], [85.3777541625501, 28.279414175010047], [85.3777374250859, 28.27945735001723], [85.37772068760738, 28.279500525021533], [85.37770395011452, 28.279543700022963], [85.37768721260737, 28.27958687502153], [85.37767047508589, 28.279630050017225], [85.3776537375501, 28.279673225010054], [85.377637, 28.2797164]]}, "properties": {"highway": "trunk", "ref": null, "name": null, "length_m": 40, "blocks": true}}, {"type": "Feature", "geometry": {"type": "LineString", "coordinates": [[85.3778577, 28.279147900000005], [85.37784034003069, 28.279192520006163], [85.37782298004602, 28.279237140009254], [85.37780562004603, 28.279281760009248], [85.37778826003068, 28.279326380006168], [85.3777709, 28.279370999999998]]}, "properties": {"highway": "trunk", "ref": null, "name": null, "length_m": 26, "blocks": true}}, {"type": "Feature", "geometry": {"type": "LineString", "coordinates": [[85.3782131, 28.278268700000005], [85.37819533014658, 28.27831266003027], [85.37817756027775, 28.27835662005736], [85.37815979039348, 28.278400580081254], [85.37814202049377, 28.27844454010196], [85.37812425057865, 28.27848850011949], [85.37810648064809, 28.278532460133828], [85.37808871070209, 28.27857642014498], [85.37807094074066, 28.27862038015295], [85.3780531707638, 28.27866434015773], [85.37803540077152, 28.27870830015932], [85.37801763076381, 28.278752260157724], [85.37799986074066, 28.278796220152945], [85.37798209070209, 28.278840180144986], [85.37796432064809, 28.278884140133826], [85.37794655057864, 28.278928100119494], [85.37792878049378, 28.27897206010196], [85.37791101039349, 28.27901602008125], [85.37789324027774, 28.279059980057358], [85.37787547014659, 28.279103940030268], [85.3778577, 28.279147900000005]]}, "properties": {"highway": "primary", "ref": null, "name": null, "length_m": 103, "blocks": true}}]}